feature,coefficient,model,test_patient
time__mean__C3-P3,-0.01460572759596365,canonical330,chb01
time__std__C3-P3,0.3010179260983662,canonical330,chb01
time__rms__C3-P3,0.35141789368580295,canonical330,chb01
time__ptp__C3-P3,-0.6601007339485714,canonical330,chb01
time__line_length__C3-P3,1.6314969080682198,canonical330,chb01
time__mean__C4-P4,0.03835542815348566,canonical330,chb01
time__std__C4-P4,0.9244007048145421,canonical330,chb01
time__rms__C4-P4,0.8852158523131464,canonical330,chb01
time__ptp__C4-P4,0.24532668537332036,canonical330,chb01
time__line_length__C4-P4,-0.2826497145132991,canonical330,chb01
time__mean__CZ-PZ,0.05247871022544115,canonical330,chb01
time__std__CZ-PZ,0.9909223552842269,canonical330,chb01
time__rms__CZ-PZ,1.0336566032855814,canonical330,chb01
time__ptp__CZ-PZ,-0.843385005558914,canonical330,chb01
time__line_length__CZ-PZ,-0.3676419488016302,canonical330,chb01
time__mean__F3-C3,-0.057312871000266774,canonical330,chb01
time__std__F3-C3,-1.5125128586886591,canonical330,chb01
time__rms__F3-C3,-1.5532043556567976,canonical330,chb01
time__ptp__F3-C3,0.6943725954938686,canonical330,chb01
time__line_length__F3-C3,1.1641434404083357,canonical330,chb01
time__mean__F4-C4,0.011528853843608126,canonical330,chb01
time__std__F4-C4,-0.740109539023587,canonical330,chb01
time__rms__F4-C4,-0.48112633691721196,canonical330,chb01
time__ptp__F4-C4,0.44194113734494994,canonical330,chb01
time__line_length__F4-C4,-0.8305422633530909,canonical330,chb01
time__mean__F7-T7,-0.02289974028784622,canonical330,chb01
time__std__F7-T7,-0.6471060289684762,canonical330,chb01
time__rms__F7-T7,-0.6031862494671423,canonical330,chb01
time__ptp__F7-T7,-1.3248431180305453,canonical330,chb01
time__line_length__F7-T7,-1.0633166782918089,canonical330,chb01
time__mean__F8-T8,-0.022131528918959253,canonical330,chb01
time__std__F8-T8,-1.3541049419875524,canonical330,chb01
time__rms__F8-T8,-1.4348500893772445,canonical330,chb01
time__ptp__F8-T8,0.710157831546673,canonical330,chb01
time__line_length__F8-T8,-0.8370969787613074,canonical330,chb01
time__mean__FP1-F3,0.25582747652102655,canonical330,chb01
time__std__FP1-F3,0.08775269554543642,canonical330,chb01
time__rms__FP1-F3,0.12491548875742822,canonical330,chb01
time__ptp__FP1-F3,1.1535015158597177,canonical330,chb01
time__line_length__FP1-F3,-0.17224421057044392,canonical330,chb01
time__mean__FP1-F7,-0.23119852112818456,canonical330,chb01
time__std__FP1-F7,-0.5330835093587157,canonical330,chb01
time__rms__FP1-F7,-0.5484656133902752,canonical330,chb01
time__ptp__FP1-F7,-0.031660644841566284,canonical330,chb01
time__line_length__FP1-F7,1.644949760017428,canonical330,chb01
time__mean__FP2-F4,0.3045110618201118,canonical330,chb01
time__std__FP2-F4,0.039541780765796966,canonical330,chb01
time__rms__FP2-F4,0.25121575949355773,canonical330,chb01
time__ptp__FP2-F4,-0.8606999170066694,canonical330,chb01
time__line_length__FP2-F4,0.9715277691532536,canonical330,chb01
time__mean__FP2-F8,0.07120787527823663,canonical330,chb01
time__std__FP2-F8,-0.39676643328317923,canonical330,chb01
time__rms__FP2-F8,-0.20436406875340338,canonical330,chb01
time__ptp__FP2-F8,1.7863523447484584,canonical330,chb01
time__line_length__FP2-F8,-0.5561865779852749,canonical330,chb01
time__mean__FT10-T8,-0.06899570014137434,canonical330,chb01
time__std__FT10-T8,1.430310594536337,canonical330,chb01
time__rms__FT10-T8,1.3399418476168825,canonical330,chb01
time__ptp__FT10-T8,-0.884704967137906,canonical330,chb01
time__line_length__FT10-T8,1.2709208541025798,canonical330,chb01
time__mean__FT9-FT10,-0.3111407796439699,canonical330,chb01
time__std__FT9-FT10,0.2614607052823134,canonical330,chb01
time__rms__FT9-FT10,-0.08110521791687327,canonical330,chb01
time__ptp__FT9-FT10,-0.732648620939003,canonical330,chb01
time__line_length__FT9-FT10,5.329938004457798,canonical330,chb01
time__mean__FZ-CZ,0.08706065742148812,canonical330,chb01
time__std__FZ-CZ,0.4129677532458803,canonical330,chb01
time__rms__FZ-CZ,0.45255970016701585,canonical330,chb01
time__ptp__FZ-CZ,-0.8117029434501746,canonical330,chb01
time__line_length__FZ-CZ,0.14172756495385203,canonical330,chb01
time__mean__P3-O1,0.1532795614662098,canonical330,chb01
time__std__P3-O1,-1.6855291380546302,canonical330,chb01
time__rms__P3-O1,-1.7371996171654542,canonical330,chb01
time__ptp__P3-O1,1.3140373904474167,canonical330,chb01
time__line_length__P3-O1,-0.5313913232956061,canonical330,chb01
time__mean__P4-O2,-0.054236752742286336,canonical330,chb01
time__std__P4-O2,-0.0791883705951677,canonical330,chb01
time__rms__P4-O2,-0.16502704529583176,canonical330,chb01
time__ptp__P4-O2,0.15442453441229992,canonical330,chb01
time__line_length__P4-O2,-0.5410686345443749,canonical330,chb01
time__mean__P7-O1,0.04077348094328439,canonical330,chb01
time__std__P7-O1,1.085313848316465,canonical330,chb01
time__rms__P7-O1,0.94444841993858,canonical330,chb01
time__ptp__P7-O1,-2.389093943414361,canonical330,chb01
time__line_length__P7-O1,3.215150211132931,canonical330,chb01
time__mean__P7-T7,-0.09271895781880703,canonical330,chb01
time__std__P7-T7,1.1988922947595388,canonical330,chb01
time__rms__P7-T7,1.3575159677128665,canonical330,chb01
time__ptp__P7-T7,-0.10805163479573883,canonical330,chb01
time__line_length__P7-T7,-0.43834568576872246,canonical330,chb01
time__mean__P8-O2,-0.2868651484626737,canonical330,chb01
time__std__P8-O2,0.4766447923959875,canonical330,chb01
time__rms__P8-O2,0.41391936083378505,canonical330,chb01
time__ptp__P8-O2,-0.1328141495472014,canonical330,chb01
time__line_length__P8-O2,1.8032272195204768,canonical330,chb01
time__mean__T7-FT9,-0.19512205130105767,canonical330,chb01
time__std__T7-FT9,1.7241246374048158,canonical330,chb01
time__rms__T7-FT9,1.6690208634755948,canonical330,chb01
time__ptp__T7-FT9,-0.6882291894050464,canonical330,chb01
time__line_length__T7-FT9,-0.30348788904717766,canonical330,chb01
time__mean__T7-P7,0.09271895781881455,canonical330,chb01
time__std__T7-P7,1.198892294759529,canonical330,chb01
time__rms__T7-P7,1.35751596771282,canonical330,chb01
time__ptp__T7-P7,-0.1080516347955395,canonical330,chb01
time__line_length__T7-P7,-0.4383456857687228,canonical330,chb01
time__mean__T8-P8,-0.23615678697042922,canonical330,chb01
time__std__T8-P8,-0.15358886284801673,canonical330,chb01
time__rms__T8-P8,-0.2699454969091583,canonical330,chb01
time__ptp__T8-P8,-0.33479122729318134,canonical330,chb01
time__line_length__T8-P8,-0.08122560785330273,canonical330,chb01
freq__delta__C3-P3,0.7721586326406741,canonical330,chb01
freq__theta__C3-P3,0.736100863723913,canonical330,chb01
freq__alpha__C3-P3,-0.08434848670178736,canonical330,chb01
freq__beta__C3-P3,-0.37402542332902305,canonical330,chb01
freq__gamma__C3-P3,-0.7471687775994121,canonical330,chb01
freq__delta__C4-P4,-1.1518877928868856,canonical330,chb01
freq__theta__C4-P4,-0.3695594526789749,canonical330,chb01
freq__alpha__C4-P4,-0.9270404532889633,canonical330,chb01
freq__beta__C4-P4,-1.5060339498833817,canonical330,chb01
freq__gamma__C4-P4,-0.44275301541193274,canonical330,chb01
freq__delta__CZ-PZ,-0.6783683212392967,canonical330,chb01
freq__theta__CZ-PZ,-0.6904564975024605,canonical330,chb01
freq__alpha__CZ-PZ,0.1269073491464845,canonical330,chb01
freq__beta__CZ-PZ,0.03402255445408485,canonical330,chb01
freq__gamma__CZ-PZ,-0.4333990940738323,canonical330,chb01
freq__delta__F3-C3,-0.022850710304393007,canonical330,chb01
freq__theta__F3-C3,-1.701158808521544,canonical330,chb01
freq__alpha__F3-C3,1.3362855631081707,canonical330,chb01
freq__beta__F3-C3,1.0513387479936007,canonical330,chb01
freq__gamma__F3-C3,-0.8091476483365374,canonical330,chb01
freq__delta__F4-C4,-0.9266044935572305,canonical330,chb01
freq__theta__F4-C4,0.7714968323705336,canonical330,chb01
freq__alpha__F4-C4,0.5875427729450601,canonical330,chb01
freq__beta__F4-C4,0.2797266584999814,canonical330,chb01
freq__gamma__F4-C4,0.4880371749470308,canonical330,chb01
freq__delta__F7-T7,0.8329917159382394,canonical330,chb01
freq__theta__F7-T7,-0.20365391571934358,canonical330,chb01
freq__alpha__F7-T7,1.517922535078736,canonical330,chb01
freq__beta__F7-T7,2.9493370710156355,canonical330,chb01
freq__gamma__F7-T7,0.08378932573555303,canonical330,chb01
freq__delta__F8-T8,1.1389897397502007,canonical330,chb01
freq__theta__F8-T8,1.8465353347686804,canonical330,chb01
freq__alpha__F8-T8,1.7311189237780669,canonical330,chb01
freq__beta__F8-T8,1.5085689215398355,canonical330,chb01
freq__gamma__F8-T8,0.6168892187897056,canonical330,chb01
freq__delta__FP1-F3,0.689512047544611,canonical330,chb01
freq__theta__FP1-F3,-0.2652090852891403,canonical330,chb01
freq__alpha__FP1-F3,-0.2618726980141391,canonical330,chb01
freq__beta__FP1-F3,-1.844133804385754,canonical330,chb01
freq__gamma__FP1-F3,0.13740189667028915,canonical330,chb01
freq__delta__FP1-F7,-1.3097204322531268,canonical330,chb01
freq__theta__FP1-F7,0.5311648982494857,canonical330,chb01
freq__alpha__FP1-F7,0.39908912235930877,canonical330,chb01
freq__beta__FP1-F7,-4.036170995915813,canonical330,chb01
freq__gamma__FP1-F7,-0.3014283606743994,canonical330,chb01
freq__delta__FP2-F4,1.3473804554323092,canonical330,chb01
freq__theta__FP2-F4,-0.450759600190271,canonical330,chb01
freq__alpha__FP2-F4,0.4056905225383189,canonical330,chb01
freq__beta__FP2-F4,1.3528348915538293,canonical330,chb01
freq__gamma__FP2-F4,-0.21374363303500354,canonical330,chb01
freq__delta__FP2-F8,-0.8995596601520403,canonical330,chb01
freq__theta__FP2-F8,0.027085267614806587,canonical330,chb01
freq__alpha__FP2-F8,-0.8306681467306929,canonical330,chb01
freq__beta__FP2-F8,-2.2599415400648217,canonical330,chb01
freq__gamma__FP2-F8,0.5408898224016284,canonical330,chb01
freq__delta__FT10-T8,-0.8142325318005164,canonical330,chb01
freq__theta__FT10-T8,-0.5766156221533619,canonical330,chb01
freq__alpha__FT10-T8,-2.6493761981425217,canonical330,chb01
freq__beta__FT10-T8,-1.3401386479260307,canonical330,chb01
freq__gamma__FT10-T8,0.7714693109267611,canonical330,chb01
freq__delta__FT9-FT10,1.4193364318506623,canonical330,chb01
freq__theta__FT9-FT10,1.4613454722725456,canonical330,chb01
freq__alpha__FT9-FT10,2.70158720010944,canonical330,chb01
freq__beta__FT9-FT10,-0.11588503037121106,canonical330,chb01
freq__gamma__FT9-FT10,1.2004977606742078,canonical330,chb01
freq__delta__FZ-CZ,0.6336699498569505,canonical330,chb01
freq__theta__FZ-CZ,-1.6617789675053487,canonical330,chb01
freq__alpha__FZ-CZ,-0.08437234103290726,canonical330,chb01
freq__beta__FZ-CZ,0.9144744336758293,canonical330,chb01
freq__gamma__FZ-CZ,0.37180597009301763,canonical330,chb01
freq__delta__P3-O1,1.9257527401928816,canonical330,chb01
freq__theta__P3-O1,-0.10483825649191415,canonical330,chb01
freq__alpha__P3-O1,0.703693545879722,canonical330,chb01
freq__beta__P3-O1,0.8217622583495169,canonical330,chb01
freq__gamma__P3-O1,0.1636928569659123,canonical330,chb01
freq__delta__P4-O2,0.4868620832445874,canonical330,chb01
freq__theta__P4-O2,1.9466293361545244,canonical330,chb01
freq__alpha__P4-O2,0.195911271626184,canonical330,chb01
freq__beta__P4-O2,0.33620208516921934,canonical330,chb01
freq__gamma__P4-O2,-1.9035695435356423,canonical330,chb01
freq__delta__P7-O1,1.1866834245296063,canonical330,chb01
freq__theta__P7-O1,0.39645068021610463,canonical330,chb01
freq__alpha__P7-O1,2.2678381645959553,canonical330,chb01
freq__beta__P7-O1,-0.17123515948560822,canonical330,chb01
freq__gamma__P7-O1,-0.06082028509331987,canonical330,chb01
freq__delta__P7-T7,-1.1979560021407876,canonical330,chb01
freq__theta__P7-T7,1.7754322545675967,canonical330,chb01
freq__alpha__P7-T7,0.14774203957855625,canonical330,chb01
freq__beta__P7-T7,-1.365538847221758,canonical330,chb01
freq__gamma__P7-T7,-0.5151118601641131,canonical330,chb01
freq__delta__P8-O2,-0.6858513527432197,canonical330,chb01
freq__theta__P8-O2,1.1602429493280941,canonical330,chb01
freq__alpha__P8-O2,0.3095511518236245,canonical330,chb01
freq__beta__P8-O2,-2.0953966739385157,canonical330,chb01
freq__gamma__P8-O2,0.8792286187853241,canonical330,chb01
freq__delta__T7-FT9,-0.2710377132837521,canonical330,chb01
freq__theta__T7-FT9,-0.8143759802416539,canonical330,chb01
freq__alpha__T7-FT9,-1.3057578392946896,canonical330,chb01
freq__beta__T7-FT9,-2.832331244694205,canonical330,chb01
freq__gamma__T7-FT9,-0.09440958914178603,canonical330,chb01
freq__delta__T7-P7,-1.1979560021407838,canonical330,chb01
freq__theta__T7-P7,1.775432254567604,canonical330,chb01
freq__alpha__T7-P7,0.14774203957855417,canonical330,chb01
freq__beta__T7-P7,-1.3655388472217516,canonical330,chb01
freq__gamma__T7-P7,-0.5151118601641022,canonical330,chb01
freq__delta__T8-P8,0.41202433425860235,canonical330,chb01
freq__theta__T8-P8,0.08548587162645316,canonical330,chb01
freq__alpha__T8-P8,0.23713961750393958,canonical330,chb01
freq__beta__T8-P8,-0.5115840140106512,canonical330,chb01
freq__gamma__T8-P8,-2.1536034857760518,canonical330,chb01
entropy__perm__C3-P3,-0.16210589593888824,canonical330,chb01
entropy__spectral__C3-P3,0.3172781814867431,canonical330,chb01
entropy__perm__C4-P4,-0.3486148777906372,canonical330,chb01
entropy__spectral__C4-P4,0.4189412049409123,canonical330,chb01
entropy__perm__CZ-PZ,-1.595672735116625,canonical330,chb01
entropy__spectral__CZ-PZ,-0.4563540341223435,canonical330,chb01
entropy__perm__F3-C3,0.6770436063192922,canonical330,chb01
entropy__spectral__F3-C3,0.3082512518855186,canonical330,chb01
entropy__perm__F4-C4,-0.47374583923563846,canonical330,chb01
entropy__spectral__F4-C4,-0.022855756417393413,canonical330,chb01
entropy__perm__F7-T7,-1.4496153582257054,canonical330,chb01
entropy__spectral__F7-T7,0.16431402625861938,canonical330,chb01
entropy__perm__F8-T8,0.7324830501667597,canonical330,chb01
entropy__spectral__F8-T8,-0.04290134299017613,canonical330,chb01
entropy__perm__FP1-F3,1.1900872907064022,canonical330,chb01
entropy__spectral__FP1-F3,1.0351342859554755,canonical330,chb01
entropy__perm__FP1-F7,-1.0528983528180949,canonical330,chb01
entropy__spectral__FP1-F7,-2.3028032699492877,canonical330,chb01
entropy__perm__FP2-F4,-0.6034358747094234,canonical330,chb01
entropy__spectral__FP2-F4,0.3974433693989426,canonical330,chb01
entropy__perm__FP2-F8,0.11238912709717494,canonical330,chb01
entropy__spectral__FP2-F8,0.937757553730645,canonical330,chb01
entropy__perm__FT10-T8,-0.2781216207793968,canonical330,chb01
entropy__spectral__FT10-T8,0.3036342110743212,canonical330,chb01
entropy__perm__FT9-FT10,0.08577571372660586,canonical330,chb01
entropy__spectral__FT9-FT10,0.5099896669283002,canonical330,chb01
entropy__perm__FZ-CZ,-0.03861046794836185,canonical330,chb01
entropy__spectral__FZ-CZ,-0.09274468610176344,canonical330,chb01
entropy__perm__P3-O1,-0.26004937899146696,canonical330,chb01
entropy__spectral__P3-O1,0.13105505115019087,canonical330,chb01
entropy__perm__P4-O2,-0.7438501202862521,canonical330,chb01
entropy__spectral__P4-O2,0.8884715248748701,canonical330,chb01
entropy__perm__P7-O1,0.6632424733577441,canonical330,chb01
entropy__spectral__P7-O1,1.318574564256737,canonical330,chb01
entropy__perm__P7-T7,0.3085303829585966,canonical330,chb01
entropy__spectral__P7-T7,-0.24307202502126846,canonical330,chb01
entropy__perm__P8-O2,0.8405883039210633,canonical330,chb01
entropy__spectral__P8-O2,1.289512889927188,canonical330,chb01
entropy__perm__T7-FT9,-0.2089720247658712,canonical330,chb01
entropy__spectral__T7-FT9,-0.12300968081495343,canonical330,chb01
entropy__perm__T7-P7,0.3085303829585842,canonical330,chb01
entropy__spectral__T7-P7,-0.24307202502124522,canonical330,chb01
entropy__perm__T8-P8,1.0368636023046272,canonical330,chb01
entropy__spectral__T8-P8,-1.4719868009233452,canonical330,chb01
hjorth__activity__C3-P3,-1.3544424262164396,canonical330,chb01
hjorth__mobility__C3-P3,0.4177668762388537,canonical330,chb01
hjorth__complexity__C3-P3,0.4466495230048266,canonical330,chb01
hjorth__activity__C4-P4,-1.2442731303002983,canonical330,chb01
hjorth__mobility__C4-P4,0.6314751741068305,canonical330,chb01
hjorth__complexity__C4-P4,0.11259602512813233,canonical330,chb01
hjorth__activity__CZ-PZ,0.8460886074528737,canonical330,chb01
hjorth__mobility__CZ-PZ,1.5890208845777907,canonical330,chb01
hjorth__complexity__CZ-PZ,-0.21739831918561786,canonical330,chb01
hjorth__activity__F3-C3,0.8078260836350144,canonical330,chb01
hjorth__mobility__F3-C3,-0.5675834198303226,canonical330,chb01
hjorth__complexity__F3-C3,0.4366317005870619,canonical330,chb01
hjorth__activity__F4-C4,1.4281919076981355,canonical330,chb01
hjorth__mobility__F4-C4,-0.1111407945940573,canonical330,chb01
hjorth__complexity__F4-C4,-0.024135836603243768,canonical330,chb01
hjorth__activity__F7-T7,-0.004027765310055002,canonical330,chb01
hjorth__mobility__F7-T7,0.3834054999866731,canonical330,chb01
hjorth__complexity__F7-T7,1.3843686561105542,canonical330,chb01
hjorth__activity__F8-T8,0.13728947857138618,canonical330,chb01
hjorth__mobility__F8-T8,-1.30107069184379,canonical330,chb01
hjorth__complexity__F8-T8,0.4363170021370372,canonical330,chb01
hjorth__activity__FP1-F3,0.2965308774961657,canonical330,chb01
hjorth__mobility__FP1-F3,0.03812842764449813,canonical330,chb01
hjorth__complexity__FP1-F3,-0.21219309239941678,canonical330,chb01
hjorth__activity__FP1-F7,0.04644558456269131,canonical330,chb01
hjorth__mobility__FP1-F7,1.4175833429749032,canonical330,chb01
hjorth__complexity__FP1-F7,-0.11344442985801392,canonical330,chb01
hjorth__activity__FP2-F4,0.0340176411237641,canonical330,chb01
hjorth__mobility__FP2-F4,-0.4193153927186222,canonical330,chb01
hjorth__complexity__FP2-F4,0.0027386250439499433,canonical330,chb01
hjorth__activity__FP2-F8,-0.9876311329245817,canonical330,chb01
hjorth__mobility__FP2-F8,-1.3954630506398693,canonical330,chb01
hjorth__complexity__FP2-F8,-0.49833186760214015,canonical330,chb01
hjorth__activity__FT10-T8,-2.0841179278582764,canonical330,chb01
hjorth__mobility__FT10-T8,-0.016449886032322267,canonical330,chb01
hjorth__complexity__FT10-T8,-0.11418752918950846,canonical330,chb01
hjorth__activity__FT9-FT10,-3.225412838328246,canonical330,chb01
hjorth__mobility__FT9-FT10,-2.6096015957207497,canonical330,chb01
hjorth__complexity__FT9-FT10,-0.052912162338943844,canonical330,chb01
hjorth__activity__FZ-CZ,0.4557298307127332,canonical330,chb01
hjorth__mobility__FZ-CZ,-0.5745756995217288,canonical330,chb01
hjorth__complexity__FZ-CZ,0.5224667479984523,canonical330,chb01
hjorth__activity__P3-O1,-1.7063021144467565,canonical330,chb01
hjorth__mobility__P3-O1,0.14130512218869848,canonical330,chb01
hjorth__complexity__P3-O1,0.48740392768519836,canonical330,chb01
hjorth__activity__P4-O2,-0.7312582347508909,canonical330,chb01
hjorth__mobility__P4-O2,-0.17996080159435696,canonical330,chb01
hjorth__complexity__P4-O2,0.529233050256611,canonical330,chb01
hjorth__activity__P7-O1,-2.1130694087319633,canonical330,chb01
hjorth__mobility__P7-O1,-3.1462930360909263,canonical330,chb01
hjorth__complexity__P7-O1,-0.24968231022885098,canonical330,chb01
hjorth__activity__P7-T7,-0.8803267661326041,canonical330,chb01
hjorth__mobility__P7-T7,0.750881023616818,canonical330,chb01
hjorth__complexity__P7-T7,0.36030095592550443,canonical330,chb01
hjorth__activity__P8-O2,-0.28813803859659765,canonical330,chb01
hjorth__mobility__P8-O2,-0.9826023683601085,canonical330,chb01
hjorth__complexity__P8-O2,0.2657795933660861,canonical330,chb01
hjorth__activity__T7-FT9,-1.6763852966073098,canonical330,chb01
hjorth__mobility__T7-FT9,1.1983457453310897,canonical330,chb01
hjorth__complexity__T7-FT9,-0.8195665935230633,canonical330,chb01
hjorth__activity__T7-P7,-0.8803267661326245,canonical330,chb01
hjorth__mobility__T7-P7,0.7508810236168275,canonical330,chb01
hjorth__complexity__T7-P7,0.3603009559254745,canonical330,chb01
hjorth__activity__T8-P8,-0.07978849535607317,canonical330,chb01
hjorth__mobility__T8-P8,1.5232907137290062,canonical330,chb01
hjorth__complexity__T8-P8,-0.5519341936708307,canonical330,chb01
time__mean__C3-P3,0.07223856529050862,canonical330,chb02
time__std__C3-P3,-0.39127900263817034,canonical330,chb02
time__rms__C3-P3,-0.2812486675868343,canonical330,chb02
time__ptp__C3-P3,0.12485340199228177,canonical330,chb02
time__line_length__C3-P3,1.057814162051964,canonical330,chb02
time__mean__C4-P4,-0.10034237217154846,canonical330,chb02
time__std__C4-P4,-0.1661266179202716,canonical330,chb02
time__rms__C4-P4,-0.1339410512575459,canonical330,chb02
time__ptp__C4-P4,0.04514111786687316,canonical330,chb02
time__line_length__C4-P4,-0.9340093180698319,canonical330,chb02
time__mean__CZ-PZ,0.09105296419346287,canonical330,chb02
time__std__CZ-PZ,0.7040901374349339,canonical330,chb02
time__rms__CZ-PZ,0.7394278563390704,canonical330,chb02
time__ptp__CZ-PZ,-0.7468892444146282,canonical330,chb02
time__line_length__CZ-PZ,0.06345780434067307,canonical330,chb02
time__mean__F3-C3,-0.21086826053986554,canonical330,chb02
time__std__F3-C3,-0.7221227741927604,canonical330,chb02
time__rms__F3-C3,-0.7487430809193939,canonical330,chb02
time__ptp__F3-C3,0.7708878032041722,canonical330,chb02
time__line_length__F3-C3,0.8169992044222114,canonical330,chb02
time__mean__F4-C4,-0.08352714550947071,canonical330,chb02
time__std__F4-C4,0.027836719328844215,canonical330,chb02
time__rms__F4-C4,0.1655940084034612,canonical330,chb02
time__ptp__F4-C4,0.5961474776619308,canonical330,chb02
time__line_length__F4-C4,0.30577547056155496,canonical330,chb02
time__mean__F7-T7,-0.02438709516317317,canonical330,chb02
time__std__F7-T7,-0.5189978544513203,canonical330,chb02
time__rms__F7-T7,-0.504911987369789,canonical330,chb02
time__ptp__F7-T7,-1.145112906763434,canonical330,chb02
time__line_length__F7-T7,-0.8271136241553878,canonical330,chb02
time__mean__F8-T8,0.20666153505733256,canonical330,chb02
time__std__F8-T8,-1.7092491209444185,canonical330,chb02
time__rms__F8-T8,-1.7487852845972114,canonical330,chb02
time__ptp__F8-T8,0.46895956284893353,canonical330,chb02
time__line_length__F8-T8,-0.25505338170922787,canonical330,chb02
time__mean__FP1-F3,0.20854897225792465,canonical330,chb02
time__std__FP1-F3,0.13293304709410178,canonical330,chb02
time__rms__FP1-F3,0.08450469290602233,canonical330,chb02
time__ptp__FP1-F3,0.9752059494473615,canonical330,chb02
time__line_length__FP1-F3,-0.5164698767286799,canonical330,chb02
time__mean__FP1-F7,-0.19557764013203502,canonical330,chb02
time__std__FP1-F7,0.3564540699639637,canonical330,chb02
time__rms__FP1-F7,0.3203466137539795,canonical330,chb02
time__ptp__FP1-F7,-0.5453333418504211,canonical330,chb02
time__line_length__FP1-F7,1.744116857842504,canonical330,chb02
time__mean__FP2-F4,0.1995205238481606,canonical330,chb02
time__std__FP2-F4,-1.2825829715302095,canonical330,chb02
time__rms__FP2-F4,-1.2863590173456039,canonical330,chb02
time__ptp__FP2-F4,0.10317487309814086,canonical330,chb02
time__line_length__FP2-F4,0.5411423924005193,canonical330,chb02
time__mean__FP2-F8,0.03816793833013555,canonical330,chb02
time__std__FP2-F8,-0.18391996689309822,canonical330,chb02
time__rms__FP2-F8,-0.16288936233355436,canonical330,chb02
time__ptp__FP2-F8,1.438811869055445,canonical330,chb02
time__line_length__FP2-F8,0.6717409749172135,canonical330,chb02
time__mean__FT10-T8,-0.4461744462578215,canonical330,chb02
time__std__FT10-T8,1.4268718780074305,canonical330,chb02
time__rms__FT10-T8,1.4165672601432664,canonical330,chb02
time__ptp__FT10-T8,-0.5976495090219368,canonical330,chb02
time__line_length__FT10-T8,2.1964452881151613,canonical330,chb02
time__mean__FT9-FT10,-0.46758722249227247,canonical330,chb02
time__std__FT9-FT10,0.5225602193499569,canonical330,chb02
time__rms__FT9-FT10,0.19786165335600384,canonical330,chb02
time__ptp__FT9-FT10,-1.7248928428992978,canonical330,chb02
time__line_length__FT9-FT10,5.277849592777517,canonical330,chb02
time__mean__FZ-CZ,0.14435689966657478,canonical330,chb02
time__std__FZ-CZ,0.6347369407115532,canonical330,chb02
time__rms__FZ-CZ,0.64703948858294,canonical330,chb02
time__ptp__FZ-CZ,-0.9098395077930707,canonical330,chb02
time__line_length__FZ-CZ,2.055457617483824,canonical330,chb02
time__mean__P3-O1,0.15715845472955933,canonical330,chb02
time__std__P3-O1,-2.1632807607931808,canonical330,chb02
time__rms__P3-O1,-2.2201316222043657,canonical330,chb02
time__ptp__P3-O1,1.0825555408435772,canonical330,chb02
time__line_length__P3-O1,-1.9909363895926389,canonical330,chb02
time__mean__P4-O2,-0.06995713193379409,canonical330,chb02
time__std__P4-O2,0.06542435590460825,canonical330,chb02
time__rms__P4-O2,-0.07164388490333139,canonical330,chb02
time__ptp__P4-O2,0.11114988510266022,canonical330,chb02
time__line_length__P4-O2,-0.3745789396259968,canonical330,chb02
time__mean__P7-O1,0.23835696566968265,canonical330,chb02
time__std__P7-O1,1.9681383104116,canonical330,chb02
time__rms__P7-O1,1.8721354070437142,canonical330,chb02
time__ptp__P7-O1,-2.0221913037660664,canonical330,chb02
time__line_length__P7-O1,2.701025435263872,canonical330,chb02
time__mean__P7-T7,-0.09044533174051335,canonical330,chb02
time__std__P7-T7,0.6006798972069904,canonical330,chb02
time__rms__P7-T7,0.7080276021955062,canonical330,chb02
time__ptp__P7-T7,0.10235689961976835,canonical330,chb02
time__line_length__P7-T7,-0.8257842474790048,canonical330,chb02
time__mean__P8-O2,-0.4153759165143794,canonical330,chb02
time__std__P8-O2,0.2923177232801833,canonical330,chb02
time__rms__P8-O2,0.18275733070904626,canonical330,chb02
time__ptp__P8-O2,-0.26510387463442564,canonical330,chb02
time__line_length__P8-O2,2.6908588714282766,canonical330,chb02
time__mean__T7-FT9,-0.4757921058781766,canonical330,chb02
time__std__T7-FT9,1.0307578466726395,canonical330,chb02
time__rms__T7-FT9,1.0284042052270348,canonical330,chb02
time__ptp__T7-FT9,-1.04951331809915,canonical330,chb02
time__line_length__T7-FT9,0.5366142466369456,canonical330,chb02
time__mean__T7-P7,0.0904453317404923,canonical330,chb02
time__std__T7-P7,0.6006798972069815,canonical330,chb02
time__rms__T7-P7,0.7080276021954954,canonical330,chb02
time__ptp__T7-P7,0.1023568996198361,canonical330,chb02
time__line_length__T7-P7,-0.8257842474790063,canonical330,chb02
time__mean__T8-P8,-0.19584731934369867,canonical330,chb02
time__std__T8-P8,0.061425444261400876,canonical330,chb02
time__rms__T8-P8,0.014762880391063155,canonical330,chb02
time__ptp__T8-P8,0.17513498837032046,canonical330,chb02
time__line_length__T8-P8,0.11925332841567322,canonical330,chb02
freq__delta__C3-P3,0.6290007079758456,canonical330,chb02
freq__theta__C3-P3,0.8234388195743162,canonical330,chb02
freq__alpha__C3-P3,-1.435179912406059,canonical330,chb02
freq__beta__C3-P3,0.6933567148550887,canonical330,chb02
freq__gamma__C3-P3,-0.334115877840029,canonical330,chb02
freq__delta__C4-P4,0.04828105294806195,canonical330,chb02
freq__theta__C4-P4,-0.8743334677230714,canonical330,chb02
freq__alpha__C4-P4,-1.1831502005598076,canonical330,chb02
freq__beta__C4-P4,-0.44904142114047607,canonical330,chb02
freq__gamma__C4-P4,0.22240763305996672,canonical330,chb02
freq__delta__CZ-PZ,-0.7389193697389765,canonical330,chb02
freq__theta__CZ-PZ,-0.92056279775615,canonical330,chb02
freq__alpha__CZ-PZ,0.21777262056967941,canonical330,chb02
freq__beta__CZ-PZ,-0.07116746303419867,canonical330,chb02
freq__gamma__CZ-PZ,-0.32997985623223036,canonical330,chb02
freq__delta__F3-C3,-0.3681247335651678,canonical330,chb02
freq__theta__F3-C3,-1.828467154526809,canonical330,chb02
freq__alpha__F3-C3,0.8243681202864486,canonical330,chb02
freq__beta__F3-C3,0.5596699801620306,canonical330,chb02
freq__gamma__F3-C3,-1.0893008186764048,canonical330,chb02
freq__delta__F4-C4,-1.5157971434431325,canonical330,chb02
freq__theta__F4-C4,1.12518058388249,canonical330,chb02
freq__alpha__F4-C4,1.0861456268524965,canonical330,chb02
freq__beta__F4-C4,0.30627181569990997,canonical330,chb02
freq__gamma__F4-C4,-0.2702431175051183,canonical330,chb02
freq__delta__F7-T7,1.2239696138145764,canonical330,chb02
freq__theta__F7-T7,0.44581527333850907,canonical330,chb02
freq__alpha__F7-T7,2.126392832723183,canonical330,chb02
freq__beta__F7-T7,1.9400740914821906,canonical330,chb02
freq__gamma__F7-T7,-0.05963053218868948,canonical330,chb02
freq__delta__F8-T8,1.3041625287748801,canonical330,chb02
freq__theta__F8-T8,1.2630283272509528,canonical330,chb02
freq__alpha__F8-T8,2.1886764636279024,canonical330,chb02
freq__beta__F8-T8,0.45953895652310167,canonical330,chb02
freq__gamma__F8-T8,-0.09205471275810302,canonical330,chb02
freq__delta__FP1-F3,0.5646451757737918,canonical330,chb02
freq__theta__FP1-F3,0.01112366439242913,canonical330,chb02
freq__alpha__FP1-F3,-0.9825477975759627,canonical330,chb02
freq__beta__FP1-F3,-1.0184606166233476,canonical330,chb02
freq__gamma__FP1-F3,-0.023430628459252863,canonical330,chb02
freq__delta__FP1-F7,-1.4204617925894203,canonical330,chb02
freq__theta__FP1-F7,0.5945102848455145,canonical330,chb02
freq__alpha__FP1-F7,2.3853703743436503,canonical330,chb02
freq__beta__FP1-F7,-2.8418111389755025,canonical330,chb02
freq__gamma__FP1-F7,-0.6712687680463982,canonical330,chb02
freq__delta__FP2-F4,1.8761181562875409,canonical330,chb02
freq__theta__FP2-F4,-0.05162862306910012,canonical330,chb02
freq__alpha__FP2-F4,-0.4358114273686929,canonical330,chb02
freq__beta__FP2-F4,1.178237447453776,canonical330,chb02
freq__gamma__FP2-F4,-0.34380739473087063,canonical330,chb02
freq__delta__FP2-F8,-0.8714915834651594,canonical330,chb02
freq__theta__FP2-F8,-0.6805214663533643,canonical330,chb02
freq__alpha__FP2-F8,-1.1750563084119432,canonical330,chb02
freq__beta__FP2-F8,-1.5683001338787304,canonical330,chb02
freq__gamma__FP2-F8,0.9301048243959462,canonical330,chb02
freq__delta__FT10-T8,-1.1777562318712507,canonical330,chb02
freq__theta__FT10-T8,-0.09015750604789184,canonical330,chb02
freq__alpha__FT10-T8,-1.8415193871125812,canonical330,chb02
freq__beta__FT10-T8,-1.611671046488175,canonical330,chb02
freq__gamma__FT10-T8,0.47351139402085013,canonical330,chb02
freq__delta__FT9-FT10,1.2315777549238287,canonical330,chb02
freq__theta__FT9-FT10,0.3831625488665543,canonical330,chb02
freq__alpha__FT9-FT10,3.317821375830348,canonical330,chb02
freq__beta__FT9-FT10,-0.3057507320578293,canonical330,chb02
freq__gamma__FT9-FT10,-0.4487075535650098,canonical330,chb02
freq__delta__FZ-CZ,0.7221204794014826,canonical330,chb02
freq__theta__FZ-CZ,-1.6924532014892675,canonical330,chb02
freq__alpha__FZ-CZ,0.7192368957110427,canonical330,chb02
freq__beta__FZ-CZ,1.218795122334808,canonical330,chb02
freq__gamma__FZ-CZ,-0.9634285359033213,canonical330,chb02
freq__delta__P3-O1,1.3245970709032695,canonical330,chb02
freq__theta__P3-O1,-0.9988216098322502,canonical330,chb02
freq__alpha__P3-O1,1.5118352120619065,canonical330,chb02
freq__beta__P3-O1,2.079642448532608,canonical330,chb02
freq__gamma__P3-O1,-0.09862172532013022,canonical330,chb02
freq__delta__P4-O2,0.5315918649210063,canonical330,chb02
freq__theta__P4-O2,1.0468755005346795,canonical330,chb02
freq__alpha__P4-O2,0.4175478952816631,canonical330,chb02
freq__beta__P4-O2,-0.04953493925467496,canonical330,chb02
freq__gamma__P4-O2,-0.8424378001726849,canonical330,chb02
freq__delta__P7-O1,1.0855408167443303,canonical330,chb02
freq__theta__P7-O1,-0.7803413143577888,canonical330,chb02
freq__alpha__P7-O1,0.5575092508347101,canonical330,chb02
freq__beta__P7-O1,-0.13910846544048083,canonical330,chb02
freq__gamma__P7-O1,0.20639779334965594,canonical330,chb02
freq__delta__P7-T7,-0.5119349654822148,canonical330,chb02
freq__theta__P7-T7,0.8663700520302748,canonical330,chb02
freq__alpha__P7-T7,-0.27682605011161926,canonical330,chb02
freq__beta__P7-T7,-1.115096475490601,canonical330,chb02
freq__gamma__P7-T7,0.06898181239199881,canonical330,chb02
freq__delta__P8-O2,0.05280729874653896,canonical330,chb02
freq__theta__P8-O2,0.3081691391615991,canonical330,chb02
freq__alpha__P8-O2,0.1419523214045516,canonical330,chb02
freq__beta__P8-O2,-1.3284243516136396,canonical330,chb02
freq__gamma__P8-O2,0.5099502355590311,canonical330,chb02
freq__delta__T7-FT9,-0.16910964662264774,canonical330,chb02
freq__theta__T7-FT9,0.35939492867618084,canonical330,chb02
freq__alpha__T7-FT9,-1.0983921928518905,canonical330,chb02
freq__beta__T7-FT9,-2.187007298072072,canonical330,chb02
freq__gamma__T7-FT9,-0.16859652354969978,canonical330,chb02
freq__delta__T7-P7,-0.5119349654822999,canonical330,chb02
freq__theta__T7-P7,0.8663700520302551,canonical330,chb02
freq__alpha__T7-P7,-0.27682605011161376,canonical330,chb02
freq__beta__T7-P7,-1.1150964754905968,canonical330,chb02
freq__gamma__T7-P7,0.06898181239199351,canonical330,chb02
freq__delta__T8-P8,0.31953221258718756,canonical330,chb02
freq__theta__T8-P8,1.0013307765510313,canonical330,chb02
freq__alpha__T8-P8,-0.37719770867009444,canonical330,chb02
freq__beta__T8-P8,-1.6674853204110565,canonical330,chb02
freq__gamma__T8-P8,-1.7907939310956362,canonical330,chb02
entropy__perm__C3-P3,0.18391001879832225,canonical330,chb02
entropy__spectral__C3-P3,0.5518977913982096,canonical330,chb02
entropy__perm__C4-P4,-0.3972879299532029,canonical330,chb02
entropy__spectral__C4-P4,0.270807193433545,canonical330,chb02
entropy__perm__CZ-PZ,-1.7627924298598758,canonical330,chb02
entropy__spectral__CZ-PZ,-0.18830815052697458,canonical330,chb02
entropy__perm__F3-C3,1.1859151563095958,canonical330,chb02
entropy__spectral__F3-C3,0.4209037739482438,canonical330,chb02
entropy__perm__F4-C4,-1.3928220848036734,canonical330,chb02
entropy__spectral__F4-C4,0.013810410768594489,canonical330,chb02
entropy__perm__F7-T7,-0.23406868161749828,canonical330,chb02
entropy__spectral__F7-T7,-0.27431937636124915,canonical330,chb02
entropy__perm__F8-T8,-0.3825077489208327,canonical330,chb02
entropy__spectral__F8-T8,0.15132768089231327,canonical330,chb02
entropy__perm__FP1-F3,0.8210818383925708,canonical330,chb02
entropy__spectral__FP1-F3,0.7996172155907904,canonical330,chb02
entropy__perm__FP1-F7,-0.6721946809521225,canonical330,chb02
entropy__spectral__FP1-F7,-1.588555699731475,canonical330,chb02
entropy__perm__FP2-F4,-0.6822902358396217,canonical330,chb02
entropy__spectral__FP2-F4,-0.35514652280217224,canonical330,chb02
entropy__perm__FP2-F8,0.15344896018280474,canonical330,chb02
entropy__spectral__FP2-F8,0.26231095518824493,canonical330,chb02
entropy__perm__FT10-T8,-0.146530447673257,canonical330,chb02
entropy__spectral__FT10-T8,0.8455830172230477,canonical330,chb02
entropy__perm__FT9-FT10,-0.2012574136943582,canonical330,chb02
entropy__spectral__FT9-FT10,0.4912677291039543,canonical330,chb02
entropy__perm__FZ-CZ,0.42956248767423744,canonical330,chb02
entropy__spectral__FZ-CZ,0.5393599559416155,canonical330,chb02
entropy__perm__P3-O1,-0.675296703006555,canonical330,chb02
entropy__spectral__P3-O1,-0.3452221821935139,canonical330,chb02
entropy__perm__P4-O2,-0.6311601983365102,canonical330,chb02
entropy__spectral__P4-O2,1.2259217078627225,canonical330,chb02
entropy__perm__P7-O1,1.1231032528479468,canonical330,chb02
entropy__spectral__P7-O1,1.3610372131075192,canonical330,chb02
entropy__perm__P7-T7,-0.05989225133412617,canonical330,chb02
entropy__spectral__P7-T7,-0.3090735402901267,canonical330,chb02
entropy__perm__P8-O2,0.4928534155249442,canonical330,chb02
entropy__spectral__P8-O2,1.3531103541053873,canonical330,chb02
entropy__perm__T7-FT9,-0.9510577913349441,canonical330,chb02
entropy__spectral__T7-FT9,-0.2952090968053832,canonical330,chb02
entropy__perm__T7-P7,-0.059892251334112,canonical330,chb02
entropy__spectral__T7-P7,-0.3090735402901022,canonical330,chb02
entropy__perm__T8-P8,1.8970821325616132,canonical330,chb02
entropy__spectral__T8-P8,-0.8992399698486137,canonical330,chb02
hjorth__activity__C3-P3,-0.337973488173251,canonical330,chb02
hjorth__mobility__C3-P3,0.27531367752422337,canonical330,chb02
hjorth__complexity__C3-P3,0.4306805299689344,canonical330,chb02
hjorth__activity__C4-P4,0.43600801626014,canonical330,chb02
hjorth__mobility__C4-P4,0.8316899267480287,canonical330,chb02
hjorth__complexity__C4-P4,0.7263832618102063,canonical330,chb02
hjorth__activity__CZ-PZ,1.115940829832848,canonical330,chb02
hjorth__mobility__CZ-PZ,1.2505622578850717,canonical330,chb02
hjorth__complexity__CZ-PZ,0.03218399840928015,canonical330,chb02
hjorth__activity__F3-C3,0.2787999171895268,canonical330,chb02
hjorth__mobility__F3-C3,-0.4636821751386743,canonical330,chb02
hjorth__complexity__F3-C3,0.4775266589859746,canonical330,chb02
hjorth__activity__F4-C4,0.34718241178843434,canonical330,chb02
hjorth__mobility__F4-C4,-0.048035406772284565,canonical330,chb02
hjorth__complexity__F4-C4,-0.25461130674978594,canonical330,chb02
hjorth__activity__F7-T7,-0.5332986366270122,canonical330,chb02
hjorth__mobility__F7-T7,0.9649901275556607,canonical330,chb02
hjorth__complexity__F7-T7,1.2333632218795687,canonical330,chb02
hjorth__activity__F8-T8,0.23084343280118438,canonical330,chb02
hjorth__mobility__F8-T8,-0.8762653790065509,canonical330,chb02
hjorth__complexity__F8-T8,0.582021221659285,canonical330,chb02
hjorth__activity__FP1-F3,0.24223794136074892,canonical330,chb02
hjorth__mobility__FP1-F3,0.80671690241421,canonical330,chb02
hjorth__complexity__FP1-F3,-0.18000355260593984,canonical330,chb02
hjorth__activity__FP1-F7,-0.4541097697108407,canonical330,chb02
hjorth__mobility__FP1-F7,1.0315067663785857,canonical330,chb02
hjorth__complexity__FP1-F7,0.2076018831752707,canonical330,chb02
hjorth__activity__FP2-F4,0.023529533736174904,canonical330,chb02
hjorth__mobility__FP2-F4,-0.5506691386996699,canonical330,chb02
hjorth__complexity__FP2-F4,-0.011092626029687884,canonical330,chb02
hjorth__activity__FP2-F8,-0.1780708811352531,canonical330,chb02
hjorth__mobility__FP2-F8,-0.8105753302797389,canonical330,chb02
hjorth__complexity__FP2-F8,-0.3046627731513091,canonical330,chb02
hjorth__activity__FT10-T8,-0.7396509166591811,canonical330,chb02
hjorth__mobility__FT10-T8,-0.6120804759610973,canonical330,chb02
hjorth__complexity__FT10-T8,-0.23506916199001207,canonical330,chb02
hjorth__activity__FT9-FT10,-1.25824521988731,canonical330,chb02
hjorth__mobility__FT9-FT10,-1.2693515759116456,canonical330,chb02
hjorth__complexity__FT9-FT10,-0.17038313992584786,canonical330,chb02
hjorth__activity__FZ-CZ,-0.6075823345237896,canonical330,chb02
hjorth__mobility__FZ-CZ,-0.5306954211444439,canonical330,chb02
hjorth__complexity__FZ-CZ,0.6202318460554644,canonical330,chb02
hjorth__activity__P3-O1,-0.5963980103706819,canonical330,chb02
hjorth__mobility__P3-O1,0.5050078946624156,canonical330,chb02
hjorth__complexity__P3-O1,0.8234048525108123,canonical330,chb02
hjorth__activity__P4-O2,-0.66657260253655,canonical330,chb02
hjorth__mobility__P4-O2,-0.6039877549245253,canonical330,chb02
hjorth__complexity__P4-O2,0.43372178422634117,canonical330,chb02
hjorth__activity__P7-O1,-2.101799122189074,canonical330,chb02
hjorth__mobility__P7-O1,-2.4905357652915723,canonical330,chb02
hjorth__complexity__P7-O1,-0.4226961956758875,canonical330,chb02
hjorth__activity__P7-T7,0.00079751296873055,canonical330,chb02
hjorth__mobility__P7-T7,-0.13398002549174529,canonical330,chb02
hjorth__complexity__P7-T7,-0.11588610799157645,canonical330,chb02
hjorth__activity__P8-O2,-0.7608802430456137,canonical330,chb02
hjorth__mobility__P8-O2,-0.9486397428545564,canonical330,chb02
hjorth__complexity__P8-O2,0.5360083691195666,canonical330,chb02
hjorth__activity__T7-FT9,-1.044088471707621,canonical330,chb02
hjorth__mobility__T7-FT9,0.8793532560359119,canonical330,chb02
hjorth__complexity__T7-FT9,-0.17008864085645753,canonical330,chb02
hjorth__activity__T7-P7,0.0007975129687450267,canonical330,chb02
hjorth__mobility__T7-P7,-0.13398002549174276,canonical330,chb02
hjorth__complexity__T7-P7,-0.11588610799154864,canonical330,chb02
hjorth__activity__T8-P8,-0.1595999054220387,canonical330,chb02
hjorth__mobility__T8-P8,0.6086001968126584,canonical330,chb02
hjorth__complexity__T8-P8,-0.6803135682369975,canonical330,chb02
time__mean__C3-P3,-0.08126286313012823,canonical330,chb03
time__std__C3-P3,0.17796906562756615,canonical330,chb03
time__rms__C3-P3,0.2465812625798315,canonical330,chb03
time__ptp__C3-P3,-0.15873274891055356,canonical330,chb03
time__line_length__C3-P3,0.9615985412536022,canonical330,chb03
time__mean__C4-P4,0.029591041059359592,canonical330,chb03
time__std__C4-P4,0.9096227071224462,canonical330,chb03
time__rms__C4-P4,0.9171996819509144,canonical330,chb03
time__ptp__C4-P4,-1.1378472919811062,canonical330,chb03
time__line_length__C4-P4,-0.5923464320283639,canonical330,chb03
time__mean__CZ-PZ,0.045858227277164446,canonical330,chb03
time__std__CZ-PZ,0.6983253208687809,canonical330,chb03
time__rms__CZ-PZ,0.7321080701715267,canonical330,chb03
time__ptp__CZ-PZ,-0.9885431026783631,canonical330,chb03
time__line_length__CZ-PZ,1.5498295279396144,canonical330,chb03
time__mean__F3-C3,-0.16367248388689473,canonical330,chb03
time__std__F3-C3,-1.5598908330027184,canonical330,chb03
time__rms__F3-C3,-1.592725322094321,canonical330,chb03
time__ptp__F3-C3,0.5203256194550362,canonical330,chb03
time__line_length__F3-C3,0.6794867858657512,canonical330,chb03
time__mean__F4-C4,0.08592340416457953,canonical330,chb03
time__std__F4-C4,-1.1542260118970458,canonical330,chb03
time__rms__F4-C4,-1.0084210626846395,canonical330,chb03
time__ptp__F4-C4,1.1862768946346849,canonical330,chb03
time__line_length__F4-C4,1.3959202378400613,canonical330,chb03
time__mean__F7-T7,-0.15006778359785797,canonical330,chb03
time__std__F7-T7,-0.1398964362375067,canonical330,chb03
time__rms__F7-T7,-0.15686677627768053,canonical330,chb03
time__ptp__F7-T7,-1.3306840911476716,canonical330,chb03
time__line_length__F7-T7,-1.4544904067019833,canonical330,chb03
time__mean__F8-T8,0.18236497838535856,canonical330,chb03
time__std__F8-T8,-0.6952311852346699,canonical330,chb03
time__rms__F8-T8,-0.7653944454613336,canonical330,chb03
time__ptp__F8-T8,0.36527615094903154,canonical330,chb03
time__line_length__F8-T8,0.5802851073954258,canonical330,chb03
time__mean__FP1-F3,0.17328216632573043,canonical330,chb03
time__std__FP1-F3,0.4122528738503274,canonical330,chb03
time__rms__FP1-F3,0.3800432733798982,canonical330,chb03
time__ptp__FP1-F3,0.7480790820818953,canonical330,chb03
time__line_length__FP1-F3,-1.3071969312143636,canonical330,chb03
time__mean__FP1-F7,-0.163088540427055,canonical330,chb03
time__std__FP1-F7,0.6903825224482874,canonical330,chb03
time__rms__FP1-F7,0.7021233387871606,canonical330,chb03
time__ptp__FP1-F7,-0.2992556661992712,canonical330,chb03
time__line_length__FP1-F7,1.0059478594714477,canonical330,chb03
time__mean__FP2-F4,0.31184470564169614,canonical330,chb03
time__std__FP2-F4,-0.6957725894249401,canonical330,chb03
time__rms__FP2-F4,-0.5505409138975506,canonical330,chb03
time__ptp__FP2-F4,0.15740271905680284,canonical330,chb03
time__line_length__FP2-F4,-1.2711279673335385,canonical330,chb03
time__mean__FP2-F8,0.20707680401795264,canonical330,chb03
time__std__FP2-F8,-0.07087631095409042,canonical330,chb03
time__rms__FP2-F8,0.026328986111221756,canonical330,chb03
time__ptp__FP2-F8,0.9078100153704652,canonical330,chb03
time__line_length__FP2-F8,1.2879038712749875,canonical330,chb03
time__mean__FT10-T8,-0.4447586208133557,canonical330,chb03
time__std__FT10-T8,1.2221045976517655,canonical330,chb03
time__rms__FT10-T8,1.2003126637658217,canonical330,chb03
time__ptp__FT10-T8,-0.2455767502327211,canonical330,chb03
time__line_length__FT10-T8,0.3590227565042449,canonical330,chb03
time__mean__FT9-FT10,-0.4031547330240262,canonical330,chb03
time__std__FT9-FT10,0.1829495024740301,canonical330,chb03
time__rms__FT9-FT10,-0.10803567584459506,canonical330,chb03
time__ptp__FT9-FT10,-0.885831224847278,canonical330,chb03
time__line_length__FT9-FT10,2.865589749105615,canonical330,chb03
time__mean__FZ-CZ,-0.08455633779072215,canonical330,chb03
time__std__FZ-CZ,0.49857331386396325,canonical330,chb03
time__rms__FZ-CZ,0.5444882917212599,canonical330,chb03
time__ptp__FZ-CZ,-1.111043248753291,canonical330,chb03
time__line_length__FZ-CZ,-0.3413050073494971,canonical330,chb03
time__mean__P3-O1,0.07480493039034271,canonical330,chb03
time__std__P3-O1,-1.1249097552245946,canonical330,chb03
time__rms__P3-O1,-1.1545423238909098,canonical330,chb03
time__ptp__P3-O1,0.5791200784784889,canonical330,chb03
time__line_length__P3-O1,0.7058252033176975,canonical330,chb03
time__mean__P4-O2,-0.09180694017078268,canonical330,chb03
time__std__P4-O2,0.28869044999672605,canonical330,chb03
time__rms__P4-O2,0.1716060768617116,canonical330,chb03
time__ptp__P4-O2,-0.3318100375666067,canonical330,chb03
time__line_length__P4-O2,1.400980709893239,canonical330,chb03
time__mean__P7-O1,0.22661854053051977,canonical330,chb03
time__std__P7-O1,1.3048793997561403,canonical330,chb03
time__rms__P7-O1,1.192094553430227,canonical330,chb03
time__ptp__P7-O1,-2.130818320887987,canonical330,chb03
time__line_length__P7-O1,0.7792190014210176,canonical330,chb03
time__mean__P7-T7,-0.1058778958858764,canonical330,chb03
time__std__P7-T7,0.8198611801151717,canonical330,chb03
time__rms__P7-T7,0.9541445575297223,canonical330,chb03
time__ptp__P7-T7,-0.27586605123394087,canonical330,chb03
time__line_length__P7-T7,-0.1500144543535638,canonical330,chb03
time__mean__P8-O2,-0.3502009553974377,canonical330,chb03
time__std__P8-O2,0.137933897486552,canonical330,chb03
time__rms__P8-O2,0.009436466310177046,canonical330,chb03
time__ptp__P8-O2,0.054503521173617425,canonical330,chb03
time__line_length__P8-O2,2.2818798347047213,canonical330,chb03
time__mean__T7-FT9,-0.4850261288358636,canonical330,chb03
time__std__T7-FT9,0.6459523837067849,canonical330,chb03
time__rms__T7-FT9,0.669695046508868,canonical330,chb03
time__ptp__T7-FT9,-1.0246190519594776,canonical330,chb03
time__line_length__T7-FT9,0.17436674561161158,canonical330,chb03
time__mean__T7-P7,0.10587789588586213,canonical330,chb03
time__std__T7-P7,0.8198611801151565,canonical330,chb03
time__rms__T7-P7,0.9541445575297127,canonical330,chb03
time__ptp__T7-P7,-0.2758660512339301,canonical330,chb03
time__line_length__T7-P7,-0.15001445435356203,canonical330,chb03
time__mean__T8-P8,-0.16081619920514692,canonical330,chb03
time__std__T8-P8,0.2644850029320509,canonical330,chb03
time__rms__T8-P8,0.2212755714652355,canonical330,chb03
time__ptp__T8-P8,0.5929212883506151,canonical330,chb03
time__line_length__T8-P8,0.5426079887392076,canonical330,chb03
freq__delta__C3-P3,0.9732565525816781,canonical330,chb03
freq__theta__C3-P3,1.8089929448891184,canonical330,chb03
freq__alpha__C3-P3,0.08165941433691624,canonical330,chb03
freq__beta__C3-P3,-0.24976318534664216,canonical330,chb03
freq__gamma__C3-P3,-0.8404828533683576,canonical330,chb03
freq__delta__C4-P4,-0.8664802519045793,canonical330,chb03
freq__theta__C4-P4,0.1830409696210555,canonical330,chb03
freq__alpha__C4-P4,-0.6104142714573711,canonical330,chb03
freq__beta__C4-P4,-2.5815986303484904,canonical330,chb03
freq__gamma__C4-P4,-2.0001154457464194,canonical330,chb03
freq__delta__CZ-PZ,0.8824486295012263,canonical330,chb03
freq__theta__CZ-PZ,-1.4193656310631673,canonical330,chb03
freq__alpha__CZ-PZ,1.0126808652282062,canonical330,chb03
freq__beta__CZ-PZ,0.10117519647243912,canonical330,chb03
freq__gamma__CZ-PZ,-1.466187776718651,canonical330,chb03
freq__delta__F3-C3,0.27102450958350716,canonical330,chb03
freq__theta__F3-C3,0.15230240151761565,canonical330,chb03
freq__alpha__F3-C3,1.3092648548197527,canonical330,chb03
freq__beta__F3-C3,1.4092875625139483,canonical330,chb03
freq__gamma__F3-C3,-0.3727722441392046,canonical330,chb03
freq__delta__F4-C4,-0.5579048635082897,canonical330,chb03
freq__theta__F4-C4,0.7234611553613443,canonical330,chb03
freq__alpha__F4-C4,2.085498806042593,canonical330,chb03
freq__beta__F4-C4,0.7587520841614233,canonical330,chb03
freq__gamma__F4-C4,-0.9013577272064991,canonical330,chb03
freq__delta__F7-T7,1.8270124690654186,canonical330,chb03
freq__theta__F7-T7,0.29055628446933773,canonical330,chb03
freq__alpha__F7-T7,1.8730707484128661,canonical330,chb03
freq__beta__F7-T7,2.1754409094705154,canonical330,chb03
freq__gamma__F7-T7,-0.3607389892823957,canonical330,chb03
freq__delta__F8-T8,0.8260670657856424,canonical330,chb03
freq__theta__F8-T8,2.075128947321882,canonical330,chb03
freq__alpha__F8-T8,0.4052651072832356,canonical330,chb03
freq__beta__F8-T8,0.44520151258859336,canonical330,chb03
freq__gamma__F8-T8,0.07637876724360346,canonical330,chb03
freq__delta__FP1-F3,0.30160553783703603,canonical330,chb03
freq__theta__FP1-F3,-0.294297761939248,canonical330,chb03
freq__alpha__FP1-F3,-0.34468362979143313,canonical330,chb03
freq__beta__FP1-F3,-0.9072452557018729,canonical330,chb03
freq__gamma__FP1-F3,0.11171513978531036,canonical330,chb03
freq__delta__FP1-F7,-0.7382974148985434,canonical330,chb03
freq__theta__FP1-F7,-0.23032193209692817,canonical330,chb03
freq__alpha__FP1-F7,0.9367050998921165,canonical330,chb03
freq__beta__FP1-F7,-2.6204814697216348,canonical330,chb03
freq__gamma__FP1-F7,-0.07414509058317897,canonical330,chb03
freq__delta__FP2-F4,1.2964916986510637,canonical330,chb03
freq__theta__FP2-F4,0.17970979435202974,canonical330,chb03
freq__alpha__FP2-F4,-1.2255930831391253,canonical330,chb03
freq__beta__FP2-F4,2.2501163658463823,canonical330,chb03
freq__gamma__FP2-F4,0.20360843234644194,canonical330,chb03
freq__delta__FP2-F8,-0.42808261006950865,canonical330,chb03
freq__theta__FP2-F8,-0.7685820101582431,canonical330,chb03
freq__alpha__FP2-F8,-0.3282430744497228,canonical330,chb03
freq__beta__FP2-F8,-1.6648759312746177,canonical330,chb03
freq__gamma__FP2-F8,0.006915929300586292,canonical330,chb03
freq__delta__FT10-T8,-1.2924269045619228,canonical330,chb03
freq__theta__FT10-T8,-1.3693472292994135,canonical330,chb03
freq__alpha__FT10-T8,-1.8271137469462084,canonical330,chb03
freq__beta__FT10-T8,-1.578592150683484,canonical330,chb03
freq__gamma__FT10-T8,-0.040986605619462886,canonical330,chb03
freq__delta__FT9-FT10,1.2620395052388007,canonical330,chb03
freq__theta__FT9-FT10,-0.23485436917302235,canonical330,chb03
freq__alpha__FT9-FT10,2.7795219808731297,canonical330,chb03
freq__beta__FT9-FT10,0.5235504307488499,canonical330,chb03
freq__gamma__FT9-FT10,-1.4251797583838925,canonical330,chb03
freq__delta__FZ-CZ,0.5172934351002784,canonical330,chb03
freq__theta__FZ-CZ,-1.9177646406687177,canonical330,chb03
freq__alpha__FZ-CZ,1.0353090758438381,canonical330,chb03
freq__beta__FZ-CZ,1.0993926745568106,canonical330,chb03
freq__gamma__FZ-CZ,-1.062629653846023,canonical330,chb03
freq__delta__P3-O1,2.039629683649312,canonical330,chb03
freq__theta__P3-O1,-1.2028919423797821,canonical330,chb03
freq__alpha__P3-O1,0.5530437378030544,canonical330,chb03
freq__beta__P3-O1,0.798493647397787,canonical330,chb03
freq__gamma__P3-O1,0.014209953894474932,canonical330,chb03
freq__delta__P4-O2,0.9226402728874905,canonical330,chb03
freq__theta__P4-O2,1.1540255385684417,canonical330,chb03
freq__alpha__P4-O2,0.9125825574630057,canonical330,chb03
freq__beta__P4-O2,0.7648642759358504,canonical330,chb03
freq__gamma__P4-O2,-1.0928815374705525,canonical330,chb03
freq__delta__P7-O1,0.8215271465048226,canonical330,chb03
freq__theta__P7-O1,-0.26052974189785816,canonical330,chb03
freq__alpha__P7-O1,1.1570206842686275,canonical330,chb03
freq__beta__P7-O1,-0.09114694386074423,canonical330,chb03
freq__gamma__P7-O1,1.285749518789108,canonical330,chb03
freq__delta__P7-T7,-1.0335766764257814,canonical330,chb03
freq__theta__P7-T7,1.3364891678093629,canonical330,chb03
freq__alpha__P7-T7,-0.1717150048793331,canonical330,chb03
freq__beta__P7-T7,-0.5259330745753018,canonical330,chb03
freq__gamma__P7-T7,-0.8800221823919956,canonical330,chb03
freq__delta__P8-O2,-0.35219752774159013,canonical330,chb03
freq__theta__P8-O2,0.3107701431396262,canonical330,chb03
freq__alpha__P8-O2,0.13974648087328373,canonical330,chb03
freq__beta__P8-O2,-0.9362888630315739,canonical330,chb03
freq__gamma__P8-O2,0.45500748575698285,canonical330,chb03
freq__delta__T7-FT9,-0.4660356566204254,canonical330,chb03
freq__theta__T7-FT9,0.4713873785593856,canonical330,chb03
freq__alpha__T7-FT9,-0.20456828636818594,canonical330,chb03
freq__beta__T7-FT9,-0.955655204890777,canonical330,chb03
freq__gamma__T7-FT9,1.1026669126333888,canonical330,chb03
freq__delta__T7-P7,-1.0335766764258025,canonical330,chb03
freq__theta__T7-P7,1.3364891678093616,canonical330,chb03
freq__alpha__T7-P7,-0.17171500487933178,canonical330,chb03
freq__beta__T7-P7,-0.5259330745752951,canonical330,chb03
freq__gamma__T7-P7,-0.8800221823920001,canonical330,chb03
freq__delta__T8-P8,0.4529281762625675,canonical330,chb03
freq__theta__T8-P8,1.4152479108953322,canonical330,chb03
freq__alpha__T8-P8,-0.6277902142210856,canonical330,chb03
freq__beta__T8-P8,-1.41163947190828,canonical330,chb03
freq__gamma__T8-P8,-1.836652871583373,canonical330,chb03
entropy__perm__C3-P3,0.6788374666321761,canonical330,chb03
entropy__spectral__C3-P3,0.4211638183576188,canonical330,chb03
entropy__perm__C4-P4,-0.10601415734929073,canonical330,chb03
entropy__spectral__C4-P4,1.1205354344136864,canonical330,chb03
entropy__perm__CZ-PZ,-1.5319608944655583,canonical330,chb03
entropy__spectral__CZ-PZ,-0.19606396521931635,canonical330,chb03
entropy__perm__F3-C3,1.0531452185536025,canonical330,chb03
entropy__spectral__F3-C3,0.8030493906497381,canonical330,chb03
entropy__perm__F4-C4,-1.682879162868061,canonical330,chb03
entropy__spectral__F4-C4,0.011004157194949,canonical330,chb03
entropy__perm__F7-T7,-0.5592914356352474,canonical330,chb03
entropy__spectral__F7-T7,-0.557671241470982,canonical330,chb03
entropy__perm__F8-T8,-0.2698456695758556,canonical330,chb03
entropy__spectral__F8-T8,0.2113363944901057,canonical330,chb03
entropy__perm__FP1-F3,0.999907579706951,canonical330,chb03
entropy__spectral__FP1-F3,0.9780045731881869,canonical330,chb03
entropy__perm__FP1-F7,-0.6510592841253505,canonical330,chb03
entropy__spectral__FP1-F7,-1.5901840148749162,canonical330,chb03
entropy__perm__FP2-F4,0.038226234525884924,canonical330,chb03
entropy__spectral__FP2-F4,-0.1792788480881129,canonical330,chb03
entropy__perm__FP2-F8,-0.3045331356162953,canonical330,chb03
entropy__spectral__FP2-F8,0.5198475857834917,canonical330,chb03
entropy__perm__FT10-T8,-0.05915975728886763,canonical330,chb03
entropy__spectral__FT10-T8,1.0274565646955238,canonical330,chb03
entropy__perm__FT9-FT10,0.008490456923831859,canonical330,chb03
entropy__spectral__FT9-FT10,-0.522052728470098,canonical330,chb03
entropy__perm__FZ-CZ,-0.48400755400773426,canonical330,chb03
entropy__spectral__FZ-CZ,0.5888316152031464,canonical330,chb03
entropy__perm__P3-O1,-0.7940392882817756,canonical330,chb03
entropy__spectral__P3-O1,1.378952757611932,canonical330,chb03
entropy__perm__P4-O2,-0.5118537021306107,canonical330,chb03
entropy__spectral__P4-O2,2.1593515698431434,canonical330,chb03
entropy__perm__P7-O1,1.0828993521865604,canonical330,chb03
entropy__spectral__P7-O1,0.5480624266850792,canonical330,chb03
entropy__perm__P7-T7,0.14540680041513715,canonical330,chb03
entropy__spectral__P7-T7,0.020910487921262853,canonical330,chb03
entropy__perm__P8-O2,0.3676791232801495,canonical330,chb03
entropy__spectral__P8-O2,1.246152281251828,canonical330,chb03
entropy__perm__T7-FT9,-0.7123857477116541,canonical330,chb03
entropy__spectral__T7-FT9,-0.6328087420215691,canonical330,chb03
entropy__perm__T7-P7,0.14540680041510298,canonical330,chb03
entropy__spectral__T7-P7,0.02091048792123087,canonical330,chb03
entropy__perm__T8-P8,2.03031762605283,canonical330,chb03
entropy__spectral__T8-P8,-1.1209740891231228,canonical330,chb03
hjorth__activity__C3-P3,-1.2211195644366404,canonical330,chb03
hjorth__mobility__C3-P3,1.2557269031758347,canonical330,chb03
hjorth__complexity__C3-P3,0.40650181747166075,canonical330,chb03
hjorth__activity__C4-P4,-9.945428642552274e-05,canonical330,chb03
hjorth__mobility__C4-P4,-1.0739101791189538,canonical330,chb03
hjorth__complexity__C4-P4,0.4626587941792931,canonical330,chb03
hjorth__activity__CZ-PZ,-1.0977473743093102,canonical330,chb03
hjorth__mobility__CZ-PZ,0.2113082800344865,canonical330,chb03
hjorth__complexity__CZ-PZ,0.015086579510527625,canonical330,chb03
hjorth__activity__F3-C3,-0.278311271649681,canonical330,chb03
hjorth__mobility__F3-C3,-0.4723848698095935,canonical330,chb03
hjorth__complexity__F3-C3,0.43938902438135713,canonical330,chb03
hjorth__activity__F4-C4,0.44903616286712505,canonical330,chb03
hjorth__mobility__F4-C4,-0.18719080041209493,canonical330,chb03
hjorth__complexity__F4-C4,0.25392207572982917,canonical330,chb03
hjorth__activity__F7-T7,-0.902441918107924,canonical330,chb03
hjorth__mobility__F7-T7,1.5803621665881278,canonical330,chb03
hjorth__complexity__F7-T7,1.4068884900827434,canonical330,chb03
hjorth__activity__F8-T8,-0.35960004131873086,canonical330,chb03
hjorth__mobility__F8-T8,-1.526786419182695,canonical330,chb03
hjorth__complexity__F8-T8,0.3272940319421354,canonical330,chb03
hjorth__activity__FP1-F3,0.12393471867781951,canonical330,chb03
hjorth__mobility__FP1-F3,0.6790868955062687,canonical330,chb03
hjorth__complexity__FP1-F3,0.10217351288440851,canonical330,chb03
hjorth__activity__FP1-F7,-1.9901942373738661,canonical330,chb03
hjorth__mobility__FP1-F7,0.8988786337840792,canonical330,chb03
hjorth__complexity__FP1-F7,-0.02298684527627389,canonical330,chb03
hjorth__activity__FP2-F4,0.8370470745588225,canonical330,chb03
hjorth__mobility__FP2-F4,0.3153865958605897,canonical330,chb03
hjorth__complexity__FP2-F4,-0.038002798398561445,canonical330,chb03
hjorth__activity__FP2-F8,-1.858894860171947,canonical330,chb03
hjorth__mobility__FP2-F8,-1.144408952551563,canonical330,chb03
hjorth__complexity__FP2-F8,-0.28290651545044043,canonical330,chb03
hjorth__activity__FT10-T8,-0.3359186865355554,canonical330,chb03
hjorth__mobility__FT10-T8,0.28945126875995286,canonical330,chb03
hjorth__complexity__FT10-T8,0.2089213849653972,canonical330,chb03
hjorth__activity__FT9-FT10,-0.7870076584800294,canonical330,chb03
hjorth__mobility__FT9-FT10,-1.428845879596307,canonical330,chb03
hjorth__complexity__FT9-FT10,-0.9774330693149988,canonical330,chb03
hjorth__activity__FZ-CZ,0.5259273323556591,canonical330,chb03
hjorth__mobility__FZ-CZ,-1.019120379739307,canonical330,chb03
hjorth__complexity__FZ-CZ,0.19918321230996347,canonical330,chb03
hjorth__activity__P3-O1,-2.875874282389182,canonical330,chb03
hjorth__mobility__P3-O1,-0.7984724024140124,canonical330,chb03
hjorth__complexity__P3-O1,1.3606194692657296,canonical330,chb03
hjorth__activity__P4-O2,-1.735704988078566,canonical330,chb03
hjorth__mobility__P4-O2,-1.9048130898122657,canonical330,chb03
hjorth__complexity__P4-O2,0.5978171224226315,canonical330,chb03
hjorth__activity__P7-O1,-1.2751056213600034,canonical330,chb03
hjorth__mobility__P7-O1,-1.6202923411386954,canonical330,chb03
hjorth__complexity__P7-O1,-1.1860349667781802,canonical330,chb03
hjorth__activity__P7-T7,-0.2110955607182923,canonical330,chb03
hjorth__mobility__P7-T7,-0.9948908297526251,canonical330,chb03
hjorth__complexity__P7-T7,0.15205317671450516,canonical330,chb03
hjorth__activity__P8-O2,-0.7515518214601431,canonical330,chb03
hjorth__mobility__P8-O2,-1.8471039861542615,canonical330,chb03
hjorth__complexity__P8-O2,0.5156774908360935,canonical330,chb03
hjorth__activity__T7-FT9,-1.0653668817192783,canonical330,chb03
hjorth__mobility__T7-FT9,2.3883330829811906,canonical330,chb03
hjorth__complexity__T7-FT9,-0.3790398600034548,canonical330,chb03
hjorth__activity__T7-P7,-0.2110955607182989,canonical330,chb03
hjorth__mobility__T7-P7,-0.9948908297526242,canonical330,chb03
hjorth__complexity__T7-P7,0.152053176714521,canonical330,chb03
hjorth__activity__T8-P8,-0.9673733981435713,canonical330,chb03
hjorth__mobility__T8-P8,1.0313573174501456,canonical330,chb03
hjorth__complexity__T8-P8,-0.7419081241203584,canonical330,chb03
time__mean__C3-P3,0.036887386219934044,canonical330,chb05
time__std__C3-P3,1.0078604842095267,canonical330,chb05
time__rms__C3-P3,1.0597194173214302,canonical330,chb05
time__ptp__C3-P3,-1.1096675855920566,canonical330,chb05
time__line_length__C3-P3,1.07375689135956,canonical330,chb05
time__mean__C4-P4,-0.16179755077527988,canonical330,chb05
time__std__C4-P4,1.0391173520968722,canonical330,chb05
time__rms__C4-P4,0.9563452866956886,canonical330,chb05
time__ptp__C4-P4,-0.2780428485219101,canonical330,chb05
time__line_length__C4-P4,-1.2661964436430158,canonical330,chb05
time__mean__CZ-PZ,0.18233503773218782,canonical330,chb05
time__std__CZ-PZ,0.1541638292790608,canonical330,chb05
time__rms__CZ-PZ,0.16211914697610355,canonical330,chb05
time__ptp__CZ-PZ,-0.48046659384551105,canonical330,chb05
time__line_length__CZ-PZ,0.07549599665812828,canonical330,chb05
time__mean__F3-C3,-0.05965069484596319,canonical330,chb05
time__std__F3-C3,-0.6162130303901698,canonical330,chb05
time__rms__F3-C3,-0.6825401327277931,canonical330,chb05
time__ptp__F3-C3,0.7926018807644802,canonical330,chb05
time__line_length__F3-C3,0.54081706346239,canonical330,chb05
time__mean__F4-C4,-0.08448393769671138,canonical330,chb05
time__std__F4-C4,-0.18239782122952955,canonical330,chb05
time__rms__F4-C4,-0.04587576911465697,canonical330,chb05
time__ptp__F4-C4,0.2953412718590934,canonical330,chb05
time__line_length__F4-C4,0.8741408447200828,canonical330,chb05
time__mean__F7-T7,-0.04825984049846024,canonical330,chb05
time__std__F7-T7,-0.8690647691319587,canonical330,chb05
time__rms__F7-T7,-0.8289991423703418,canonical330,chb05
time__ptp__F7-T7,-0.7167649402270777,canonical330,chb05
time__line_length__F7-T7,-0.41504991877290537,canonical330,chb05
time__mean__F8-T8,0.20078422303792898,canonical330,chb05
time__std__F8-T8,-1.1248774490100226,canonical330,chb05
time__rms__F8-T8,-1.2572079871362736,canonical330,chb05
time__ptp__F8-T8,0.8842627198681736,canonical330,chb05
time__line_length__F8-T8,-0.5951762713592852,canonical330,chb05
time__mean__FP1-F3,0.1835508479120136,canonical330,chb05
time__std__FP1-F3,0.32926041685793384,canonical330,chb05
time__rms__FP1-F3,0.2519670500209087,canonical330,chb05
time__ptp__FP1-F3,1.252721603552702,canonical330,chb05
time__line_length__FP1-F3,-0.12560377781086968,canonical330,chb05
time__mean__FP1-F7,-0.2699820898047864,canonical330,chb05
time__std__FP1-F7,0.9673959403451625,canonical330,chb05
time__rms__FP1-F7,0.9648388144104371,canonical330,chb05
time__ptp__FP1-F7,-0.5943800465663313,canonical330,chb05
time__line_length__FP1-F7,1.6167528345606328,canonical330,chb05
time__mean__FP2-F4,0.22074117701716758,canonical330,chb05
time__std__FP2-F4,-0.8733927033435437,canonical330,chb05
time__rms__FP2-F4,-0.7496896126823757,canonical330,chb05
time__ptp__FP2-F4,-0.4762175306580579,canonical330,chb05
time__line_length__FP2-F4,0.3959667303054011,canonical330,chb05
time__mean__FP2-F8,0.15109979549151847,canonical330,chb05
time__std__FP2-F8,-0.2065335154965025,canonical330,chb05
time__rms__FP2-F8,-0.09834042774013227,canonical330,chb05
time__ptp__FP2-F8,1.244505976725254,canonical330,chb05
time__line_length__FP2-F8,0.43868080511661445,canonical330,chb05
time__mean__FT10-T8,-0.49839801899847236,canonical330,chb05
time__std__FT10-T8,0.8725203717530778,canonical330,chb05
time__rms__FT10-T8,0.8122940354151538,canonical330,chb05
time__ptp__FT10-T8,-0.4396908653317843,canonical330,chb05
time__line_length__FT10-T8,0.32806692670225196,canonical330,chb05
time__mean__FT9-FT10,-0.3712972110317073,canonical330,chb05
time__std__FT9-FT10,0.5426881367991976,canonical330,chb05
time__rms__FT9-FT10,0.26740040161955203,canonical330,chb05
time__ptp__FT9-FT10,-1.417074847756589,canonical330,chb05
time__line_length__FT9-FT10,4.089723696548378,canonical330,chb05
time__mean__FZ-CZ,0.08533242487864057,canonical330,chb05
time__std__FZ-CZ,0.7553535380185886,canonical330,chb05
time__rms__FZ-CZ,0.7885045462612622,canonical330,chb05
time__ptp__FZ-CZ,-0.9242782560287671,canonical330,chb05
time__line_length__FZ-CZ,1.7787622846394275,canonical330,chb05
time__mean__P3-O1,0.060778544595150294,canonical330,chb05
time__std__P3-O1,-1.6708656970349143,canonical330,chb05
time__rms__P3-O1,-1.751884377657206,canonical330,chb05
time__ptp__P3-O1,1.4334757071776816,canonical330,chb05
time__line_length__P3-O1,-0.15091872062248396,canonical330,chb05
time__mean__P4-O2,-0.021682585141692294,canonical330,chb05
time__std__P4-O2,0.13670935305006413,canonical330,chb05
time__rms__P4-O2,-0.043165303639328446,canonical330,chb05
time__ptp__P4-O2,-0.472893579551693,canonical330,chb05
time__line_length__P4-O2,0.627982617201819,canonical330,chb05
time__mean__P7-O1,0.12140357243773904,canonical330,chb05
time__std__P7-O1,2.0047303762048294,canonical330,chb05
time__rms__P7-O1,1.8759864237491994,canonical330,chb05
time__ptp__P7-O1,-2.3997084946793747,canonical330,chb05
time__line_length__P7-O1,0.7791547093650539,canonical330,chb05
time__mean__P7-T7,-0.08378440849345106,canonical330,chb05
time__std__P7-T7,0.44960623056099985,canonical330,chb05
time__rms__P7-T7,0.5458847528344802,canonical330,chb05
time__ptp__P7-T7,0.42452006480560955,canonical330,chb05
time__line_length__P7-T7,0.6421858640312862,canonical330,chb05
time__mean__P8-O2,-0.34538964694163643,canonical330,chb05
time__std__P8-O2,0.09512170775983966,canonical330,chb05
time__rms__P8-O2,-0.025669119551266446,canonical330,chb05
time__ptp__P8-O2,0.3361088263655312,canonical330,chb05
time__line_length__P8-O2,-0.5474988565915718,canonical330,chb05
time__mean__T7-FT9,-0.2570791742788818,canonical330,chb05
time__std__T7-FT9,1.3318066386460556,canonical330,chb05
time__rms__T7-FT9,1.3051104974056613,canonical330,chb05
time__ptp__T7-FT9,-0.7110612283887624,canonical330,chb05
time__line_length__T7-FT9,-1.062508178067193,canonical330,chb05
time__mean__T7-P7,0.08378440849342154,canonical330,chb05
time__std__T7-P7,0.4496062305609829,canonical330,chb05
time__rms__T7-P7,0.54588475283447,canonical330,chb05
time__ptp__T7-P7,0.42452006480554816,canonical330,chb05
time__line_length__T7-P7,0.6421858640312971,canonical330,chb05
time__mean__T8-P8,-0.137205679947864,canonical330,chb05
time__std__T8-P8,0.6084732604556299,canonical330,chb05
time__rms__T8-P8,0.5109674091949086,canonical330,chb05
time__ptp__T8-P8,-0.3220993754491588,canonical330,chb05
time__line_length__T8-P8,0.38314332798602424,canonical330,chb05
freq__delta__C3-P3,-0.04127152021446521,canonical330,chb05
freq__theta__C3-P3,0.33134346764125855,canonical330,chb05
freq__alpha__C3-P3,0.14028966391409792,canonical330,chb05
freq__beta__C3-P3,-0.09139072359557983,canonical330,chb05
freq__gamma__C3-P3,-1.457060295071612,canonical330,chb05
freq__delta__C4-P4,-0.5609202641730369,canonical330,chb05
freq__theta__C4-P4,0.8153632297015441,canonical330,chb05
freq__alpha__C4-P4,-0.008290157967947773,canonical330,chb05
freq__beta__C4-P4,-0.9097383623573893,canonical330,chb05
freq__gamma__C4-P4,0.19862780048771872,canonical330,chb05
freq__delta__CZ-PZ,-0.5501706833653479,canonical330,chb05
freq__theta__CZ-PZ,-0.6789520682658294,canonical330,chb05
freq__alpha__CZ-PZ,0.069187490221324,canonical330,chb05
freq__beta__CZ-PZ,0.14119530102101704,canonical330,chb05
freq__gamma__CZ-PZ,-0.42981651149528954,canonical330,chb05
freq__delta__F3-C3,0.22962398819437663,canonical330,chb05
freq__theta__F3-C3,-0.9305275084725426,canonical330,chb05
freq__alpha__F3-C3,-0.04577128757609852,canonical330,chb05
freq__beta__F3-C3,-0.13158720386617376,canonical330,chb05
freq__gamma__F3-C3,-0.3346787556972118,canonical330,chb05
freq__delta__F4-C4,-0.6466667292410628,canonical330,chb05
freq__theta__F4-C4,-0.4758853148121815,canonical330,chb05
freq__alpha__F4-C4,0.15234210965062023,canonical330,chb05
freq__beta__F4-C4,-0.05822527297594595,canonical330,chb05
freq__gamma__F4-C4,-0.1275786713064872,canonical330,chb05
freq__delta__F7-T7,1.1175986729934337,canonical330,chb05
freq__theta__F7-T7,-0.5624314196628184,canonical330,chb05
freq__alpha__F7-T7,0.9460481569242081,canonical330,chb05
freq__beta__F7-T7,3.3628499892213335,canonical330,chb05
freq__gamma__F7-T7,0.6167182704633863,canonical330,chb05
freq__delta__F8-T8,2.173301745839725,canonical330,chb05
freq__theta__F8-T8,0.2945646079317269,canonical330,chb05
freq__alpha__F8-T8,1.0602860860630425,canonical330,chb05
freq__beta__F8-T8,0.7332285081916092,canonical330,chb05
freq__gamma__F8-T8,0.6683172727453655,canonical330,chb05
freq__delta__FP1-F3,0.8322852999449429,canonical330,chb05
freq__theta__FP1-F3,0.9000219395742433,canonical330,chb05
freq__alpha__FP1-F3,-1.8498144309353144,canonical330,chb05
freq__beta__FP1-F3,-1.6328543427979672,canonical330,chb05
freq__gamma__FP1-F3,0.534667413954912,canonical330,chb05
freq__delta__FP1-F7,-1.6315378401970002,canonical330,chb05
freq__theta__FP1-F7,-0.0130802893377824,canonical330,chb05
freq__alpha__FP1-F7,0.948545737201295,canonical330,chb05
freq__beta__FP1-F7,-3.651033194280126,canonical330,chb05
freq__gamma__FP1-F7,-1.0444983239063081,canonical330,chb05
freq__delta__FP2-F4,1.126049248576796,canonical330,chb05
freq__theta__FP2-F4,0.04608715615739854,canonical330,chb05
freq__alpha__FP2-F4,-0.1873267968399662,canonical330,chb05
freq__beta__FP2-F4,1.4175779450561783,canonical330,chb05
freq__gamma__FP2-F4,-0.5673294619043897,canonical330,chb05
freq__delta__FP2-F8,-0.6278100238358357,canonical330,chb05
freq__theta__FP2-F8,-0.2656530207699116,canonical330,chb05
freq__alpha__FP2-F8,-0.15152950651169905,canonical330,chb05
freq__beta__FP2-F8,-1.6213639654340788,canonical330,chb05
freq__gamma__FP2-F8,0.2847911310630403,canonical330,chb05
freq__delta__FT10-T8,-1.1448474467233853,canonical330,chb05
freq__theta__FT10-T8,-1.3245516910927944,canonical330,chb05
freq__alpha__FT10-T8,-1.563866244757305,canonical330,chb05
freq__beta__FT10-T8,-0.33469642994935894,canonical330,chb05
freq__gamma__FT10-T8,0.569628487555008,canonical330,chb05
freq__delta__FT9-FT10,1.2280095876925776,canonical330,chb05
freq__theta__FT9-FT10,1.8882794379794814,canonical330,chb05
freq__alpha__FT9-FT10,2.408214787370454,canonical330,chb05
freq__beta__FT9-FT10,0.07336294356736552,canonical330,chb05
freq__gamma__FT9-FT10,0.5398606904669259,canonical330,chb05
freq__delta__FZ-CZ,0.3063299793296762,canonical330,chb05
freq__theta__FZ-CZ,-0.7524924001505107,canonical330,chb05
freq__alpha__FZ-CZ,0.11603036880291048,canonical330,chb05
freq__beta__FZ-CZ,1.1838671011223834,canonical330,chb05
freq__gamma__FZ-CZ,-0.4707126983175405,canonical330,chb05
freq__delta__P3-O1,2.391821360467392,canonical330,chb05
freq__theta__P3-O1,-0.15116608947967783,canonical330,chb05
freq__alpha__P3-O1,1.2475615757887808,canonical330,chb05
freq__beta__P3-O1,1.3406985806346725,canonical330,chb05
freq__gamma__P3-O1,-0.3206026863692474,canonical330,chb05
freq__delta__P4-O2,1.0332981229771472,canonical330,chb05
freq__theta__P4-O2,-0.18271641611493897,canonical330,chb05
freq__alpha__P4-O2,-0.549130722738879,canonical330,chb05
freq__beta__P4-O2,0.1723268385765388,canonical330,chb05
freq__gamma__P4-O2,-0.44111456157420265,canonical330,chb05
freq__delta__P7-O1,0.37104531949869207,canonical330,chb05
freq__theta__P7-O1,-0.714950412164068,canonical330,chb05
freq__alpha__P7-O1,1.1984171791236682,canonical330,chb05
freq__beta__P7-O1,-0.1919707963906353,canonical330,chb05
freq__gamma__P7-O1,0.27073494831220907,canonical330,chb05
freq__delta__P7-T7,-0.36618601409106466,canonical330,chb05
freq__theta__P7-T7,1.355453042022155,canonical330,chb05
freq__alpha__P7-T7,0.017924068885346495,canonical330,chb05
freq__beta__P7-T7,-0.6786285463825498,canonical330,chb05
freq__gamma__P7-T7,-0.40153201479488837,canonical330,chb05
freq__delta__P8-O2,0.5498003129491561,canonical330,chb05
freq__theta__P8-O2,-0.2846394444720373,canonical330,chb05
freq__alpha__P8-O2,-0.6379094111288989,canonical330,chb05
freq__beta__P8-O2,-1.5424351242531864,canonical330,chb05
freq__gamma__P8-O2,0.8776146354616643,canonical330,chb05
freq__delta__T7-FT9,-1.1089386820272382,canonical330,chb05
freq__theta__T7-FT9,1.1622435295172195,canonical330,chb05
freq__alpha__T7-FT9,-1.0210129087611521,canonical330,chb05
freq__beta__T7-FT9,-1.9850682503311903,canonical330,chb05
freq__gamma__T7-FT9,-1.1344564049516705,canonical330,chb05
freq__delta__T7-P7,-0.3661860140910475,canonical330,chb05
freq__theta__T7-P7,1.3554530420221502,canonical330,chb05
freq__alpha__T7-P7,0.01792406888534594,canonical330,chb05
freq__beta__T7-P7,-0.6786285463825501,canonical330,chb05
freq__gamma__T7-P7,-0.40153201479489553,canonical330,chb05
freq__delta__T8-P8,0.1916507340580049,canonical330,chb05
freq__theta__T8-P8,0.3250713595764661,canonical330,chb05
freq__alpha__T8-P8,0.8274982428081561,canonical330,chb05
freq__beta__T8-P8,-0.8471878265408012,canonical330,chb05
freq__gamma__T8-P8,-1.5622286941776657,canonical330,chb05
entropy__perm__C3-P3,0.6452386457998015,canonical330,chb05
entropy__spectral__C3-P3,1.1503971438514116,canonical330,chb05
entropy__perm__C4-P4,0.1496484632064772,canonical330,chb05
entropy__spectral__C4-P4,0.4800300823152832,canonical330,chb05
entropy__perm__CZ-PZ,-1.6172088026150298,canonical330,chb05
entropy__spectral__CZ-PZ,-0.3691863963966686,canonical330,chb05
entropy__perm__F3-C3,-0.12269656255127849,canonical330,chb05
entropy__spectral__F3-C3,1.0365647085052336,canonical330,chb05
entropy__perm__F4-C4,-1.2571724435654517,canonical330,chb05
entropy__spectral__F4-C4,0.16140643991361547,canonical330,chb05
entropy__perm__F7-T7,-0.3329514850636059,canonical330,chb05
entropy__spectral__F7-T7,-0.41413805009951343,canonical330,chb05
entropy__perm__F8-T8,0.17557726161980677,canonical330,chb05
entropy__spectral__F8-T8,0.447989547498167,canonical330,chb05
entropy__perm__FP1-F3,1.5447858909473187,canonical330,chb05
entropy__spectral__FP1-F3,0.7906842882259381,canonical330,chb05
entropy__perm__FP1-F7,-0.45457975675438944,canonical330,chb05
entropy__spectral__FP1-F7,-1.9240419412625471,canonical330,chb05
entropy__perm__FP2-F4,-0.017807981815094052,canonical330,chb05
entropy__spectral__FP2-F4,0.2049325864645029,canonical330,chb05
entropy__perm__FP2-F8,-0.770177512857566,canonical330,chb05
entropy__spectral__FP2-F8,0.5653047042230979,canonical330,chb05
entropy__perm__FT10-T8,-0.25958022505023925,canonical330,chb05
entropy__spectral__FT10-T8,0.3563491996267192,canonical330,chb05
entropy__perm__FT9-FT10,-0.8071958266088335,canonical330,chb05
entropy__spectral__FT9-FT10,0.5241188751505309,canonical330,chb05
entropy__perm__FZ-CZ,-0.7132250395157762,canonical330,chb05
entropy__spectral__FZ-CZ,0.34340120648786415,canonical330,chb05
entropy__perm__P3-O1,-0.042224877736213945,canonical330,chb05
entropy__spectral__P3-O1,-0.6563705383120754,canonical330,chb05
entropy__perm__P4-O2,-1.1950646145433783,canonical330,chb05
entropy__spectral__P4-O2,2.1052796403374368,canonical330,chb05
entropy__perm__P7-O1,0.2537289059710636,canonical330,chb05
entropy__spectral__P7-O1,1.2073390766426793,canonical330,chb05
entropy__perm__P7-T7,0.29892341989653287,canonical330,chb05
entropy__spectral__P7-T7,-0.40908901137161985,canonical330,chb05
entropy__perm__P8-O2,0.40561965754605617,canonical330,chb05
entropy__spectral__P8-O2,1.5137047426011452,canonical330,chb05
entropy__perm__T7-FT9,-0.28965727506778943,canonical330,chb05
entropy__spectral__T7-FT9,-0.12655128030789398,canonical330,chb05
entropy__perm__T7-P7,0.2989234198964987,canonical330,chb05
entropy__spectral__T7-P7,-0.40908901137159315,canonical330,chb05
entropy__perm__T8-P8,2.2544351496489505,canonical330,chb05
entropy__spectral__T8-P8,-1.073514906659953,canonical330,chb05
hjorth__activity__C3-P3,-1.8478000881682646,canonical330,chb05
hjorth__mobility__C3-P3,-0.41833395694749986,canonical330,chb05
hjorth__complexity__C3-P3,0.30243157837154916,canonical330,chb05
hjorth__activity__C4-P4,-0.6016712126545102,canonical330,chb05
hjorth__mobility__C4-P4,0.5039852922872299,canonical330,chb05
hjorth__complexity__C4-P4,0.3282173878517212,canonical330,chb05
hjorth__activity__CZ-PZ,1.18370980485596,canonical330,chb05
hjorth__mobility__CZ-PZ,1.715670519830996,canonical330,chb05
hjorth__complexity__CZ-PZ,-0.03687798125652918,canonical330,chb05
hjorth__activity__F3-C3,0.08131689643091766,canonical330,chb05
hjorth__mobility__F3-C3,-1.1190318643012256,canonical330,chb05
hjorth__complexity__F3-C3,0.38056918683316726,canonical330,chb05
hjorth__activity__F4-C4,0.2544887939581069,canonical330,chb05
hjorth__mobility__F4-C4,-0.03995685010042376,canonical330,chb05
hjorth__complexity__F4-C4,0.18970324431785276,canonical330,chb05
hjorth__activity__F7-T7,0.07344107580963033,canonical330,chb05
hjorth__mobility__F7-T7,0.06684779840751977,canonical330,chb05
hjorth__complexity__F7-T7,1.2734858307044068,canonical330,chb05
hjorth__activity__F8-T8,-0.7940120979878685,canonical330,chb05
hjorth__mobility__F8-T8,-0.7790455816700185,canonical330,chb05
hjorth__complexity__F8-T8,0.5587397452835153,canonical330,chb05
hjorth__activity__FP1-F3,-0.9288708050506725,canonical330,chb05
hjorth__mobility__FP1-F3,0.8468436427255785,canonical330,chb05
hjorth__complexity__FP1-F3,-0.004612577240501749,canonical330,chb05
hjorth__activity__FP1-F7,-1.2504314271301842,canonical330,chb05
hjorth__mobility__FP1-F7,1.1519238711020243,canonical330,chb05
hjorth__complexity__FP1-F7,-0.009608281569310442,canonical330,chb05
hjorth__activity__FP2-F4,0.6744038261007341,canonical330,chb05
hjorth__mobility__FP2-F4,-0.6614955179252341,canonical330,chb05
hjorth__complexity__FP2-F4,0.009772459748098523,canonical330,chb05
hjorth__activity__FP2-F8,-1.268139725213475,canonical330,chb05
hjorth__mobility__FP2-F8,-0.6801380735542971,canonical330,chb05
hjorth__complexity__FP2-F8,-0.3185926729263437,canonical330,chb05
hjorth__activity__FT10-T8,-1.306167164622767,canonical330,chb05
hjorth__mobility__FT10-T8,-0.8575234540789037,canonical330,chb05
hjorth__complexity__FT10-T8,-0.2118541394653944,canonical330,chb05
hjorth__activity__FT9-FT10,-1.7153742893618513,canonical330,chb05
hjorth__mobility__FT9-FT10,-1.1850353928409363,canonical330,chb05
hjorth__complexity__FT9-FT10,0.20428900349648643,canonical330,chb05
hjorth__activity__FZ-CZ,-0.6341027849218772,canonical330,chb05
hjorth__mobility__FZ-CZ,-1.1489743024178336,canonical330,chb05
hjorth__complexity__FZ-CZ,0.595970608521991,canonical330,chb05
hjorth__activity__P3-O1,-1.6994297126702589,canonical330,chb05
hjorth__mobility__P3-O1,0.38917877798086364,canonical330,chb05
hjorth__complexity__P3-O1,0.4177837379305649,canonical330,chb05
hjorth__activity__P4-O2,-1.5533623756327983,canonical330,chb05
hjorth__mobility__P4-O2,-0.2690828751439758,canonical330,chb05
hjorth__complexity__P4-O2,1.0482328608564586,canonical330,chb05
hjorth__activity__P7-O1,-1.926369888236219,canonical330,chb05
hjorth__mobility__P7-O1,-2.4765535621009946,canonical330,chb05
hjorth__complexity__P7-O1,-0.2346783329343752,canonical330,chb05
hjorth__activity__P7-T7,-1.0262054790369037,canonical330,chb05
hjorth__mobility__P7-T7,-0.6484202839342048,canonical330,chb05
hjorth__complexity__P7-T7,-0.24022669968375968,canonical330,chb05
hjorth__activity__P8-O2,-1.5135275246588382,canonical330,chb05
hjorth__mobility__P8-O2,-0.8333084112533418,canonical330,chb05
hjorth__complexity__P8-O2,0.38284621626154514,canonical330,chb05
hjorth__activity__T7-FT9,-1.0988200935080978,canonical330,chb05
hjorth__mobility__T7-FT9,1.8784685292533891,canonical330,chb05
hjorth__complexity__T7-FT9,-0.17079281959279224,canonical330,chb05
hjorth__activity__T7-P7,-1.0262054790368984,canonical330,chb05
hjorth__mobility__T7-P7,-0.648420283934185,canonical330,chb05
hjorth__complexity__T7-P7,-0.2402266996837648,canonical330,chb05
hjorth__activity__T8-P8,-0.8233480308513145,canonical330,chb05
hjorth__mobility__T8-P8,1.1303583640158519,canonical330,chb05
hjorth__complexity__T8-P8,-1.1497765440746646,canonical330,chb05
time__mean__C3-P3,-0.04130357416550383,canonical330,chb08
time__std__C3-P3,0.4765321374827778,canonical330,chb08
time__rms__C3-P3,0.41973727286858614,canonical330,chb08
time__ptp__C3-P3,0.24126426550405733,canonical330,chb08
time__line_length__C3-P3,0.13743604210978588,canonical330,chb08
time__mean__C4-P4,0.1874022229230979,canonical330,chb08
time__std__C4-P4,1.222232773389542,canonical330,chb08
time__rms__C4-P4,1.2192205157039713,canonical330,chb08
time__ptp__C4-P4,0.11547057760487149,canonical330,chb08
time__line_length__C4-P4,-0.9671803861532127,canonical330,chb08
time__mean__CZ-PZ,0.08663361556048128,canonical330,chb08
time__std__CZ-PZ,0.6704844427147505,canonical330,chb08
time__rms__CZ-PZ,0.6421835293354476,canonical330,chb08
time__ptp__CZ-PZ,-1.0261901490068484,canonical330,chb08
time__line_length__CZ-PZ,-0.03912416582400031,canonical330,chb08
time__mean__F3-C3,-0.217294567051736,canonical330,chb08
time__std__F3-C3,-1.2674578718808447,canonical330,chb08
time__rms__F3-C3,-1.283817327474602,canonical330,chb08
time__ptp__F3-C3,0.27562464172889445,canonical330,chb08
time__line_length__F3-C3,1.3622979016575003,canonical330,chb08
time__mean__F4-C4,0.1325845437056737,canonical330,chb08
time__std__F4-C4,-0.782911224175174,canonical330,chb08
time__rms__F4-C4,-0.719351044723543,canonical330,chb08
time__ptp__F4-C4,0.6815496502264113,canonical330,chb08
time__line_length__F4-C4,0.39742699091218203,canonical330,chb08
time__mean__F7-T7,-0.14305783672287314,canonical330,chb08
time__std__F7-T7,-0.052845150124050846,canonical330,chb08
time__rms__F7-T7,0.018130541004837266,canonical330,chb08
time__ptp__F7-T7,0.6281141390732581,canonical330,chb08
time__line_length__F7-T7,-0.27996476604509324,canonical330,chb08
time__mean__F8-T8,0.03735870490153131,canonical330,chb08
time__std__F8-T8,-0.6573816742437623,canonical330,chb08
time__rms__F8-T8,-0.6950500448808293,canonical330,chb08
time__ptp__F8-T8,0.2415734443319565,canonical330,chb08
time__line_length__F8-T8,0.17196578286086256,canonical330,chb08
time__mean__FP1-F3,0.08541219183710579,canonical330,chb08
time__std__FP1-F3,0.1961656566866998,canonical330,chb08
time__rms__FP1-F3,0.2671444723870364,canonical330,chb08
time__ptp__FP1-F3,0.34769357108867377,canonical330,chb08
time__line_length__FP1-F3,1.3165723198492139,canonical330,chb08
time__mean__FP1-F7,-0.09542655236804631,canonical330,chb08
time__std__FP1-F7,1.2747028497408013,canonical330,chb08
time__rms__FP1-F7,1.2946015854740773,canonical330,chb08
time__ptp__FP1-F7,-1.1357857673783731,canonical330,chb08
time__line_length__FP1-F7,0.5315944670479771,canonical330,chb08
time__mean__FP2-F4,0.33815720550880324,canonical330,chb08
time__std__FP2-F4,-0.5077185407160739,canonical330,chb08
time__rms__FP2-F4,-0.3604127566085877,canonical330,chb08
time__ptp__FP2-F4,-0.19272950367192354,canonical330,chb08
time__line_length__FP2-F4,-0.7766251462783248,canonical330,chb08
time__mean__FP2-F8,0.057419553689696666,canonical330,chb08
time__std__FP2-F8,-0.16623256410077145,canonical330,chb08
time__rms__FP2-F8,-0.04782937349100713,canonical330,chb08
time__ptp__FP2-F8,0.48809213327967754,canonical330,chb08
time__line_length__FP2-F8,-0.10323938804202,canonical330,chb08
time__mean__FT10-T8,-0.22208353869209402,canonical330,chb08
time__std__FT10-T8,0.6838999297948738,canonical330,chb08
time__rms__FT10-T8,0.6782211689926038,canonical330,chb08
time__ptp__FT10-T8,-0.6836039875013714,canonical330,chb08
time__line_length__FT10-T8,-0.18899219631615383,canonical330,chb08
time__mean__FT9-FT10,-0.02586419004786958,canonical330,chb08
time__std__FT9-FT10,0.4594522430330425,canonical330,chb08
time__rms__FT9-FT10,0.3348944899817324,canonical330,chb08
time__ptp__FT9-FT10,-0.3450231621831054,canonical330,chb08
time__line_length__FT9-FT10,3.332508584589333,canonical330,chb08
time__mean__FZ-CZ,0.12991020305953302,canonical330,chb08
time__std__FZ-CZ,-0.34169500402399866,canonical330,chb08
time__rms__FZ-CZ,-0.2715996175422284,canonical330,chb08
time__ptp__FZ-CZ,0.10118987267186848,canonical330,chb08
time__line_length__FZ-CZ,1.1171293859385352,canonical330,chb08
time__mean__P3-O1,0.04919263850204328,canonical330,chb08
time__std__P3-O1,-2.198079130298462,canonical330,chb08
time__rms__P3-O1,-2.253899859105267,canonical330,chb08
time__ptp__P3-O1,0.6181057267784662,canonical330,chb08
time__line_length__P3-O1,0.7851319919342334,canonical330,chb08
time__mean__P4-O2,-0.1958227695359626,canonical330,chb08
time__std__P4-O2,0.04320260954261547,canonical330,chb08
time__rms__P4-O2,0.030441926825934468,canonical330,chb08
time__ptp__P4-O2,0.18324621198668892,canonical330,chb08
time__line_length__P4-O2,-0.13098629868926523,canonical330,chb08
time__mean__P7-O1,0.01778245571927941,canonical330,chb08
time__std__P7-O1,0.4462103300323759,canonical330,chb08
time__rms__P7-O1,0.40923150024842875,canonical330,chb08
time__ptp__P7-O1,-1.1518103783620763,canonical330,chb08
time__line_length__P7-O1,0.7235514190967809,canonical330,chb08
time__mean__P7-T7,0.08130190672400209,canonical330,chb08
time__std__P7-T7,0.7218475547948966,canonical330,chb08
time__rms__P7-T7,0.7178421769991623,canonical330,chb08
time__ptp__P7-T7,-0.14329699363387127,canonical330,chb08
time__line_length__P7-T7,-0.12363260446196772,canonical330,chb08
time__mean__P8-O2,-0.038026832186078476,canonical330,chb08
time__std__P8-O2,0.009252080391497603,canonical330,chb08
time__rms__P8-O2,-0.044592098605765275,canonical330,chb08
time__ptp__P8-O2,-1.755760248699119,canonical330,chb08
time__line_length__P8-O2,2.4257332501873567,canonical330,chb08
time__mean__T7-FT9,-0.17480953875569033,canonical330,chb08
time__std__T7-FT9,0.09515110266700373,canonical330,chb08
time__rms__T7-FT9,0.06458236214102213,canonical330,chb08
time__ptp__T7-FT9,-0.17982521382556874,canonical330,chb08
time__line_length__T7-FT9,-0.18313112456622158,canonical330,chb08
time__mean__T7-P7,-0.08130190672400071,canonical330,chb08
time__std__T7-P7,0.7218475547949037,canonical330,chb08
time__rms__T7-P7,0.7178421769991427,canonical330,chb08
time__ptp__T7-P7,-0.14329699363386111,canonical330,chb08
time__line_length__T7-P7,-0.1236326044619518,canonical330,chb08
time__mean__T8-P8,0.029455287810448365,canonical330,chb08
time__std__T8-P8,0.564494462990446,canonical330,chb08
time__rms__T8-P8,0.5433998661370323,canonical330,chb08
time__ptp__T8-P8,-0.4649704447234191,canonical330,chb08
time__line_length__T8-P8,0.5922254040205789,canonical330,chb08
freq__delta__C3-P3,1.6460020734703238,canonical330,chb08
freq__theta__C3-P3,1.1832992518937495,canonical330,chb08
freq__alpha__C3-P3,-0.5595738715687469,canonical330,chb08
freq__beta__C3-P3,-0.618049167026549,canonical330,chb08
freq__gamma__C3-P3,-0.6589913094523493,canonical330,chb08
freq__delta__C4-P4,-1.3118417268471039,canonical330,chb08
freq__theta__C4-P4,-0.21852032692895587,canonical330,chb08
freq__alpha__C4-P4,-1.246472828323062,canonical330,chb08
freq__beta__C4-P4,-1.414076856336988,canonical330,chb08
freq__gamma__C4-P4,-1.1749466127623913,canonical330,chb08
freq__delta__CZ-PZ,-0.10122443627109634,canonical330,chb08
freq__theta__CZ-PZ,-0.4046314737067157,canonical330,chb08
freq__alpha__CZ-PZ,0.1517620148626955,canonical330,chb08
freq__beta__CZ-PZ,-0.1788640063461774,canonical330,chb08
freq__gamma__CZ-PZ,-0.2530594927518977,canonical330,chb08
freq__delta__F3-C3,0.3976806732592891,canonical330,chb08
freq__theta__F3-C3,-1.2533290002692001,canonical330,chb08
freq__alpha__F3-C3,0.7294775285508242,canonical330,chb08
freq__beta__F3-C3,0.8118659238361252,canonical330,chb08
freq__gamma__F3-C3,-1.2283923108051893,canonical330,chb08
freq__delta__F4-C4,-0.1792013666178743,canonical330,chb08
freq__theta__F4-C4,0.5525446848603833,canonical330,chb08
freq__alpha__F4-C4,0.7778964969583668,canonical330,chb08
freq__beta__F4-C4,0.25485938155268806,canonical330,chb08
freq__gamma__F4-C4,0.9063800823271378,canonical330,chb08
freq__delta__F7-T7,0.3969889395159332,canonical330,chb08
freq__theta__F7-T7,0.8574603982952116,canonical330,chb08
freq__alpha__F7-T7,0.6305207434280824,canonical330,chb08
freq__beta__F7-T7,-0.06629140660824002,canonical330,chb08
freq__gamma__F7-T7,-0.9122986517809085,canonical330,chb08
freq__delta__F8-T8,-0.33688392837926723,canonical330,chb08
freq__theta__F8-T8,0.7497663943607085,canonical330,chb08
freq__alpha__F8-T8,0.11087387800027006,canonical330,chb08
freq__beta__F8-T8,0.45106303024029,canonical330,chb08
freq__gamma__F8-T8,-0.01587309482122978,canonical330,chb08
freq__delta__FP1-F3,0.7111538874964709,canonical330,chb08
freq__theta__FP1-F3,-1.3302989350448418,canonical330,chb08
freq__alpha__FP1-F3,-1.3427885349972224,canonical330,chb08
freq__beta__FP1-F3,-1.9713015068511226,canonical330,chb08
freq__gamma__FP1-F3,-0.4738484240897813,canonical330,chb08
freq__delta__FP1-F7,-1.172789263585537,canonical330,chb08
freq__theta__FP1-F7,0.21719276871596774,canonical330,chb08
freq__alpha__FP1-F7,0.4146081666366213,canonical330,chb08
freq__beta__FP1-F7,-2.6959994304855877,canonical330,chb08
freq__gamma__FP1-F7,0.31128885373509274,canonical330,chb08
freq__delta__FP2-F4,0.19433725859975745,canonical330,chb08
freq__theta__FP2-F4,0.16310872910366078,canonical330,chb08
freq__alpha__FP2-F4,-0.41372084763852307,canonical330,chb08
freq__beta__FP2-F4,1.1621124576324484,canonical330,chb08
freq__gamma__FP2-F4,0.0399872396339931,canonical330,chb08
freq__delta__FP2-F8,-0.7594882662623165,canonical330,chb08
freq__theta__FP2-F8,-0.33539557150896904,canonical330,chb08
freq__alpha__FP2-F8,-0.2720915070007759,canonical330,chb08
freq__beta__FP2-F8,-0.7374302832036346,canonical330,chb08
freq__gamma__FP2-F8,0.5739720200531369,canonical330,chb08
freq__delta__FT10-T8,-0.31997724017092743,canonical330,chb08
freq__theta__FT10-T8,-0.3267808608739545,canonical330,chb08
freq__alpha__FT10-T8,-1.4272249239800128,canonical330,chb08
freq__beta__FT10-T8,-0.21553690656137167,canonical330,chb08
freq__gamma__FT10-T8,-0.2038134783773247,canonical330,chb08
freq__delta__FT9-FT10,0.7415642994679974,canonical330,chb08
freq__theta__FT9-FT10,1.4086363964276314,canonical330,chb08
freq__alpha__FT9-FT10,2.9590947567554915,canonical330,chb08
freq__beta__FT9-FT10,-0.42169402848090426,canonical330,chb08
freq__gamma__FT9-FT10,0.5233465716010693,canonical330,chb08
freq__delta__FZ-CZ,1.1513291437297761,canonical330,chb08
freq__theta__FZ-CZ,-1.174269846139888,canonical330,chb08
freq__alpha__FZ-CZ,-0.052264758999663104,canonical330,chb08
freq__beta__FZ-CZ,0.654322505984772,canonical330,chb08
freq__gamma__FZ-CZ,-0.18762672883355375,canonical330,chb08
freq__delta__P3-O1,0.4646509365467046,canonical330,chb08
freq__theta__P3-O1,-0.8334224498684123,canonical330,chb08
freq__alpha__P3-O1,0.7451361294778948,canonical330,chb08
freq__beta__P3-O1,0.9029866184091501,canonical330,chb08
freq__gamma__P3-O1,0.4569451654252107,canonical330,chb08
freq__delta__P4-O2,-0.20305290659456457,canonical330,chb08
freq__theta__P4-O2,2.457810566436131,canonical330,chb08
freq__alpha__P4-O2,0.8790459610094702,canonical330,chb08
freq__beta__P4-O2,0.03365807669435786,canonical330,chb08
freq__gamma__P4-O2,-1.1317226861932173,canonical330,chb08
freq__delta__P7-O1,0.8321622389473463,canonical330,chb08
freq__theta__P7-O1,0.7904415929445417,canonical330,chb08
freq__alpha__P7-O1,1.2287583950571088,canonical330,chb08
freq__beta__P7-O1,-0.4871513902615562,canonical330,chb08
freq__gamma__P7-O1,-0.17389731277265086,canonical330,chb08
freq__delta__P7-T7,-0.6639988275693693,canonical330,chb08
freq__theta__P7-T7,1.198037353677562,canonical330,chb08
freq__alpha__P7-T7,0.11120588001024462,canonical330,chb08
freq__beta__P7-T7,-0.4641893608426783,canonical330,chb08
freq__gamma__P7-T7,0.1454922656192184,canonical330,chb08
freq__delta__P8-O2,1.184452706605054,canonical330,chb08
freq__theta__P8-O2,0.2528823505079092,canonical330,chb08
freq__alpha__P8-O2,1.0186507321989389,canonical330,chb08
freq__beta__P8-O2,-1.0826019827301288,canonical330,chb08
freq__gamma__P8-O2,0.24878366478546876,canonical330,chb08
freq__delta__T7-FT9,0.06888900681150319,canonical330,chb08
freq__theta__T7-FT9,-1.1150320834662166,canonical330,chb08
freq__alpha__T7-FT9,-0.6636224431511999,canonical330,chb08
freq__beta__T7-FT9,-1.2605900994973276,canonical330,chb08
freq__gamma__T7-FT9,0.17667369681191816,canonical330,chb08
freq__delta__T7-P7,-0.6639988275693627,canonical330,chb08
freq__theta__T7-P7,1.1980373536775588,canonical330,chb08
freq__alpha__T7-P7,0.11120588001024077,canonical330,chb08
freq__beta__T7-P7,-0.4641893608426774,canonical330,chb08
freq__gamma__T7-P7,0.14549226561921022,canonical330,chb08
freq__delta__T8-P8,-0.20924984059493562,canonical330,chb08
freq__theta__T8-P8,1.6182744511707803,canonical330,chb08
freq__alpha__T8-P8,0.19287634125739175,canonical330,chb08
freq__beta__T8-P8,-1.2114146885288344,canonical330,chb08
freq__gamma__T8-P8,-1.4768464703085702,canonical330,chb08
entropy__perm__C3-P3,0.14964524658437314,canonical330,chb08
entropy__spectral__C3-P3,0.4038855918708729,canonical330,chb08
entropy__perm__C4-P4,0.8992501409524384,canonical330,chb08
entropy__spectral__C4-P4,-0.5362316035433561,canonical330,chb08
entropy__perm__CZ-PZ,-1.7623301367725248,canonical330,chb08
entropy__spectral__CZ-PZ,0.0026639950911290537,canonical330,chb08
entropy__perm__F3-C3,1.113209265380831,canonical330,chb08
entropy__spectral__F3-C3,0.38611840527684965,canonical330,chb08
entropy__perm__F4-C4,-2.0499667596243927,canonical330,chb08
entropy__spectral__F4-C4,-0.1512868229471848,canonical330,chb08
entropy__perm__F7-T7,1.3957083797216274,canonical330,chb08
entropy__spectral__F7-T7,1.101310469948113,canonical330,chb08
entropy__perm__F8-T8,0.6651619759470839,canonical330,chb08
entropy__spectral__F8-T8,-0.08331742951447722,canonical330,chb08
entropy__perm__FP1-F3,1.3649282456205731,canonical330,chb08
entropy__spectral__FP1-F3,0.9865235719770378,canonical330,chb08
entropy__perm__FP1-F7,-0.9332317633922896,canonical330,chb08
entropy__spectral__FP1-F7,-0.935323817718738,canonical330,chb08
entropy__perm__FP2-F4,-0.30502963196162036,canonical330,chb08
entropy__spectral__FP2-F4,0.210654881996042,canonical330,chb08
entropy__perm__FP2-F8,0.5513061373664409,canonical330,chb08
entropy__spectral__FP2-F8,-0.7643983996522454,canonical330,chb08
entropy__perm__FT10-T8,-0.9240470754821924,canonical330,chb08
entropy__spectral__FT10-T8,0.9107834502534345,canonical330,chb08
entropy__perm__FT9-FT10,-0.07231556479441179,canonical330,chb08
entropy__spectral__FT9-FT10,0.17663515249933204,canonical330,chb08
entropy__perm__FZ-CZ,0.5131934192851874,canonical330,chb08
entropy__spectral__FZ-CZ,-0.006037905141504535,canonical330,chb08
entropy__perm__P3-O1,-1.005749872796129,canonical330,chb08
entropy__spectral__P3-O1,-0.5627953429351422,canonical330,chb08
entropy__perm__P4-O2,-1.1782193078930832,canonical330,chb08
entropy__spectral__P4-O2,0.0942869775220994,canonical330,chb08
entropy__perm__P7-O1,-0.110248246347505,canonical330,chb08
entropy__spectral__P7-O1,1.0106443036992254,canonical330,chb08
entropy__perm__P7-T7,-0.41049813237542954,canonical330,chb08
entropy__spectral__P7-T7,0.3219678916014333,canonical330,chb08
entropy__perm__P8-O2,1.2333596621341285,canonical330,chb08
entropy__spectral__P8-O2,1.2334687698545075,canonical330,chb08
entropy__perm__T7-FT9,-1.1031748070838423,canonical330,chb08
entropy__spectral__T7-FT9,1.0442039484640944,canonical330,chb08
entropy__perm__T7-P7,-0.4104981323754642,canonical330,chb08
entropy__spectral__T7-P7,0.3219678916014355,canonical330,chb08
entropy__perm__T8-P8,0.7837863093063109,canonical330,chb08
entropy__spectral__T8-P8,-0.03522347237735802,canonical330,chb08
hjorth__activity__C3-P3,-0.6888724108661148,canonical330,chb08
hjorth__mobility__C3-P3,-0.156147582354553,canonical330,chb08
hjorth__complexity__C3-P3,-0.4716972919824829,canonical330,chb08
hjorth__activity__C4-P4,-1.599544851092655,canonical330,chb08
hjorth__mobility__C4-P4,0.7366162416136484,canonical330,chb08
hjorth__complexity__C4-P4,-0.31924031664828806,canonical330,chb08
hjorth__activity__CZ-PZ,0.278093849857512,canonical330,chb08
hjorth__mobility__CZ-PZ,1.6011587726555452,canonical330,chb08
hjorth__complexity__CZ-PZ,0.33103114603328115,canonical330,chb08
hjorth__activity__F3-C3,0.09713283221520178,canonical330,chb08
hjorth__mobility__F3-C3,-2.345266161846615,canonical330,chb08
hjorth__complexity__F3-C3,0.21547983760090453,canonical330,chb08
hjorth__activity__F4-C4,0.5149662278556218,canonical330,chb08
hjorth__mobility__F4-C4,0.88979451531814,canonical330,chb08
hjorth__complexity__F4-C4,0.4457109831380755,canonical330,chb08
hjorth__activity__F7-T7,-0.7822662571566428,canonical330,chb08
hjorth__mobility__F7-T7,0.5421036799835449,canonical330,chb08
hjorth__complexity__F7-T7,0.7679363558197789,canonical330,chb08
hjorth__activity__F8-T8,0.6179429245299176,canonical330,chb08
hjorth__mobility__F8-T8,-0.7524997857012795,canonical330,chb08
hjorth__complexity__F8-T8,0.13288379420246554,canonical330,chb08
hjorth__activity__FP1-F3,0.6304332121865894,canonical330,chb08
hjorth__mobility__FP1-F3,-1.1591640199970663,canonical330,chb08
hjorth__complexity__FP1-F3,-0.876250053955458,canonical330,chb08
hjorth__activity__FP1-F7,-1.1042404186817243,canonical330,chb08
hjorth__mobility__FP1-F7,0.7950320214066213,canonical330,chb08
hjorth__complexity__FP1-F7,0.8553102406653192,canonical330,chb08
hjorth__activity__FP2-F4,0.5292258631963503,canonical330,chb08
hjorth__mobility__FP2-F4,-0.46222554625604356,canonical330,chb08
hjorth__complexity__FP2-F4,0.16063368092625607,canonical330,chb08
hjorth__activity__FP2-F8,0.38021543810217745,canonical330,chb08
hjorth__mobility__FP2-F8,-0.8976968114268031,canonical330,chb08
hjorth__complexity__FP2-F8,-1.570671520916455,canonical330,chb08
hjorth__activity__FT10-T8,-0.4029485378068522,canonical330,chb08
hjorth__mobility__FT10-T8,0.001857417154415593,canonical330,chb08
hjorth__complexity__FT10-T8,-0.2076411606646926,canonical330,chb08
hjorth__activity__FT9-FT10,-0.9782101662499777,canonical330,chb08
hjorth__mobility__FT9-FT10,-1.4363760742899003,canonical330,chb08
hjorth__complexity__FT9-FT10,-1.5111997508951365,canonical330,chb08
hjorth__activity__FZ-CZ,-0.8408093323968185,canonical330,chb08
hjorth__mobility__FZ-CZ,-0.5915839446121408,canonical330,chb08
hjorth__complexity__FZ-CZ,0.6921577207214903,canonical330,chb08
hjorth__activity__P3-O1,-0.887480867807104,canonical330,chb08
hjorth__mobility__P3-O1,0.381004305609809,canonical330,chb08
hjorth__complexity__P3-O1,0.5660648482928327,canonical330,chb08
hjorth__activity__P4-O2,-0.2793673126549598,canonical330,chb08
hjorth__mobility__P4-O2,-0.24799011301924714,canonical330,chb08
hjorth__complexity__P4-O2,0.02753212437495714,canonical330,chb08
hjorth__activity__P7-O1,-0.10810218894094538,canonical330,chb08
hjorth__mobility__P7-O1,-1.5438353407193106,canonical330,chb08
hjorth__complexity__P7-O1,0.42772002646920504,canonical330,chb08
hjorth__activity__P7-T7,-0.5188660311493756,canonical330,chb08
hjorth__mobility__P7-T7,-0.4031885344625737,canonical330,chb08
hjorth__complexity__P7-T7,0.0318429419948564,canonical330,chb08
hjorth__activity__P8-O2,0.18571295915616817,canonical330,chb08
hjorth__mobility__P8-O2,-0.2479057480233156,canonical330,chb08
hjorth__complexity__P8-O2,1.2258844442564567,canonical330,chb08
hjorth__activity__T7-FT9,-1.187395592020448,canonical330,chb08
hjorth__mobility__T7-FT9,-0.49098696542005404,canonical330,chb08
hjorth__complexity__T7-FT9,0.23157843249404625,canonical330,chb08
hjorth__activity__T7-P7,-0.5188660311493769,canonical330,chb08
hjorth__mobility__T7-P7,-0.4031885344625724,canonical330,chb08
hjorth__complexity__T7-P7,0.031842941994865204,canonical330,chb08
hjorth__activity__T8-P8,-0.05616475261743953,canonical330,chb08
hjorth__mobility__T8-P8,1.3557607403724676,canonical330,chb08
hjorth__complexity__T8-P8,0.29658068108266894,canonical330,chb08
time__mean__C3-P3,0.005384385812674604,sr332,chb01
time__std__C3-P3,0.28104092248038687,sr332,chb01
time__rms__C3-P3,0.3761792630396843,sr332,chb01
time__ptp__C3-P3,-0.6723132427485654,sr332,chb01
time__line_length__C3-P3,1.6867075553917545,sr332,chb01
time__mean__C4-P4,-0.004316756668092516,sr332,chb01
time__std__C4-P4,0.90059469856118,sr332,chb01
time__rms__C4-P4,0.9268581891555996,sr332,chb01
time__ptp__C4-P4,0.2704755798663369,sr332,chb01
time__line_length__C4-P4,-0.26702223206582326,sr332,chb01
time__mean__CZ-PZ,0.08675786949802708,sr332,chb01
time__std__CZ-PZ,0.9643934040209019,sr332,chb01
time__rms__CZ-PZ,1.0220496216368045,sr332,chb01
time__ptp__CZ-PZ,-0.8335093133973193,sr332,chb01
time__line_length__CZ-PZ,-0.4052670608930967,sr332,chb01
time__mean__F3-C3,-0.11694791498715079,sr332,chb01
time__std__F3-C3,-1.4931965506222808,sr332,chb01
time__rms__F3-C3,-1.47578519580112,sr332,chb01
time__ptp__F3-C3,0.7048426304718572,sr332,chb01
time__line_length__F3-C3,1.1796153198147394,sr332,chb01
time__mean__F4-C4,-0.00153068058027219,sr332,chb01
time__std__F4-C4,-0.8142761943013548,sr332,chb01
time__rms__F4-C4,-0.5430446632774696,sr332,chb01
time__ptp__F4-C4,0.44617398617669096,sr332,chb01
time__line_length__F4-C4,-0.8203969325625006,sr332,chb01
time__mean__F7-T7,-0.01815008839050709,sr332,chb01
time__std__F7-T7,-0.6703516964379229,sr332,chb01
time__rms__F7-T7,-0.6199232906217266,sr332,chb01
time__ptp__F7-T7,-1.3584044051016015,sr332,chb01
time__line_length__F7-T7,-1.0855920205252758,sr332,chb01
time__mean__F8-T8,0.04341608804277382,sr332,chb01
time__std__F8-T8,-1.305396433069179,sr332,chb01
time__rms__F8-T8,-1.2864298443533453,sr332,chb01
time__ptp__F8-T8,0.6588795846896373,sr332,chb01
time__line_length__F8-T8,-0.8836031185531132,sr332,chb01
time__mean__FP1-F3,0.2943522114530387,sr332,chb01
time__std__FP1-F3,0.08587250401322497,sr332,chb01
time__rms__FP1-F3,0.1626166730388882,sr332,chb01
time__ptp__FP1-F3,1.2519775944722729,sr332,chb01
time__line_length__FP1-F3,-0.07999162804321223,sr332,chb01
time__mean__FP1-F7,-0.2345743948751625,sr332,chb01
time__std__FP1-F7,-0.6017569507267142,sr332,chb01
time__rms__FP1-F7,-0.6216304844473605,sr332,chb01
time__ptp__FP1-F7,-0.039850220155302964,sr332,chb01
time__line_length__FP1-F7,1.701800431736066,sr332,chb01
time__mean__FP2-F4,0.31526068832063137,sr332,chb01
time__std__FP2-F4,0.049626726324944005,sr332,chb01
time__rms__FP2-F4,0.2563427998352836,sr332,chb01
time__ptp__FP2-F4,-0.9379907611578184,sr332,chb01
time__line_length__FP2-F4,0.948796327256687,sr332,chb01
time__mean__FP2-F8,0.029041250226653978,sr332,chb01
time__std__FP2-F8,-0.4405516003366848,sr332,chb01
time__rms__FP2-F8,-0.22584456840882525,sr332,chb01
time__ptp__FP2-F8,1.8343741853036322,sr332,chb01
time__line_length__FP2-F8,-0.6133964834622485,sr332,chb01
time__mean__FT10-T8,-0.08875684644343892,sr332,chb01
time__std__FT10-T8,1.3382860216973178,sr332,chb01
time__rms__FT10-T8,1.299144028284525,sr332,chb01
time__ptp__FT10-T8,-0.8723638963644245,sr332,chb01
time__line_length__FT10-T8,1.255554313424723,sr332,chb01
time__mean__FT9-FT10,-0.24916543554693946,sr332,chb01
time__std__FT9-FT10,0.17528616291160334,sr332,chb01
time__rms__FT9-FT10,-0.13064659847859325,sr332,chb01
time__ptp__FT9-FT10,-0.6508014220754018,sr332,chb01
time__line_length__FT9-FT10,5.3543568326080875,sr332,chb01
time__mean__FZ-CZ,0.16099313713272984,sr332,chb01
time__std__FZ-CZ,0.4359581469539859,sr332,chb01
time__rms__FZ-CZ,0.48796770404106665,sr332,chb01
time__ptp__FZ-CZ,-0.8482278318120956,sr332,chb01
time__line_length__FZ-CZ,0.1404799215549426,sr332,chb01
time__mean__P3-O1,0.1292125888844982,sr332,chb01
time__std__P3-O1,-1.689829827754854,sr332,chb01
time__rms__P3-O1,-1.7367008071054284,sr332,chb01
time__ptp__P3-O1,1.2753813549717328,sr332,chb01
time__line_length__P3-O1,-0.5792299778366683,sr332,chb01
time__mean__P4-O2,0.007451036291940839,sr332,chb01
time__std__P4-O2,-0.0816987515454,sr332,chb01
time__rms__P4-O2,-0.09690359809472501,sr332,chb01
time__ptp__P4-O2,0.16047508149968628,sr332,chb01
time__line_length__P4-O2,-0.5472776586440293,sr332,chb01
time__mean__P7-O1,0.04962941446892359,sr332,chb01
time__std__P7-O1,1.053711202494465,sr332,chb01
time__rms__P7-O1,0.9325890551188223,sr332,chb01
time__ptp__P7-O1,-2.343162045627156,sr332,chb01
time__line_length__P7-O1,3.1781451085040513,sr332,chb01
time__mean__P7-T7,-0.07178595369045718,sr332,chb01
time__std__P7-T7,1.1982419522823664,sr332,chb01
time__rms__P7-T7,1.353850248409652,sr332,chb01
time__ptp__P7-T7,-0.09582682343014927,sr332,chb01
time__line_length__P7-T7,-0.4798732793767436,sr332,chb01
time__mean__P8-O2,-0.34532168463096075,sr332,chb01
time__std__P8-O2,0.4393516570841415,sr332,chb01
time__rms__P8-O2,0.47341715134276147,sr332,chb01
time__ptp__P8-O2,-0.11276747751278733,sr332,chb01
time__line_length__P8-O2,1.8022937088708064,sr332,chb01
time__mean__T7-FT9,-0.22933114018351916,sr332,chb01
time__std__T7-FT9,1.7197173110663309,sr332,chb01
time__rms__T7-FT9,1.6943947708034472,sr332,chb01
time__ptp__T7-FT9,-0.6805173987953591,sr332,chb01
time__line_length__T7-FT9,-0.37331221351745836,sr332,chb01
time__mean__T7-P7,0.07178595369046624,sr332,chb01
time__std__T7-P7,1.1982419522823298,sr332,chb01
time__rms__T7-P7,1.3538502484096464,sr332,chb01
time__ptp__T7-P7,-0.09582682342996793,sr332,chb01
time__line_length__T7-P7,-0.4798732793767293,sr332,chb01
time__mean__T8-P8,-0.18190331114176425,sr332,chb01
time__std__T8-P8,-0.14854841942034883,sr332,chb01
time__rms__T8-P8,-0.20509610052789262,sr332,chb01
time__ptp__T8-P8,-0.38273582282720775,sr332,chb01
time__line_length__T8-P8,-0.0851319497336606,sr332,chb01
freq__delta__C3-P3,0.7782070789601688,sr332,chb01
freq__theta__C3-P3,0.6833665453301602,sr332,chb01
freq__alpha__C3-P3,-0.07956221517768508,sr332,chb01
freq__beta__C3-P3,-0.3552894207974698,sr332,chb01
freq__gamma__C3-P3,-0.748557167380272,sr332,chb01
freq__delta__C4-P4,-1.3545878272064311,sr332,chb01
freq__theta__C4-P4,-0.39577773290371016,sr332,chb01
freq__alpha__C4-P4,-0.9868804176088694,sr332,chb01
freq__beta__C4-P4,-1.4299461476571813,sr332,chb01
freq__gamma__C4-P4,-0.5194537980372754,sr332,chb01
freq__delta__CZ-PZ,-0.6962312249941462,sr332,chb01
freq__theta__CZ-PZ,-0.7136608263907898,sr332,chb01
freq__alpha__CZ-PZ,0.1426509009943035,sr332,chb01
freq__beta__CZ-PZ,0.026908064379280044,sr332,chb01
freq__gamma__CZ-PZ,-0.4787594492319585,sr332,chb01
freq__delta__F3-C3,-0.13083256090146447,sr332,chb01
freq__theta__F3-C3,-1.7454365810736763,sr332,chb01
freq__alpha__F3-C3,1.3257452597214137,sr332,chb01
freq__beta__F3-C3,0.9498405484620472,sr332,chb01
freq__gamma__F3-C3,-0.76718099055569,sr332,chb01
freq__delta__F4-C4,-0.8268519623085696,sr332,chb01
freq__theta__F4-C4,0.8384230774349393,sr332,chb01
freq__alpha__F4-C4,0.6100119373128413,sr332,chb01
freq__beta__F4-C4,0.23739424212043347,sr332,chb01
freq__gamma__F4-C4,0.5225951930550025,sr332,chb01
freq__delta__F7-T7,0.8631957458986754,sr332,chb01
freq__theta__F7-T7,-0.25249142765553756,sr332,chb01
freq__alpha__F7-T7,1.623698620276621,sr332,chb01
freq__beta__F7-T7,3.0135791391427547,sr332,chb01
freq__gamma__F7-T7,0.03641043104365633,sr332,chb01
freq__delta__F8-T8,0.7618815958999983,sr332,chb01
freq__theta__F8-T8,1.7695904965430722,sr332,chb01
freq__alpha__F8-T8,1.6616841502261799,sr332,chb01
freq__beta__F8-T8,1.4517766037351534,sr332,chb01
freq__gamma__F8-T8,0.5790104515858788,sr332,chb01
freq__delta__FP1-F3,0.6557124329379336,sr332,chb01
freq__theta__FP1-F3,-0.3076904380692147,sr332,chb01
freq__alpha__FP1-F3,-0.5378452995600244,sr332,chb01
freq__beta__FP1-F3,-1.9731160285387475,sr332,chb01
freq__gamma__FP1-F3,0.12583138394419596,sr332,chb01
freq__delta__FP1-F7,-1.2292278240481807,sr332,chb01
freq__theta__FP1-F7,0.5647918568062978,sr332,chb01
freq__alpha__FP1-F7,0.35421746959640427,sr332,chb01
freq__beta__FP1-F7,-3.9529532155189657,sr332,chb01
freq__gamma__FP1-F7,-0.29586607266990383,sr332,chb01
freq__delta__FP2-F4,1.4256669798536745,sr332,chb01
freq__theta__FP2-F4,-0.42916350100976924,sr332,chb01
freq__alpha__FP2-F4,0.34038347358010995,sr332,chb01
freq__beta__FP2-F4,1.4291708851511271,sr332,chb01
freq__gamma__FP2-F4,-0.22422260747993666,sr332,chb01
freq__delta__FP2-F8,-0.9256535680174633,sr332,chb01
freq__theta__FP2-F8,0.04347241309936895,sr332,chb01
freq__alpha__FP2-F8,-0.7893893712428324,sr332,chb01
freq__beta__FP2-F8,-2.1808142402958244,sr332,chb01
freq__gamma__FP2-F8,0.5184435515997711,sr332,chb01
freq__delta__FT10-T8,-0.8815809463931852,sr332,chb01
freq__theta__FT10-T8,-0.5395285448644472,sr332,chb01
freq__alpha__FT10-T8,-2.6547618046830848,sr332,chb01
freq__beta__FT10-T8,-1.3335576929015873,sr332,chb01
freq__gamma__FT10-T8,0.79753174394549,sr332,chb01
freq__delta__FT9-FT10,1.3952358548113315,sr332,chb01
freq__theta__FT9-FT10,1.4736401884023207,sr332,chb01
freq__alpha__FT9-FT10,2.6487660532293025,sr332,chb01
freq__beta__FT9-FT10,-0.08842391324608086,sr332,chb01
freq__gamma__FT9-FT10,1.1031941398993919,sr332,chb01
freq__delta__FZ-CZ,0.6924211204804356,sr332,chb01
freq__theta__FZ-CZ,-1.630970081056714,sr332,chb01
freq__alpha__FZ-CZ,-0.019046749557511566,sr332,chb01
freq__beta__FZ-CZ,0.9685313310780373,sr332,chb01
freq__gamma__FZ-CZ,0.35991988852379686,sr332,chb01
freq__delta__P3-O1,1.9479900227044067,sr332,chb01
freq__theta__P3-O1,-0.05088255702264561,sr332,chb01
freq__alpha__P3-O1,0.7193715851210962,sr332,chb01
freq__beta__P3-O1,0.8129329784022371,sr332,chb01
freq__gamma__P3-O1,0.05703687809419402,sr332,chb01
freq__delta__P4-O2,0.3655709710586717,sr332,chb01
freq__theta__P4-O2,1.8675124560537828,sr332,chb01
freq__alpha__P4-O2,0.1332642081593695,sr332,chb01
freq__beta__P4-O2,0.29984310861080826,sr332,chb01
freq__gamma__P4-O2,-1.866426110530411,sr332,chb01
freq__delta__P7-O1,1.2085800612002575,sr332,chb01
freq__theta__P7-O1,0.3678577842572974,sr332,chb01
freq__alpha__P7-O1,2.276806239307704,sr332,chb01
freq__beta__P7-O1,-0.13068890554333948,sr332,chb01
freq__gamma__P7-O1,-0.011529142381679002,sr332,chb01
freq__delta__P7-T7,-1.2064376359526119,sr332,chb01
freq__theta__P7-T7,1.7888038863425733,sr332,chb01
freq__alpha__P7-T7,0.16892491126004425,sr332,chb01
freq__beta__P7-T7,-1.3670657413714848,sr332,chb01
freq__gamma__P7-T7,-0.5059773276580778,sr332,chb01
freq__delta__P8-O2,-0.8191928951655093,sr332,chb01
freq__theta__P8-O2,1.0810229050565998,sr332,chb01
freq__alpha__P8-O2,0.25951540467513423,sr332,chb01
freq__beta__P8-O2,-2.167322899089546,sr332,chb01
freq__gamma__P8-O2,0.8719446548224679,sr332,chb01
freq__delta__T7-FT9,-0.22976951857171402,sr332,chb01
freq__theta__T7-FT9,-0.7164355918234334,sr332,chb01
freq__alpha__T7-FT9,-1.2286416677840581,sr332,chb01
freq__beta__T7-FT9,-2.889220466979363,sr332,chb01
freq__gamma__T7-FT9,-0.050665291458636505,sr332,chb01
freq__delta__T7-P7,-1.2064376359526008,sr332,chb01
freq__theta__T7-P7,1.7888038863425766,sr332,chb01
freq__alpha__T7-P7,0.16892491126004905,sr332,chb01
freq__beta__T7-P7,-1.3670657413714846,sr332,chb01
freq__gamma__T7-P7,-0.5059773276580805,sr332,chb01
freq__delta__T8-P8,0.4071888288143382,sr332,chb01
freq__theta__T8-P8,0.21306736729956888,sr332,chb01
freq__alpha__T8-P8,0.20529927370163445,sr332,chb01
freq__beta__T8-P8,-0.5641895592773063,sr332,chb01
freq__gamma__T8-P8,-2.1355628549861985,sr332,chb01
entropy__perm__C3-P3,-0.1959836065938668,sr332,chb01
entropy__spectral__C3-P3,0.3909332306911074,sr332,chb01
entropy__perm__C4-P4,-0.3457936304776163,sr332,chb01
entropy__spectral__C4-P4,0.4550514512398658,sr332,chb01
entropy__perm__CZ-PZ,-1.5405687992978883,sr332,chb01
entropy__spectral__CZ-PZ,-0.4163564651525489,sr332,chb01
entropy__perm__F3-C3,0.7568601426237178,sr332,chb01
entropy__spectral__F3-C3,0.31352536389919144,sr332,chb01
entropy__perm__F4-C4,-0.4509072272599374,sr332,chb01
entropy__spectral__F4-C4,-0.03056138101152571,sr332,chb01
entropy__perm__F7-T7,-1.501985081598922,sr332,chb01
entropy__spectral__F7-T7,0.16264773618439696,sr332,chb01
entropy__perm__F8-T8,0.7573390555531044,sr332,chb01
entropy__spectral__F8-T8,-0.12335476096405107,sr332,chb01
entropy__perm__FP1-F3,1.1250736462164777,sr332,chb01
entropy__spectral__FP1-F3,1.1609296030312202,sr332,chb01
entropy__perm__FP1-F7,-1.0607523943851296,sr332,chb01
entropy__spectral__FP1-F7,-2.341338024138101,sr332,chb01
entropy__perm__FP2-F4,-0.5876461665993004,sr332,chb01
entropy__spectral__FP2-F4,0.33229581709531103,sr332,chb01
entropy__perm__FP2-F8,0.12500594103181115,sr332,chb01
entropy__spectral__FP2-F8,0.8378838117066878,sr332,chb01
entropy__perm__FT10-T8,-0.297454466840894,sr332,chb01
entropy__spectral__FT10-T8,0.3406376587472276,sr332,chb01
entropy__perm__FT9-FT10,0.09584397091290803,sr332,chb01
entropy__spectral__FT9-FT10,0.5500272604501824,sr332,chb01
entropy__perm__FZ-CZ,-0.05396719042545517,sr332,chb01
entropy__spectral__FZ-CZ,-0.048266740449044054,sr332,chb01
entropy__perm__P3-O1,-0.2366917897363914,sr332,chb01
entropy__spectral__P3-O1,0.08680550288426112,sr332,chb01
entropy__perm__P4-O2,-0.750683195941339,sr332,chb01
entropy__spectral__P4-O2,0.9531132190500973,sr332,chb01
entropy__perm__P7-O1,0.6626576477169254,sr332,chb01
entropy__spectral__P7-O1,1.3586331985394002,sr332,chb01
entropy__perm__P7-T7,0.34666295272062697,sr332,chb01
entropy__spectral__P7-T7,-0.24994482100265586,sr332,chb01
entropy__perm__P8-O2,0.8799384304165734,sr332,chb01
entropy__spectral__P8-O2,1.211240602274039,sr332,chb01
entropy__perm__T7-FT9,-0.23639393599160638,sr332,chb01
entropy__spectral__T7-FT9,-0.10700223571860334,sr332,chb01
entropy__perm__T7-P7,0.3466629527205935,sr332,chb01
entropy__spectral__T7-P7,-0.2499448210026837,sr332,chb01
entropy__perm__T8-P8,1.0313569098753752,sr332,chb01
entropy__spectral__T8-P8,-1.435038689611701,sr332,chb01
hjorth__activity__C3-P3,-1.3785878523479234,sr332,chb01
hjorth__mobility__C3-P3,0.2846691093816937,sr332,chb01
hjorth__complexity__C3-P3,0.4253459584052587,sr332,chb01
hjorth__activity__C4-P4,-1.1245571633315663,sr332,chb01
hjorth__mobility__C4-P4,0.5783419398579064,sr332,chb01
hjorth__complexity__C4-P4,0.128767243184193,sr332,chb01
hjorth__activity__CZ-PZ,0.9305915501039915,sr332,chb01
hjorth__mobility__CZ-PZ,1.5524473376228805,sr332,chb01
hjorth__complexity__CZ-PZ,-0.20971370692452818,sr332,chb01
hjorth__activity__F3-C3,0.803717603778945,sr332,chb01
hjorth__mobility__F3-C3,-0.5823394013672436,sr332,chb01
hjorth__complexity__F3-C3,0.4402528678574587,sr332,chb01
hjorth__activity__F4-C4,1.4357843050075068,sr332,chb01
hjorth__mobility__F4-C4,-0.14817737115102295,sr332,chb01
hjorth__complexity__F4-C4,-0.06638204887303685,sr332,chb01
hjorth__activity__F7-T7,0.03695498032708318,sr332,chb01
hjorth__mobility__F7-T7,0.5659411992851239,sr332,chb01
hjorth__complexity__F7-T7,1.3973128032925797,sr332,chb01
hjorth__activity__F8-T8,0.7591758935371599,sr332,chb01
hjorth__mobility__F8-T8,-1.1932905554629338,sr332,chb01
hjorth__complexity__F8-T8,0.37906943245566066,sr332,chb01
hjorth__activity__FP1-F3,0.313122156849063,sr332,chb01
hjorth__mobility__FP1-F3,-0.15591941443132107,sr332,chb01
hjorth__complexity__FP1-F3,-0.24284683131750892,sr332,chb01
hjorth__activity__FP1-F7,-0.01394278387457958,sr332,chb01
hjorth__mobility__FP1-F7,1.520356726052836,sr332,chb01
hjorth__complexity__FP1-F7,-0.002290419364017692,sr332,chb01
hjorth__activity__FP2-F4,-0.06209838734209899,sr332,chb01
hjorth__mobility__FP2-F4,-0.2974787275937023,sr332,chb01
hjorth__complexity__FP2-F4,0.0033595539706261666,sr332,chb01
hjorth__activity__FP2-F8,-0.9001904413946105,sr332,chb01
hjorth__mobility__FP2-F8,-1.347231530250406,sr332,chb01
hjorth__complexity__FP2-F8,-0.4928147626279442,sr332,chb01
hjorth__activity__FT10-T8,-2.034884246083864,sr332,chb01
hjorth__mobility__FT10-T8,-0.15346498240223755,sr332,chb01
hjorth__complexity__FT10-T8,-0.1361065027317906,sr332,chb01
hjorth__activity__FT9-FT10,-3.138190389917688,sr332,chb01
hjorth__mobility__FT9-FT10,-2.6912337327074924,sr332,chb01
hjorth__complexity__FT9-FT10,-0.035834369811580655,sr332,chb01
hjorth__activity__FZ-CZ,0.3158265283066223,sr332,chb01
hjorth__mobility__FZ-CZ,-0.6473271889862212,sr332,chb01
hjorth__complexity__FZ-CZ,0.5185231570851356,sr332,chb01
hjorth__activity__P3-O1,-1.6531581294700641,sr332,chb01
hjorth__mobility__P3-O1,0.3681101867048242,sr332,chb01
hjorth__complexity__P3-O1,0.5249837785297774,sr332,chb01
hjorth__activity__P4-O2,-0.5000239610521185,sr332,chb01
hjorth__mobility__P4-O2,-0.3321038893155068,sr332,chb01
hjorth__complexity__P4-O2,0.47745018030209124,sr332,chb01
hjorth__activity__P7-O1,-2.1614679890222166,sr332,chb01
hjorth__mobility__P7-O1,-3.1858373682517223,sr332,chb01
hjorth__complexity__P7-O1,-0.24419293236383177,sr332,chb01
hjorth__activity__P7-T7,-0.8994806026383928,sr332,chb01
hjorth__mobility__P7-T7,0.7240113761052581,sr332,chb01
hjorth__complexity__P7-T7,0.38218250020188355,sr332,chb01
hjorth__activity__P8-O2,-0.011573298945793894,sr332,chb01
hjorth__mobility__P8-O2,-0.9242951796536488,sr332,chb01
hjorth__complexity__P8-O2,0.237033985324859,sr332,chb01
hjorth__activity__T7-FT9,-1.6970851431772571,sr332,chb01
hjorth__mobility__T7-FT9,1.2148417334450272,sr332,chb01
hjorth__complexity__T7-FT9,-0.8055464929661165,sr332,chb01
hjorth__activity__T7-P7,-0.8994806026384053,sr332,chb01
hjorth__mobility__T7-P7,0.7240113761052805,sr332,chb01
hjorth__complexity__T7-P7,0.3821825002018894,sr332,chb01
hjorth__activity__T8-P8,-0.16620453421274423,sr332,chb01
hjorth__mobility__T8-P8,1.5217629826991528,sr332,chb01
hjorth__complexity__T8-P8,-0.5095570658872306,sr332,chb01
sr__mean10_snr_change_vs_zero_noise_db__FP1-F7__ctx10,-0.18696510430941563,sr332,chb01
sr__mean10_snr_change_vs_zero_noise_db__FP1-F7__ctx10__missing,-1.1280392439015268,sr332,chb01
time__mean__C3-P3,0.0482944252789929,sr332,chb02
time__std__C3-P3,-0.42853335594766984,sr332,chb02
time__rms__C3-P3,-0.3181922482521131,sr332,chb02
time__ptp__C3-P3,0.07729297868011985,sr332,chb02
time__line_length__C3-P3,1.2145254298526946,sr332,chb02
time__mean__C4-P4,-0.10663057078325296,sr332,chb02
time__std__C4-P4,-0.21215736569989765,sr332,chb02
time__rms__C4-P4,-0.19784842552482979,sr332,chb02
time__ptp__C4-P4,0.16911778789943446,sr332,chb02
time__line_length__C4-P4,-0.8562618878352531,sr332,chb02
time__mean__CZ-PZ,0.12000877987427612,sr332,chb02
time__std__CZ-PZ,0.7729700567987344,sr332,chb02
time__rms__CZ-PZ,0.7955031900679228,sr332,chb02
time__ptp__CZ-PZ,-0.7320064548646511,sr332,chb02
time__line_length__CZ-PZ,-0.08712929075313931,sr332,chb02
time__mean__F3-C3,-0.21509100647163354,sr332,chb02
time__std__F3-C3,-0.7095542948943473,sr332,chb02
time__rms__F3-C3,-0.7314195177869334,sr332,chb02
time__ptp__F3-C3,0.8273897032264735,sr332,chb02
time__line_length__F3-C3,0.8736597489863425,sr332,chb02
time__mean__F4-C4,-0.0807047783063792,sr332,chb02
time__std__F4-C4,-0.015860868539733366,sr332,chb02
time__rms__F4-C4,0.11637536386170216,sr332,chb02
time__ptp__F4-C4,0.5701984501030855,sr332,chb02
time__line_length__F4-C4,0.4454162971808501,sr332,chb02
time__mean__F7-T7,-0.04933224139286623,sr332,chb02
time__std__F7-T7,-0.4203554267041031,sr332,chb02
time__rms__F7-T7,-0.4213331896493908,sr332,chb02
time__ptp__F7-T7,-1.1792387728836624,sr332,chb02
time__line_length__F7-T7,-0.7558854699314079,sr332,chb02
time__mean__F8-T8,0.1878517091113735,sr332,chb02
time__std__F8-T8,-1.7221375881529704,sr332,chb02
time__rms__F8-T8,-1.7502720867003865,sr332,chb02
time__ptp__F8-T8,0.4051728627467473,sr332,chb02
time__line_length__F8-T8,-0.18197292482674002,sr332,chb02
time__mean__FP1-F3,0.22295601496118903,sr332,chb02
time__std__FP1-F3,0.11517211982606919,sr332,chb02
time__rms__FP1-F3,0.05865310015795408,sr332,chb02
time__ptp__FP1-F3,1.0554326723237568,sr332,chb02
time__line_length__FP1-F3,-0.386323790303256,sr332,chb02
time__mean__FP1-F7,-0.1958583343015736,sr332,chb02
time__std__FP1-F7,0.37990038970357726,sr332,chb02
time__rms__FP1-F7,0.3413011512367948,sr332,chb02
time__ptp__FP1-F7,-0.5416336511925441,sr332,chb02
time__line_length__FP1-F7,1.775820727259219,sr332,chb02
time__mean__FP2-F4,0.18787102929841473,sr332,chb02
time__std__FP2-F4,-1.241522824971254,sr332,chb02
time__rms__FP2-F4,-1.251981971389375,sr332,chb02
time__ptp__FP2-F4,0.08344771623334593,sr332,chb02
time__line_length__FP2-F4,0.47405918633791455,sr332,chb02
time__mean__FP2-F8,0.051536604578437645,sr332,chb02
time__std__FP2-F8,-0.22328607165911588,sr332,chb02
time__rms__FP2-F8,-0.1941307119630578,sr332,chb02
time__ptp__FP2-F8,1.3651423761667485,sr332,chb02
time__line_length__FP2-F8,0.6989667503234884,sr332,chb02
time__mean__FT10-T8,-0.45333335544582326,sr332,chb02
time__std__FT10-T8,1.3887055550235796,sr332,chb02
time__rms__FT10-T8,1.3848148124947124,sr332,chb02
time__ptp__FT10-T8,-0.5554204409754672,sr332,chb02
time__line_length__FT10-T8,2.186837474425863,sr332,chb02
time__mean__FT9-FT10,-0.4756328849700517,sr332,chb02
time__std__FT9-FT10,0.5508959761874112,sr332,chb02
time__rms__FT9-FT10,0.22696332665712776,sr332,chb02
time__ptp__FT9-FT10,-1.8001641868288758,sr332,chb02
time__line_length__FT9-FT10,5.23715186620248,sr332,chb02
time__mean__FZ-CZ,0.16725997417980348,sr332,chb02
time__std__FZ-CZ,0.633826990329054,sr332,chb02
time__rms__FZ-CZ,0.6552591027167893,sr332,chb02
time__ptp__FZ-CZ,-0.9588546437307045,sr332,chb02
time__line_length__FZ-CZ,2.008312956648364,sr332,chb02
time__mean__P3-O1,0.12978607877454157,sr332,chb02
time__std__P3-O1,-2.2740933698860286,sr332,chb02
time__rms__P3-O1,-2.3307829315766098,sr332,chb02
time__ptp__P3-O1,1.1628989199737696,sr332,chb02
time__line_length__P3-O1,-2.0395986510395865,sr332,chb02
time__mean__P4-O2,-0.04545530647174795,sr332,chb02
time__std__P4-O2,0.04613430585596434,sr332,chb02
time__rms__P4-O2,-0.08618661930778135,sr332,chb02
time__ptp__P4-O2,0.07585157278216487,sr332,chb02
time__line_length__P4-O2,-0.3752950748890593,sr332,chb02
time__mean__P7-O1,0.24882402135220688,sr332,chb02
time__std__P7-O1,2.012488062094446,sr332,chb02
time__rms__P7-O1,1.9200142597498504,sr332,chb02
time__ptp__P7-O1,-1.8598660334912087,sr332,chb02
time__line_length__P7-O1,2.598147959286341,sr332,chb02
time__mean__P7-T7,-0.07354706776820298,sr332,chb02
time__std__P7-T7,0.6215286118451784,sr332,chb02
time__rms__P7-T7,0.723999178728631,sr332,chb02
time__ptp__P7-T7,0.064491732330512,sr332,chb02
time__line_length__P7-T7,-0.9110117308653113,sr332,chb02
time__mean__P8-O2,-0.44646658872342354,sr332,chb02
time__std__P8-O2,0.36994123713985505,sr332,chb02
time__rms__P8-O2,0.2658187889338727,sr332,chb02
time__ptp__P8-O2,-0.3181463229553834,sr332,chb02
time__line_length__P8-O2,2.623143596803553,sr332,chb02
time__mean__T7-FT9,-0.463729059890235,sr332,chb02
time__std__T7-FT9,1.0926292559883,sr332,chb02
time__rms__T7-FT9,1.085903748979086,sr332,chb02
time__ptp__T7-FT9,-1.0590187385782033,sr332,chb02
time__line_length__T7-FT9,0.34720077298283786,sr332,chb02
time__mean__T7-P7,0.07354706776817685,sr332,chb02
time__std__T7-P7,0.6215286118452251,sr332,chb02
time__rms__T7-P7,0.72399917872862,sr332,chb02
time__ptp__T7-P7,0.06449173233052526,sr332,chb02
time__line_length__T7-P7,-0.9110117308653216,sr332,chb02
time__mean__T8-P8,-0.17424027950826615,sr332,chb02
time__std__T8-P8,0.020777447051943888,sr332,chb02
time__rms__T8-P8,-0.021525271165994807,sr332,chb02
time__ptp__T8-P8,0.13801847895956085,sr332,chb02
time__line_length__T8-P8,0.014449766382342761,sr332,chb02
freq__delta__C3-P3,0.6237422309213716,sr332,chb02
freq__theta__C3-P3,0.7983705550159046,sr332,chb02
freq__alpha__C3-P3,-1.480947089771688,sr332,chb02
freq__beta__C3-P3,0.788550246808644,sr332,chb02
freq__gamma__C3-P3,-0.3043126337352282,sr332,chb02
freq__delta__C4-P4,-0.025959485730828576,sr332,chb02
freq__theta__C4-P4,-0.8697388852526027,sr332,chb02
freq__alpha__C4-P4,-1.1530108009099134,sr332,chb02
freq__beta__C4-P4,-0.3365611704581282,sr332,chb02
freq__gamma__C4-P4,0.20048437966712904,sr332,chb02
freq__delta__CZ-PZ,-0.7342129835090121,sr332,chb02
freq__theta__CZ-PZ,-0.9141957157731823,sr332,chb02
freq__alpha__CZ-PZ,0.21900699820375077,sr332,chb02
freq__beta__CZ-PZ,0.05266197266482884,sr332,chb02
freq__gamma__CZ-PZ,-0.34532843806543656,sr332,chb02
freq__delta__F3-C3,-0.37151648647726,sr332,chb02
freq__theta__F3-C3,-1.8194776284426117,sr332,chb02
freq__alpha__F3-C3,0.9491797773978388,sr332,chb02
freq__beta__F3-C3,0.3501143441508833,sr332,chb02
freq__gamma__F3-C3,-1.149534798397723,sr332,chb02
freq__delta__F4-C4,-1.4144717150197803,sr332,chb02
freq__theta__F4-C4,1.1463506884693244,sr332,chb02
freq__alpha__F4-C4,1.009461651439197,sr332,chb02
freq__beta__F4-C4,0.22294608432833565,sr332,chb02
freq__gamma__F4-C4,-0.35207004026427424,sr332,chb02
freq__delta__F7-T7,1.1102697884750867,sr332,chb02
freq__theta__F7-T7,0.3648531694522646,sr332,chb02
freq__alpha__F7-T7,2.0976840070672194,sr332,chb02
freq__beta__F7-T7,1.9917690070931153,sr332,chb02
freq__gamma__F7-T7,-0.16050231967518358,sr332,chb02
freq__delta__F8-T8,1.1876296870382936,sr332,chb02
freq__theta__F8-T8,1.3301211463461937,sr332,chb02
freq__alpha__F8-T8,2.1527504746674477,sr332,chb02
freq__beta__F8-T8,0.5116972998988599,sr332,chb02
freq__gamma__F8-T8,-0.06547629738315378,sr332,chb02
freq__delta__FP1-F3,0.4866127767433218,sr332,chb02
freq__theta__FP1-F3,0.04844225050222984,sr332,chb02
freq__alpha__FP1-F3,-0.8535740883483901,sr332,chb02
freq__beta__FP1-F3,-1.1425579332328308,sr332,chb02
freq__gamma__FP1-F3,-0.0646807584651681,sr332,chb02
freq__delta__FP1-F7,-1.4471426077215643,sr332,chb02
freq__theta__FP1-F7,0.6640013729128615,sr332,chb02
freq__alpha__FP1-F7,2.1544059252017327,sr332,chb02
freq__beta__FP1-F7,-2.8796909406124613,sr332,chb02
freq__gamma__FP1-F7,-0.7223942283908046,sr332,chb02
freq__delta__FP2-F4,1.903785055705137,sr332,chb02
freq__theta__FP2-F4,-0.08265993651556126,sr332,chb02
freq__alpha__FP2-F4,-0.4414034628596763,sr332,chb02
freq__beta__FP2-F4,1.1793029899849086,sr332,chb02
freq__gamma__FP2-F4,-0.28073329881271947,sr332,chb02
freq__delta__FP2-F8,-0.8351125022918156,sr332,chb02
freq__theta__FP2-F8,-0.6563008859513798,sr332,chb02
freq__alpha__FP2-F8,-1.0733447565338932,sr332,chb02
freq__beta__FP2-F8,-1.6181683101479492,sr332,chb02
freq__gamma__FP2-F8,0.9044796776457754,sr332,chb02
freq__delta__FT10-T8,-1.212818626050181,sr332,chb02
freq__theta__FT10-T8,-0.01987586388201954,sr332,chb02
freq__alpha__FT10-T8,-1.8978728188630412,sr332,chb02
freq__beta__FT10-T8,-1.495250682257539,sr332,chb02
freq__gamma__FT10-T8,0.4182504287064014,sr332,chb02
freq__delta__FT9-FT10,1.2216206330943953,sr332,chb02
freq__theta__FT9-FT10,0.3852453545614048,sr332,chb02
freq__alpha__FT9-FT10,3.1454402854668886,sr332,chb02
freq__beta__FT9-FT10,-0.10348215441071891,sr332,chb02
freq__gamma__FT9-FT10,-0.5645514256252562,sr332,chb02
freq__delta__FZ-CZ,0.6151477187445029,sr332,chb02
freq__theta__FZ-CZ,-1.7024364173404307,sr332,chb02
freq__alpha__FZ-CZ,0.6944581145885379,sr332,chb02
freq__beta__FZ-CZ,1.2344901378151245,sr332,chb02
freq__gamma__FZ-CZ,-1.001392334629942,sr332,chb02
freq__delta__P3-O1,1.5152259489809248,sr332,chb02
freq__theta__P3-O1,-0.9463576591334912,sr332,chb02
freq__alpha__P3-O1,1.5007816886919019,sr332,chb02
freq__beta__P3-O1,1.9728907243701628,sr332,chb02
freq__gamma__P3-O1,-0.11535913816269423,sr332,chb02
freq__delta__P4-O2,0.5519911408908101,sr332,chb02
freq__theta__P4-O2,1.0198236655790878,sr332,chb02
freq__alpha__P4-O2,0.32236659609864915,sr332,chb02
freq__beta__P4-O2,-0.09751945020937501,sr332,chb02
freq__gamma__P4-O2,-0.7321359223126954,sr332,chb02
freq__delta__P7-O1,1.0314987172921528,sr332,chb02
freq__theta__P7-O1,-0.8066049532404332,sr332,chb02
freq__alpha__P7-O1,0.5361258994747731,sr332,chb02
freq__beta__P7-O1,-0.049934460339005345,sr332,chb02
freq__gamma__P7-O1,0.21187339914511819,sr332,chb02
freq__delta__P7-T7,-0.43960997470061536,sr332,chb02
freq__theta__P7-T7,0.8964010974344341,sr332,chb02
freq__alpha__P7-T7,-0.1912042334987597,sr332,chb02
freq__beta__P7-T7,-1.1409103437559043,sr332,chb02
freq__gamma__P7-T7,0.12547451955837316,sr332,chb02
freq__delta__P8-O2,0.03489502572637175,sr332,chb02
freq__theta__P8-O2,0.45171583765123124,sr332,chb02
freq__alpha__P8-O2,0.03931969154252509,sr332,chb02
freq__beta__P8-O2,-1.248457466527501,sr332,chb02
freq__gamma__P8-O2,0.5432787056979718,sr332,chb02
freq__delta__T7-FT9,-0.17586782670830525,sr332,chb02
freq__theta__T7-FT9,0.3793678766481884,sr332,chb02
freq__alpha__T7-FT9,-1.0490623948473967,sr332,chb02
freq__beta__T7-FT9,-2.147979133622048,sr332,chb02
freq__gamma__T7-FT9,-0.10802673484511041,sr332,chb02
freq__delta__T7-P7,-0.4396099747006581,sr332,chb02
freq__theta__T7-P7,0.8964010974344473,sr332,chb02
freq__alpha__T7-P7,-0.1912042334987572,sr332,chb02
freq__beta__T7-P7,-1.140910343755903,sr332,chb02
freq__gamma__T7-P7,0.12547451955837888,sr332,chb02
freq__delta__T8-P8,0.24549898525764896,sr332,chb02
freq__theta__T8-P8,0.9881136211202711,sr332,chb02
freq__alpha__T8-P8,-0.495269981662655,sr332,chb02
freq__beta__T8-P8,-1.582741901165611,sr332,chb02
freq__gamma__T8-P8,-1.8714417936205756,sr332,chb02
entropy__perm__C3-P3,0.10626294645244722,sr332,chb02
entropy__spectral__C3-P3,0.5194101891225086,sr332,chb02
entropy__perm__C4-P4,-0.40123429269759225,sr332,chb02
entropy__spectral__C4-P4,0.3531090241987588,sr332,chb02
entropy__perm__CZ-PZ,-1.6660150177655457,sr332,chb02
entropy__spectral__CZ-PZ,-0.20589188613293727,sr332,chb02
entropy__perm__F3-C3,1.3016506339752003,sr332,chb02
entropy__spectral__F3-C3,0.451780875566104,sr332,chb02
entropy__perm__F4-C4,-1.3828621896806712,sr332,chb02
entropy__spectral__F4-C4,0.05939994337018786,sr332,chb02
entropy__perm__F7-T7,-0.41614140745720873,sr332,chb02
entropy__spectral__F7-T7,-0.35968348848680753,sr332,chb02
entropy__perm__F8-T8,-0.2669566297447205,sr332,chb02
entropy__spectral__F8-T8,0.060290903066554845,sr332,chb02
entropy__perm__FP1-F3,0.7619115520547419,sr332,chb02
entropy__spectral__FP1-F3,0.7651820287287643,sr332,chb02
entropy__perm__FP1-F7,-0.6379553018804006,sr332,chb02
entropy__spectral__FP1-F7,-1.5749144493512808,sr332,chb02
entropy__perm__FP2-F4,-0.6073369738421295,sr332,chb02
entropy__spectral__FP2-F4,-0.3647551932492287,sr332,chb02
entropy__perm__FP2-F8,0.13894550620894727,sr332,chb02
entropy__spectral__FP2-F8,0.12859082427219634,sr332,chb02
entropy__perm__FT10-T8,-0.17377072807085753,sr332,chb02
entropy__spectral__FT10-T8,0.9267662342041203,sr332,chb02
entropy__perm__FT9-FT10,-0.2281707495386211,sr332,chb02
entropy__spectral__FT9-FT10,0.5362744252038452,sr332,chb02
entropy__perm__FZ-CZ,0.3941447225683311,sr332,chb02
entropy__spectral__FZ-CZ,0.5566970057236913,sr332,chb02
entropy__perm__P3-O1,-0.6853309365683535,sr332,chb02
entropy__spectral__P3-O1,-0.29269898129807487,sr332,chb02
entropy__perm__P4-O2,-0.6479460930147328,sr332,chb02
entropy__spectral__P4-O2,1.135798425089272,sr332,chb02
entropy__perm__P7-O1,1.034928181405326,sr332,chb02
entropy__spectral__P7-O1,1.2222901822533352,sr332,chb02
entropy__perm__P7-T7,0.0249144299735774,sr332,chb02
entropy__spectral__P7-T7,-0.29146900165925343,sr332,chb02
entropy__perm__P8-O2,0.5711594433590684,sr332,chb02
entropy__spectral__P8-O2,1.1702407100195065,sr332,chb02
entropy__perm__T7-FT9,-0.9281298751688338,sr332,chb02
entropy__spectral__T7-FT9,-0.17795415275917315,sr332,chb02
entropy__perm__T7-P7,0.024914429973600143,sr332,chb02
entropy__spectral__T7-P7,-0.29146900165919615,sr332,chb02
entropy__perm__T8-P8,1.8068837688439399,sr332,chb02
entropy__spectral__T8-P8,-0.825490180343269,sr332,chb02
hjorth__activity__C3-P3,-0.3887706452957439,sr332,chb02
hjorth__mobility__C3-P3,0.29904578840872065,sr332,chb02
hjorth__complexity__C3-P3,0.46453465611579525,sr332,chb02
hjorth__activity__C4-P4,0.39759477511005814,sr332,chb02
hjorth__mobility__C4-P4,0.7926958780396268,sr332,chb02
hjorth__complexity__C4-P4,0.819005145865336,sr332,chb02
hjorth__activity__CZ-PZ,1.0410670674548537,sr332,chb02
hjorth__mobility__CZ-PZ,1.3381824916065939,sr332,chb02
hjorth__complexity__CZ-PZ,0.011768290436165913,sr332,chb02
hjorth__activity__F3-C3,0.17973110115901833,sr332,chb02
hjorth__mobility__F3-C3,-0.5409779276060558,sr332,chb02
hjorth__complexity__F3-C3,0.4718170204975514,sr332,chb02
hjorth__activity__F4-C4,0.4141305166437535,sr332,chb02
hjorth__mobility__F4-C4,-0.16337584505813396,sr332,chb02
hjorth__complexity__F4-C4,-0.3197522201932401,sr332,chb02
hjorth__activity__F7-T7,-0.4695904446823331,sr332,chb02
hjorth__mobility__F7-T7,1.1415903750222147,sr332,chb02
hjorth__complexity__F7-T7,1.153878148904446,sr332,chb02
hjorth__activity__F8-T8,0.40698896174866295,sr332,chb02
hjorth__mobility__F8-T8,-0.8105299242632653,sr332,chb02
hjorth__complexity__F8-T8,0.6348730293476992,sr332,chb02
hjorth__activity__FP1-F3,0.29578492405159024,sr332,chb02
hjorth__mobility__FP1-F3,0.810225955204676,sr332,chb02
hjorth__complexity__FP1-F3,-0.1552953659971785,sr332,chb02
hjorth__activity__FP1-F7,-0.4449542881823329,sr332,chb02
hjorth__mobility__FP1-F7,1.0908008010973558,sr332,chb02
hjorth__complexity__FP1-F7,0.3082405704004771,sr332,chb02
hjorth__activity__FP2-F4,-0.008756839786649089,sr332,chb02
hjorth__mobility__FP2-F4,-0.5165308124675084,sr332,chb02
hjorth__complexity__FP2-F4,-0.03539411863741969,sr332,chb02
hjorth__activity__FP2-F8,-0.1930898004035276,sr332,chb02
hjorth__mobility__FP2-F8,-0.733079474769613,sr332,chb02
hjorth__complexity__FP2-F8,-0.33960652096521177,sr332,chb02
hjorth__activity__FT10-T8,-0.6906255403248646,sr332,chb02
hjorth__mobility__FT10-T8,-0.8737961936849078,sr332,chb02
hjorth__complexity__FT10-T8,-0.2969356482943743,sr332,chb02
hjorth__activity__FT9-FT10,-1.285934620236868,sr332,chb02
hjorth__mobility__FT9-FT10,-1.2419890051392557,sr332,chb02
hjorth__complexity__FT9-FT10,-0.1031148641105061,sr332,chb02
hjorth__activity__FZ-CZ,-0.4911094169470644,sr332,chb02
hjorth__mobility__FZ-CZ,-0.5419818682087716,sr332,chb02
hjorth__complexity__FZ-CZ,0.6012030369077392,sr332,chb02
hjorth__activity__P3-O1,-0.6479609171694609,sr332,chb02
hjorth__mobility__P3-O1,0.563361362691618,sr332,chb02
hjorth__complexity__P3-O1,0.8803908116728469,sr332,chb02
hjorth__activity__P4-O2,-0.5975285819901693,sr332,chb02
hjorth__mobility__P4-O2,-0.6072518774191364,sr332,chb02
hjorth__complexity__P4-O2,0.39696060470269473,sr332,chb02
hjorth__activity__P7-O1,-2.237441555134736,sr332,chb02
hjorth__mobility__P7-O1,-2.339221946596467,sr332,chb02
hjorth__complexity__P7-O1,-0.4676875091571115,sr332,chb02
hjorth__activity__P7-T7,-0.10546852853269063,sr332,chb02
hjorth__mobility__P7-T7,-0.16796578516025434,sr332,chb02
hjorth__complexity__P7-T7,-0.07324035418768853,sr332,chb02
hjorth__activity__P8-O2,-0.8213227154528981,sr332,chb02
hjorth__mobility__P8-O2,-0.8099423038421971,sr332,chb02
hjorth__complexity__P8-O2,0.4889155416413809,sr332,chb02
hjorth__activity__T7-FT9,-1.150724184757504,sr332,chb02
hjorth__mobility__T7-FT9,0.9385450945399634,sr332,chb02
hjorth__complexity__T7-FT9,-0.13475110364294482,sr332,chb02
hjorth__activity__T7-P7,-0.10546852853269922,sr332,chb02
hjorth__mobility__T7-P7,-0.16796578516024926,sr332,chb02
hjorth__complexity__T7-P7,-0.07324035418765408,sr332,chb02
hjorth__activity__T8-P8,-0.015790931366551793,sr332,chb02
hjorth__mobility__T8-P8,0.7006679389645843,sr332,chb02
hjorth__complexity__T8-P8,-0.6440490073503126,sr332,chb02
sr__mean10_snr_change_vs_zero_noise_db__FP1-F7__ctx10,-0.48767808268828555,sr332,chb02
sr__mean10_snr_change_vs_zero_noise_db__FP1-F7__ctx10__missing,-0.11974680338913235,sr332,chb02
time__mean__C3-P3,-0.08191357463224888,sr332,chb03
time__std__C3-P3,0.17411182433517175,sr332,chb03
time__rms__C3-P3,0.2738694864996878,sr332,chb03
time__ptp__C3-P3,-0.18757893223532474,sr332,chb03
time__line_length__C3-P3,1.0927502456198688,sr332,chb03
time__mean__C4-P4,-0.05371230983945299,sr332,chb03
time__std__C4-P4,0.9135504383002907,sr332,chb03
time__rms__C4-P4,0.9675881065962569,sr332,chb03
time__ptp__C4-P4,-1.10321256191169,sr332,chb03
time__line_length__C4-P4,-0.6204178076270809,sr332,chb03
time__mean__CZ-PZ,0.12982433917678,sr332,chb03
time__std__CZ-PZ,0.7088875366965179,sr332,chb03
time__rms__CZ-PZ,0.7567954194201477,sr332,chb03
time__ptp__CZ-PZ,-0.9898919236430029,sr332,chb03
time__line_length__CZ-PZ,1.4411954033867636,sr332,chb03
time__mean__F3-C3,-0.23837901732163327,sr332,chb03
time__std__F3-C3,-1.5145166103218743,sr332,chb03
time__rms__F3-C3,-1.5055226978414495,sr332,chb03
time__ptp__F3-C3,0.5767068708400238,sr332,chb03
time__line_length__F3-C3,0.6419436872708184,sr332,chb03
time__mean__F4-C4,0.07175799828262955,sr332,chb03
time__std__F4-C4,-1.2216973233574975,sr332,chb03
time__rms__F4-C4,-1.0707732284085978,sr332,chb03
time__ptp__F4-C4,1.1560580583733397,sr332,chb03
time__line_length__F4-C4,1.5112065255147802,sr332,chb03
time__mean__F7-T7,-0.1554471800065448,sr332,chb03
time__std__F7-T7,-0.1548007952974164,sr332,chb03
time__rms__F7-T7,-0.1639150186995753,sr332,chb03
time__ptp__F7-T7,-1.3377800337142332,sr332,chb03
time__line_length__F7-T7,-1.514364441427984,sr332,chb03
time__mean__F8-T8,0.2517833463657092,sr332,chb03
time__std__F8-T8,-0.6966729926504369,sr332,chb03
time__rms__F8-T8,-0.69698264985938,sr332,chb03
time__ptp__F8-T8,0.40018151268762725,sr332,chb03
time__line_length__F8-T8,0.5463883799526381,sr332,chb03
time__mean__FP1-F3,0.20249890851802282,sr332,chb03
time__std__FP1-F3,0.3485078929132228,sr332,chb03
time__rms__FP1-F3,0.34749450381463126,sr332,chb03
time__ptp__FP1-F3,0.8752650751318704,sr332,chb03
time__line_length__FP1-F3,-1.189104705098963,sr332,chb03
time__mean__FP1-F7,-0.19508689519036126,sr332,chb03
time__std__FP1-F7,0.6570849602603009,sr332,chb03
time__rms__FP1-F7,0.6674147206381734,sr332,chb03
time__ptp__FP1-F7,-0.33014229237600756,sr332,chb03
time__line_length__FP1-F7,1.0639017287821775,sr332,chb03
time__mean__FP2-F4,0.337286621319449,sr332,chb03
time__std__FP2-F4,-0.7282208632927555,sr332,chb03
time__rms__FP2-F4,-0.5768936913993163,sr332,chb03
time__ptp__FP2-F4,0.06773009335492491,sr332,chb03
time__line_length__FP2-F4,-1.2930913149608245,sr332,chb03
time__mean__FP2-F8,0.1733413548163099,sr332,chb03
time__std__FP2-F8,-0.07178966779253418,sr332,chb03
time__rms__FP2-F8,0.05393049608689725,sr332,chb03
time__ptp__FP2-F8,0.9191315841460068,sr332,chb03
time__line_length__FP2-F8,1.3463185212952566,sr332,chb03
time__mean__FT10-T8,-0.48369537810498886,sr332,chb03
time__std__FT10-T8,1.1237772520755267,sr332,chb03
time__rms__FT10-T8,1.1403226418576784,sr332,chb03
time__ptp__FT10-T8,-0.15593645170241463,sr332,chb03
time__line_length__FT10-T8,0.37081861232014623,sr332,chb03
time__mean__FT9-FT10,-0.3798656946738082,sr332,chb03
time__std__FT9-FT10,0.14480510693126025,sr332,chb03
time__rms__FT9-FT10,-0.1246432153395427,sr332,chb03
time__ptp__FT9-FT10,-0.9117787292651929,sr332,chb03
time__line_length__FT9-FT10,2.9240744894978716,sr332,chb03
time__mean__FZ-CZ,-0.009546597422247659,sr332,chb03
time__std__FZ-CZ,0.4940185706915851,sr332,chb03
time__rms__FZ-CZ,0.5516855550169507,sr332,chb03
time__ptp__FZ-CZ,-1.1483311880386209,sr332,chb03
time__line_length__FZ-CZ,-0.30667955126038804,sr332,chb03
time__mean__P3-O1,0.062136439348701056,sr332,chb03
time__std__P3-O1,-1.1739239966367758,sr332,chb03
time__rms__P3-O1,-1.200494554809708,sr332,chb03
time__ptp__P3-O1,0.5898903485964839,sr332,chb03
time__line_length__P3-O1,0.7241356525252789,sr332,chb03
time__mean__P4-O2,-0.05236634330734451,sr332,chb03
time__std__P4-O2,0.3086069717099769,sr332,chb03
time__rms__P4-O2,0.2388580449135785,sr332,chb03
time__ptp__P4-O2,-0.35887790231472394,sr332,chb03
time__line_length__P4-O2,1.4170886373607607,sr332,chb03
time__mean__P7-O1,0.23877433298101455,sr332,chb03
time__std__P7-O1,1.2793050135252437,sr332,chb03
time__rms__P7-O1,1.1832931754882057,sr332,chb03
time__ptp__P7-O1,-2.057994410946634,sr332,chb03
time__line_length__P7-O1,0.7954202777668961,sr332,chb03
time__mean__P7-T7,-0.08680191315419167,sr332,chb03
time__std__P7-T7,0.8316870008237058,sr332,chb03
time__rms__P7-T7,0.9715564203087955,sr332,chb03
time__ptp__P7-T7,-0.2952099858893121,sr332,chb03
time__line_length__P7-T7,-0.19166956952907108,sr332,chb03
time__mean__P8-O2,-0.40856237379215565,sr332,chb03
time__std__P8-O2,0.1555019590015522,sr332,chb03
time__rms__P8-O2,0.09824038795704672,sr332,chb03
time__ptp__P8-O2,0.0461107371234231,sr332,chb03
time__line_length__P8-O2,2.172511105343718,sr332,chb03
time__mean__T7-FT9,-0.518470301030366,sr332,chb03
time__std__T7-FT9,0.6199309618651918,sr332,chb03
time__rms__T7-FT9,0.665631815282686,sr332,chb03
time__ptp__T7-FT9,-1.0145666712840553,sr332,chb03
time__line_length__T7-FT9,0.09190822489294341,sr332,chb03
time__mean__T7-P7,0.08680191315418702,sr332,chb03
time__std__T7-P7,0.8316870008237012,sr332,chb03
time__rms__T7-P7,0.9715564203087774,sr332,chb03
time__ptp__T7-P7,-0.2952099858892854,sr332,chb03
time__line_length__T7-P7,-0.19166956952906994,sr332,chb03
time__mean__T8-P8,-0.12214751060783234,sr332,chb03
time__std__T8-P8,0.279733059948649,sr332,chb03
time__rms__T8-P8,0.2801842458942045,sr332,chb03
time__ptp__T8-P8,0.5046730928247384,sr332,chb03
time__line_length__T8-P8,0.5306906617473418,sr332,chb03
freq__delta__C3-P3,0.9384288929173743,sr332,chb03
freq__theta__C3-P3,1.769401750767239,sr332,chb03
freq__alpha__C3-P3,0.0484780256422001,sr332,chb03
freq__beta__C3-P3,-0.23700577650424945,sr332,chb03
freq__gamma__C3-P3,-0.8150476042043536,sr332,chb03
freq__delta__C4-P4,-1.0483295162280903,sr332,chb03
freq__theta__C4-P4,0.09057099114682834,sr332,chb03
freq__alpha__C4-P4,-0.5271815544369668,sr332,chb03
freq__beta__C4-P4,-2.5330915256496156,sr332,chb03
freq__gamma__C4-P4,-2.0218883640400818,sr332,chb03
freq__delta__CZ-PZ,0.9399695133549709,sr332,chb03
freq__theta__CZ-PZ,-1.3662081121390761,sr332,chb03
freq__alpha__CZ-PZ,1.006291503443921,sr332,chb03
freq__beta__CZ-PZ,0.09348490932342764,sr332,chb03
freq__gamma__CZ-PZ,-1.3769062352224666,sr332,chb03
freq__delta__F3-C3,0.1096823274979152,sr332,chb03
freq__theta__F3-C3,0.01319117462639214,sr332,chb03
freq__alpha__F3-C3,1.3098200512189038,sr332,chb03
freq__beta__F3-C3,1.3676421376094812,sr332,chb03
freq__gamma__F3-C3,-0.3918537588892196,sr332,chb03
freq__delta__F4-C4,-0.458711600549156,sr332,chb03
freq__theta__F4-C4,0.7899510762672008,sr332,chb03
freq__alpha__F4-C4,1.9633932616603367,sr332,chb03
freq__beta__F4-C4,0.7451762853441773,sr332,chb03
freq__gamma__F4-C4,-0.985965389778826,sr332,chb03
freq__delta__F7-T7,1.7928068979424232,sr332,chb03
freq__theta__F7-T7,0.24056212420155965,sr332,chb03
freq__alpha__F7-T7,1.8659826398135448,sr332,chb03
freq__beta__F7-T7,2.2738059248689964,sr332,chb03
freq__gamma__F7-T7,-0.44843958549627116,sr332,chb03
freq__delta__F8-T8,0.5062873834448793,sr332,chb03
freq__theta__F8-T8,2.0396492878667387,sr332,chb03
freq__alpha__F8-T8,0.3194215743952493,sr332,chb03
freq__beta__F8-T8,0.3713028919955769,sr332,chb03
freq__gamma__F8-T8,0.034004973122731715,sr332,chb03
freq__delta__FP1-F3,0.23216145163141655,sr332,chb03
freq__theta__FP1-F3,-0.3303825435324644,sr332,chb03
freq__alpha__FP1-F3,-0.3231797157021825,sr332,chb03
freq__beta__FP1-F3,-0.9108731972051104,sr332,chb03
freq__gamma__FP1-F3,0.06172325885039854,sr332,chb03
freq__delta__FP1-F7,-0.7196551960026429,sr332,chb03
freq__theta__FP1-F7,-0.24460491894037928,sr332,chb03
freq__alpha__FP1-F7,0.9105006940406971,sr332,chb03
freq__beta__FP1-F7,-2.5299108689053367,sr332,chb03
freq__gamma__FP1-F7,-0.12380772338057855,sr332,chb03
freq__delta__FP2-F4,1.4373405210856696,sr332,chb03
freq__theta__FP2-F4,0.20750163505957034,sr332,chb03
freq__alpha__FP2-F4,-1.2344635820083667,sr332,chb03
freq__beta__FP2-F4,2.2956313343994106,sr332,chb03
freq__gamma__FP2-F4,0.19899645729514387,sr332,chb03
freq__delta__FP2-F8,-0.4771828369995594,sr332,chb03
freq__theta__FP2-F8,-0.7508829561842291,sr332,chb03
freq__alpha__FP2-F8,-0.2755587791104632,sr332,chb03
freq__beta__FP2-F8,-1.6565601264884053,sr332,chb03
freq__gamma__FP2-F8,-0.011941933218362632,sr332,chb03
freq__delta__FT10-T8,-1.2607015127926902,sr332,chb03
freq__theta__FT10-T8,-1.3116347597659836,sr332,chb03
freq__alpha__FT10-T8,-1.7983993058697278,sr332,chb03
freq__beta__FT10-T8,-1.5678892847074517,sr332,chb03
freq__gamma__FT10-T8,-0.11715431936617574,sr332,chb03
freq__delta__FT9-FT10,1.2630001498555354,sr332,chb03
freq__theta__FT9-FT10,-0.20545428015009368,sr332,chb03
freq__alpha__FT9-FT10,2.6340620000388073,sr332,chb03
freq__beta__FT9-FT10,0.6061944212539815,sr332,chb03
freq__gamma__FT9-FT10,-1.4697891868811148,sr332,chb03
freq__delta__FZ-CZ,0.4914012291396551,sr332,chb03
freq__theta__FZ-CZ,-1.8616857970764455,sr332,chb03
freq__alpha__FZ-CZ,0.9712395253722395,sr332,chb03
freq__beta__FZ-CZ,1.118407123167655,sr332,chb03
freq__gamma__FZ-CZ,-1.0418440809871956,sr332,chb03
freq__delta__P3-O1,2.106885502643191,sr332,chb03
freq__theta__P3-O1,-1.1057967447927048,sr332,chb03
freq__alpha__P3-O1,0.5511599741804913,sr332,chb03
freq__beta__P3-O1,0.7387094445196557,sr332,chb03
freq__gamma__P3-O1,-0.05914100282087648,sr332,chb03
freq__delta__P4-O2,0.838668728983909,sr332,chb03
freq__theta__P4-O2,1.043501309978824,sr332,chb03
freq__alpha__P4-O2,0.8603894420861393,sr332,chb03
freq__beta__P4-O2,0.8000211696030848,sr332,chb03
freq__gamma__P4-O2,-0.9961479359804268,sr332,chb03
freq__delta__P7-O1,0.83678688628472,sr332,chb03
freq__theta__P7-O1,-0.2478127927349143,sr332,chb03
freq__alpha__P7-O1,1.2166247797225265,sr332,chb03
freq__beta__P7-O1,-0.06209630560952809,sr332,chb03
freq__gamma__P7-O1,1.228408923157718,sr332,chb03
freq__delta__P7-T7,-1.0141403176333628,sr332,chb03
freq__theta__P7-T7,1.3210758620291945,sr332,chb03
freq__alpha__P7-T7,-0.14969089079781336,sr332,chb03
freq__beta__P7-T7,-0.5360240971615777,sr332,chb03
freq__gamma__P7-T7,-0.8659976137586416,sr332,chb03
freq__delta__P8-O2,-0.4504939593635187,sr332,chb03
freq__theta__P8-O2,0.29061562309769734,sr332,chb03
freq__alpha__P8-O2,0.06918969813115354,sr332,chb03
freq__beta__P8-O2,-0.9390516250688132,sr332,chb03
freq__gamma__P8-O2,0.4636842871542418,sr332,chb03
freq__delta__T7-FT9,-0.4652517353935331,sr332,chb03
freq__theta__T7-FT9,0.48375745468551307,sr332,chb03
freq__alpha__T7-FT9,-0.19213964707676567,sr332,chb03
freq__beta__T7-FT9,-1.0403755264592829,sr332,chb03
freq__gamma__T7-FT9,1.1761368774307615,sr332,chb03
freq__delta__T7-P7,-1.014140317633381,sr332,chb03
freq__theta__T7-P7,1.321075862029196,sr332,chb03
freq__alpha__T7-P7,-0.1496908907978124,sr332,chb03
freq__beta__T7-P7,-0.536024097161574,sr332,chb03
freq__gamma__T7-P7,-0.865997613758637,sr332,chb03
freq__delta__T8-P8,0.37483661937136176,sr332,chb03
freq__theta__T8-P8,1.4390252525103566,sr332,chb03
freq__alpha__T8-P8,-0.6277172677012258,sr332,chb03
freq__beta__T8-P8,-1.4136788246364367,sr332,chb03
freq__gamma__T8-P8,-1.757170875430197,sr332,chb03
entropy__perm__C3-P3,0.6538375289326539,sr332,chb03
entropy__spectral__C3-P3,0.4522071461983318,sr332,chb03
entropy__perm__C4-P4,-0.09016977460555169,sr332,chb03
entropy__spectral__C4-P4,1.1107063444137009,sr332,chb03
entropy__perm__CZ-PZ,-1.4891402907102904,sr332,chb03
entropy__spectral__CZ-PZ,-0.16848764108489858,sr332,chb03
entropy__perm__F3-C3,1.1038886886637935,sr332,chb03
entropy__spectral__F3-C3,0.7922023390815482,sr332,chb03
entropy__perm__F4-C4,-1.6788194721112133,sr332,chb03
entropy__spectral__F4-C4,-0.008115448976492823,sr332,chb03
entropy__perm__F7-T7,-0.5509956566585771,sr332,chb03
entropy__spectral__F7-T7,-0.6265308857226525,sr332,chb03
entropy__perm__F8-T8,-0.28369457707121104,sr332,chb03
entropy__spectral__F8-T8,0.1951964671412928,sr332,chb03
entropy__perm__FP1-F3,0.9318080685156451,sr332,chb03
entropy__spectral__FP1-F3,1.0406974061366778,sr332,chb03
entropy__perm__FP1-F7,-0.6702021584538078,sr332,chb03
entropy__spectral__FP1-F7,-1.6416686181332552,sr332,chb03
entropy__perm__FP2-F4,0.03391013947689252,sr332,chb03
entropy__spectral__FP2-F4,-0.18713971849079789,sr332,chb03
entropy__perm__FP2-F8,-0.3089595593481485,sr332,chb03
entropy__spectral__FP2-F8,0.5132347268510311,sr332,chb03
entropy__perm__FT10-T8,-0.017367119778638213,sr332,chb03
entropy__spectral__FT10-T8,1.081496536601557,sr332,chb03
entropy__perm__FT9-FT10,0.06625097053178135,sr332,chb03
entropy__spectral__FT9-FT10,-0.514999830547899,sr332,chb03
entropy__perm__FZ-CZ,-0.48521787962844665,sr332,chb03
entropy__spectral__FZ-CZ,0.6090805789591494,sr332,chb03
entropy__perm__P3-O1,-0.7680774232381313,sr332,chb03
entropy__spectral__P3-O1,1.2530277787695914,sr332,chb03
entropy__perm__P4-O2,-0.5178293069647205,sr332,chb03
entropy__spectral__P4-O2,2.1843471223169733,sr332,chb03
entropy__perm__P7-O1,1.0680108604410654,sr332,chb03
entropy__spectral__P7-O1,0.5962553186610722,sr332,chb03
entropy__perm__P7-T7,0.17696090138996093,sr332,chb03
entropy__spectral__P7-T7,-0.0164739578097778,sr332,chb03
entropy__perm__P8-O2,0.46364485077362766,sr332,chb03
entropy__spectral__P8-O2,1.2125086451384546,sr332,chb03
entropy__perm__T7-FT9,-0.7658772351964461,sr332,chb03
entropy__spectral__T7-FT9,-0.5199416610115627,sr332,chb03
entropy__perm__T7-P7,0.1769609013899353,sr332,chb03
entropy__spectral__T7-P7,-0.01647395780971358,sr332,chb03
entropy__perm__T8-P8,1.9826713351814322,sr332,chb03
entropy__spectral__T8-P8,-1.1173303160421184,sr332,chb03
hjorth__activity__C3-P3,-1.2516117703541507,sr332,chb03
hjorth__mobility__C3-P3,1.1720683148568762,sr332,chb03
hjorth__complexity__C3-P3,0.4065011800133855,sr332,chb03
hjorth__activity__C4-P4,0.10494744143359662,sr332,chb03
hjorth__mobility__C4-P4,-1.1312618966245922,sr332,chb03
hjorth__complexity__C4-P4,0.464546397907604,sr332,chb03
hjorth__activity__CZ-PZ,-1.206958914840384,sr332,chb03
hjorth__mobility__CZ-PZ,0.20556362963835595,sr332,chb03
hjorth__complexity__CZ-PZ,0.027672532729603565,sr332,chb03
hjorth__activity__F3-C3,-0.1847814490121124,sr332,chb03
hjorth__mobility__F3-C3,-0.526423550358084,sr332,chb03
hjorth__complexity__F3-C3,0.43172627612460823,sr332,chb03
hjorth__activity__F4-C4,0.3905528698116408,sr332,chb03
hjorth__mobility__F4-C4,-0.16142148395335165,sr332,chb03
hjorth__complexity__F4-C4,0.23367082336711098,sr332,chb03
hjorth__activity__F7-T7,-0.8213118955982911,sr332,chb03
hjorth__mobility__F7-T7,1.818972802557897,sr332,chb03
hjorth__complexity__F7-T7,1.382849150241588,sr332,chb03
hjorth__activity__F8-T8,0.08005754522111555,sr332,chb03
hjorth__mobility__F8-T8,-1.516363827409703,sr332,chb03
hjorth__complexity__F8-T8,0.3367589426664575,sr332,chb03
hjorth__activity__FP1-F3,0.24131914728600096,sr332,chb03
hjorth__mobility__FP1-F3,0.5359685802247034,sr332,chb03
hjorth__complexity__FP1-F3,0.06883377590195412,sr332,chb03
hjorth__activity__FP1-F7,-1.9809602517481764,sr332,chb03
hjorth__mobility__FP1-F7,1.0016531017392847,sr332,chb03
hjorth__complexity__FP1-F7,0.06646644800856319,sr332,chb03
hjorth__activity__FP2-F4,0.7889644295140673,sr332,chb03
hjorth__mobility__FP2-F4,0.4488890126398032,sr332,chb03
hjorth__complexity__FP2-F4,-0.01872866591105071,sr332,chb03
hjorth__activity__FP2-F8,-1.8626219125812893,sr332,chb03
hjorth__mobility__FP2-F8,-1.1884949926705213,sr332,chb03
hjorth__complexity__FP2-F8,-0.2503001292801403,sr332,chb03
hjorth__activity__FT10-T8,-0.23646711706058385,sr332,chb03
hjorth__mobility__FT10-T8,0.22937681379074037,sr332,chb03
hjorth__complexity__FT10-T8,0.2117788898904991,sr332,chb03
hjorth__activity__FT9-FT10,-0.7458959914721736,sr332,chb03
hjorth__mobility__FT9-FT10,-1.5590552289658675,sr332,chb03
hjorth__complexity__FT9-FT10,-0.9973721216362608,sr332,chb03
hjorth__activity__FZ-CZ,0.572160509800213,sr332,chb03
hjorth__mobility__FZ-CZ,-1.104198432275785,sr332,chb03
hjorth__complexity__FZ-CZ,0.18287304454652847,sr332,chb03
hjorth__activity__P3-O1,-2.8746678416380376,sr332,chb03
hjorth__mobility__P3-O1,-0.6566011570289724,sr332,chb03
hjorth__complexity__P3-O1,1.328190285808744,sr332,chb03
hjorth__activity__P4-O2,-1.6318036636319941,sr332,chb03
hjorth__mobility__P4-O2,-1.9975597457292797,sr332,chb03
hjorth__complexity__P4-O2,0.5515276001636128,sr332,chb03
hjorth__activity__P7-O1,-1.3024771296175237,sr332,chb03
hjorth__mobility__P7-O1,-1.6757775211184218,sr332,chb03
hjorth__complexity__P7-O1,-1.1999889837571815,sr332,chb03
hjorth__activity__P7-T7,-0.24124141902440818,sr332,chb03
hjorth__mobility__P7-T7,-0.9399133584065966,sr332,chb03
hjorth__complexity__P7-T7,0.17312079974521544,sr332,chb03
hjorth__activity__P8-O2,-0.6553186743729138,sr332,chb03
hjorth__mobility__P8-O2,-1.877070963404373,sr332,chb03
hjorth__complexity__P8-O2,0.45519285485546673,sr332,chb03
hjorth__activity__T7-FT9,-1.0926432505988903,sr332,chb03
hjorth__mobility__T7-FT9,2.3103095405886607,sr332,chb03
hjorth__complexity__T7-FT9,-0.3366667060767318,sr332,chb03
hjorth__activity__T7-P7,-0.24124141902440935,sr332,chb03
hjorth__mobility__T7-P7,-0.9399133584065763,sr332,chb03
hjorth__complexity__T7-P7,0.17312079974523076,sr332,chb03
hjorth__activity__T8-P8,-0.950250375314045,sr332,chb03
hjorth__mobility__T8-P8,1.0343521117824295,sr332,chb03
hjorth__complexity__T8-P8,-0.7312128046383433,sr332,chb03
sr__mean10_snr_change_vs_zero_noise_db__FP1-F7__ctx10,-0.2720674413147554,sr332,chb03
sr__mean10_snr_change_vs_zero_noise_db__FP1-F7__ctx10__missing,-0.9376055926275743,sr332,chb03
time__mean__C3-P3,0.044475569846065724,sr332,chb05
time__std__C3-P3,0.9857617617836482,sr332,chb05
time__rms__C3-P3,1.0790568799502542,sr332,chb05
time__ptp__C3-P3,-1.1524844370640508,sr332,chb05
time__line_length__C3-P3,1.1642692711757014,sr332,chb05
time__mean__C4-P4,-0.21000750118394806,sr332,chb05
time__std__C4-P4,1.0344391658047085,sr332,chb05
time__rms__C4-P4,1.00809128758861,sr332,chb05
time__ptp__C4-P4,-0.23410902863931535,sr332,chb05
time__line_length__C4-P4,-1.2160520056021882,sr332,chb05
time__mean__CZ-PZ,0.2247202396547595,sr332,chb05
time__std__CZ-PZ,0.1109010726437299,sr332,chb05
time__rms__CZ-PZ,0.12829171660420763,sr332,chb05
time__ptp__CZ-PZ,-0.4693136834801974,sr332,chb05
time__line_length__CZ-PZ,0.051012591243087366,sr332,chb05
time__mean__F3-C3,-0.11711065303240782,sr332,chb05
time__std__F3-C3,-0.5900189089594806,sr332,chb05
time__rms__F3-C3,-0.5830227794000103,sr332,chb05
time__ptp__F3-C3,0.8193998361562673,sr332,chb05
time__line_length__F3-C3,0.5383262793145289,sr332,chb05
time__mean__F4-C4,-0.11693036398459353,sr332,chb05
time__std__F4-C4,-0.2617944469504018,sr332,chb05
time__rms__F4-C4,-0.10463546685099279,sr332,chb05
time__ptp__F4-C4,0.33422798011169175,sr332,chb05
time__line_length__F4-C4,0.8954580285898558,sr332,chb05
time__mean__F7-T7,-0.04219585650199496,sr332,chb05
time__std__F7-T7,-0.8621656100289066,sr332,chb05
time__rms__F7-T7,-0.8170892996075739,sr332,chb05
time__ptp__F7-T7,-0.7224106149232764,sr332,chb05
time__line_length__F7-T7,-0.4712143065722088,sr332,chb05
time__mean__F8-T8,0.2751526338978514,sr332,chb05
time__std__F8-T8,-1.1345745273388272,sr332,chb05
time__rms__F8-T8,-1.1760570799807288,sr332,chb05
time__ptp__F8-T8,0.86775945642706,sr332,chb05
time__line_length__F8-T8,-0.6097906534493553,sr332,chb05
time__mean__FP1-F3,0.21241389761568313,sr332,chb05
time__std__FP1-F3,0.27027299048459585,sr332,chb05
time__rms__FP1-F3,0.2327494481633465,sr332,chb05
time__ptp__FP1-F3,1.3456040056730267,sr332,chb05
time__line_length__FP1-F3,-0.07248781461354355,sr332,chb05
time__mean__FP1-F7,-0.27695128420895665,sr332,chb05
time__std__FP1-F7,0.8609310482970522,sr332,chb05
time__rms__FP1-F7,0.8545116464118161,sr332,chb05
time__ptp__FP1-F7,-0.5777818565300236,sr332,chb05
time__line_length__FP1-F7,1.7428862360820052,sr332,chb05
time__mean__FP2-F4,0.2337126485534641,sr332,chb05
time__std__FP2-F4,-0.8668024840308889,sr332,chb05
time__rms__FP2-F4,-0.7442184789264186,sr332,chb05
time__ptp__FP2-F4,-0.47635062756761715,sr332,chb05
time__line_length__FP2-F4,0.33335796163003817,sr332,chb05
time__mean__FP2-F8,0.1103145348487029,sr332,chb05
time__std__FP2-F8,-0.23520909253535519,sr332,chb05
time__rms__FP2-F8,-0.10993003165693511,sr332,chb05
time__ptp__FP2-F8,1.246787155652799,sr332,chb05
time__line_length__FP2-F8,0.42342933718490144,sr332,chb05
time__mean__FT10-T8,-0.5309792420516704,sr332,chb05
time__std__FT10-T8,0.7905788460643162,sr332,chb05
time__rms__FT10-T8,0.7663206118382057,sr332,chb05
time__ptp__FT10-T8,-0.3996356061408656,sr332,chb05
time__line_length__FT10-T8,0.3392041027943153,sr332,chb05
time__mean__FT9-FT10,-0.3293445824024302,sr332,chb05
time__std__FT9-FT10,0.49011143800387,sr332,chb05
time__rms__FT9-FT10,0.23873518489224246,sr332,chb05
time__ptp__FT9-FT10,-1.393820118111108,sr332,chb05
time__line_length__FT9-FT10,4.1487196577719585,sr332,chb05
time__mean__FZ-CZ,0.14683415630614782,sr332,chb05
time__std__FZ-CZ,0.75728276658148,sr332,chb05
time__rms__FZ-CZ,0.8058987293106811,sr332,chb05
time__ptp__FZ-CZ,-0.9535258744369712,sr332,chb05
time__line_length__FZ-CZ,1.7418507280506603,sr332,chb05
time__mean__P3-O1,0.03582742860312772,sr332,chb05
time__std__P3-O1,-1.6918980962762595,sr332,chb05
time__rms__P3-O1,-1.7710500290365305,sr332,chb05
time__ptp__P3-O1,1.4187595711061902,sr332,chb05
time__line_length__P3-O1,-0.18271423156006997,sr332,chb05
time__mean__P4-O2,0.026258396693301926,sr332,chb05
time__std__P4-O2,0.15566998727891596,sr332,chb05
time__rms__P4-O2,0.034764970749029116,sr332,chb05
time__ptp__P4-O2,-0.4635691722873414,sr332,chb05
time__line_length__P4-O2,0.5476302175347424,sr332,chb05
time__mean__P7-O1,0.13211997260549685,sr332,chb05
time__std__P7-O1,1.9662351270473828,sr332,chb05
time__rms__P7-O1,1.8573911398247347,sr332,chb05
time__ptp__P7-O1,-2.318514843778462,sr332,chb05
time__line_length__P7-O1,0.7746945912176213,sr332,chb05
time__mean__P7-T7,-0.07085317774362446,sr332,chb05
time__std__P7-T7,0.4790676206279792,sr332,chb05
time__rms__P7-T7,0.5702846054782731,sr332,chb05
time__ptp__P7-T7,0.4046200858920641,sr332,chb05
time__line_length__P7-T7,0.5507859588284395,sr332,chb05
time__mean__P8-O2,-0.40131001598310506,sr332,chb05
time__std__P8-O2,0.09667912047422735,sr332,chb05
time__rms__P8-O2,0.05752530633551309,sr332,chb05
time__ptp__P8-O2,0.3053003328971332,sr332,chb05
time__line_length__P8-O2,-0.4207477732571701,sr332,chb05
time__mean__T7-FT9,-0.28222249050898446,sr332,chb05
time__std__T7-FT9,1.352658063642183,sr332,chb05
time__rms__T7-FT9,1.3499477360139627,sr332,chb05
time__ptp__T7-FT9,-0.751548211113636,sr332,chb05
time__line_length__T7-FT9,-1.070849367165048,sr332,chb05
time__mean__T7-P7,0.07085317774361351,sr332,chb05
time__std__T7-P7,0.47906762062800046,sr332,chb05
time__rms__T7-P7,0.5702846054782656,sr332,chb05
time__ptp__T7-P7,0.40462008589204324,sr332,chb05
time__line_length__T7-P7,0.5507859588284337,sr332,chb05
time__mean__T8-P8,-0.09265365650900684,sr332,chb05
time__std__T8-P8,0.5832409348905289,sr332,chb05
time__rms__T8-P8,0.5372316665709517,sr332,chb05
time__ptp__T8-P8,-0.3674480326456541,sr332,chb05
time__line_length__T8-P8,0.3208165518638257,sr332,chb05
freq__delta__C3-P3,-0.019840518963394244,sr332,chb05
freq__theta__C3-P3,0.2550188519940094,sr332,chb05
freq__alpha__C3-P3,0.1909500509269745,sr332,chb05
freq__beta__C3-P3,-0.05933299365091021,sr332,chb05
freq__gamma__C3-P3,-1.46165917832881,sr332,chb05
freq__delta__C4-P4,-0.8477571003144005,sr332,chb05
freq__theta__C4-P4,0.7505399402071024,sr332,chb05
freq__alpha__C4-P4,-0.07017837464054513,sr332,chb05
freq__beta__C4-P4,-0.9046939416738926,sr332,chb05
freq__gamma__C4-P4,0.2011260855136137,sr332,chb05
freq__delta__CZ-PZ,-0.5146409396488016,sr332,chb05
freq__theta__CZ-PZ,-0.6702925977602129,sr332,chb05
freq__alpha__CZ-PZ,0.08523444968645538,sr332,chb05
freq__beta__CZ-PZ,0.14094346163424049,sr332,chb05
freq__gamma__CZ-PZ,-0.4187938397114152,sr332,chb05
freq__delta__F3-C3,0.008627997862978078,sr332,chb05
freq__theta__F3-C3,-0.9812003720295007,sr332,chb05
freq__alpha__F3-C3,-0.0860589924281396,sr332,chb05
freq__beta__F3-C3,-0.24016511985535804,sr332,chb05
freq__gamma__F3-C3,-0.32808483032501856,sr332,chb05
freq__delta__F4-C4,-0.6009442648696253,sr332,chb05
freq__theta__F4-C4,-0.42282369288493665,sr332,chb05
freq__alpha__F4-C4,0.10688765230179056,sr332,chb05
freq__beta__F4-C4,-0.12853004948512,sr332,chb05
freq__gamma__F4-C4,-0.08957837332332669,sr332,chb05
freq__delta__F7-T7,1.2462619884336745,sr332,chb05
freq__theta__F7-T7,-0.621786109073846,sr332,chb05
freq__alpha__F7-T7,1.0078471290446744,sr332,chb05
freq__beta__F7-T7,3.384183070723655,sr332,chb05
freq__gamma__F7-T7,0.48430552383934483,sr332,chb05
freq__delta__F8-T8,1.8525677885044132,sr332,chb05
freq__theta__F8-T8,0.23140494384300853,sr332,chb05
freq__alpha__F8-T8,1.051434920669284,sr332,chb05
freq__beta__F8-T8,0.7183212043377597,sr332,chb05
freq__gamma__F8-T8,0.6952591318342428,sr332,chb05
freq__delta__FP1-F3,0.7818936897893866,sr332,chb05
freq__theta__FP1-F3,0.9087185906304645,sr332,chb05
freq__alpha__FP1-F3,-1.8509541336553963,sr332,chb05
freq__beta__FP1-F3,-1.692045200812198,sr332,chb05
freq__gamma__FP1-F3,0.5464644170212697,sr332,chb05
freq__delta__FP1-F7,-1.5220691242276327,sr332,chb05
freq__theta__FP1-F7,0.005685785986523158,sr332,chb05
freq__alpha__FP1-F7,0.8029813784585295,sr332,chb05
freq__beta__FP1-F7,-3.586769513604705,sr332,chb05
freq__gamma__FP1-F7,-1.0504350631979715,sr332,chb05
freq__delta__FP2-F4,1.2023636988378077,sr332,chb05
freq__theta__FP2-F4,0.04638625798079811,sr332,chb05
freq__alpha__FP2-F4,-0.17756007297942994,sr332,chb05
freq__beta__FP2-F4,1.4866450588577589,sr332,chb05
freq__gamma__FP2-F4,-0.5928885868024598,sr332,chb05
freq__delta__FP2-F8,-0.6533591522910505,sr332,chb05
freq__theta__FP2-F8,-0.24887930898779295,sr332,chb05
freq__alpha__FP2-F8,-0.11097113959520985,sr332,chb05
freq__beta__FP2-F8,-1.5741696002433658,sr332,chb05
freq__gamma__FP2-F8,0.28489409764501217,sr332,chb05
freq__delta__FT10-T8,-1.2188855789131616,sr332,chb05
freq__theta__FT10-T8,-1.271718179518314,sr332,chb05
freq__alpha__FT10-T8,-1.635633889901849,sr332,chb05
freq__beta__FT10-T8,-0.3463357562500127,sr332,chb05
freq__gamma__FT10-T8,0.6204230969174361,sr332,chb05
freq__delta__FT9-FT10,1.2141363529212197,sr332,chb05
freq__theta__FT9-FT10,1.979434074009008,sr332,chb05
freq__alpha__FT9-FT10,2.3799902495152465,sr332,chb05
freq__beta__FT9-FT10,0.22076394339983962,sr332,chb05
freq__gamma__FT9-FT10,0.43068639326068775,sr332,chb05
freq__delta__FZ-CZ,0.36514585795287385,sr332,chb05
freq__theta__FZ-CZ,-0.7420026462828003,sr332,chb05
freq__alpha__FZ-CZ,0.13507385397596156,sr332,chb05
freq__beta__FZ-CZ,1.1396073840246765,sr332,chb05
freq__gamma__FZ-CZ,-0.42013006819796456,sr332,chb05
freq__delta__P3-O1,2.415717064145038,sr332,chb05
freq__theta__P3-O1,-0.07668637288029875,sr332,chb05
freq__alpha__P3-O1,1.2480206877694435,sr332,chb05
freq__beta__P3-O1,1.2655725495404042,sr332,chb05
freq__gamma__P3-O1,-0.4075548445258268,sr332,chb05
freq__delta__P4-O2,0.9230796232107801,sr332,chb05
freq__theta__P4-O2,-0.25798593643964723,sr332,chb05
freq__alpha__P4-O2,-0.5975437186798809,sr332,chb05
freq__beta__P4-O2,0.12905815153588415,sr332,chb05
freq__gamma__P4-O2,-0.442161325344044,sr332,chb05
freq__delta__P7-O1,0.38662553608300293,sr332,chb05
freq__theta__P7-O1,-0.7652882883353325,sr332,chb05
freq__alpha__P7-O1,1.199363020852058,sr332,chb05
freq__beta__P7-O1,-0.15489586572137343,sr332,chb05
freq__gamma__P7-O1,0.2563526997939623,sr332,chb05
freq__delta__P7-T7,-0.3822401190830584,sr332,chb05
freq__theta__P7-T7,1.3528816221681519,sr332,chb05
freq__alpha__P7-T7,0.06706329931573357,sr332,chb05
freq__beta__P7-T7,-0.6773569333694333,sr332,chb05
freq__gamma__P7-T7,-0.36479860822211513,sr332,chb05
freq__delta__P8-O2,0.524168826437383,sr332,chb05
freq__theta__P8-O2,-0.3159787407063415,sr332,chb05
freq__alpha__P8-O2,-0.700018940834153,sr332,chb05
freq__beta__P8-O2,-1.588842414846348,sr332,chb05
freq__gamma__P8-O2,0.8556967323301343,sr332,chb05
freq__delta__T7-FT9,-1.0284742110670353,sr332,chb05
freq__theta__T7-FT9,1.1828512253579864,sr332,chb05
freq__alpha__T7-FT9,-0.9169949125019454,sr332,chb05
freq__beta__T7-FT9,-2.119640910678421,sr332,chb05
freq__gamma__T7-FT9,-0.9753244512737804,sr332,chb05
freq__delta__T7-P7,-0.3822401190830685,sr332,chb05
freq__theta__T7-P7,1.3528816221681514,sr332,chb05
freq__alpha__T7-P7,0.06706329931573655,sr332,chb05
freq__beta__T7-P7,-0.6773569333694293,sr332,chb05
freq__gamma__T7-P7,-0.36479860822211185,sr332,chb05
freq__delta__T8-P8,0.20068001571181812,sr332,chb05
freq__theta__T8-P8,0.30165717258216834,sr332,chb05
freq__alpha__T8-P8,0.79248736336475,sr332,chb05
freq__beta__T8-P8,-0.835333279706945,sr332,chb05
freq__gamma__T8-P8,-1.6190862811584226,sr332,chb05
entropy__perm__C3-P3,0.6309021763089847,sr332,chb05
entropy__spectral__C3-P3,1.2079494981502925,sr332,chb05
entropy__perm__C4-P4,0.13685282751054953,sr332,chb05
entropy__spectral__C4-P4,0.5605271661368908,sr332,chb05
entropy__perm__CZ-PZ,-1.5932533928333246,sr332,chb05
entropy__spectral__CZ-PZ,-0.3919710085688517,sr332,chb05
entropy__perm__F3-C3,-0.04471702640781696,sr332,chb05
entropy__spectral__F3-C3,1.0424743723293852,sr332,chb05
entropy__perm__F4-C4,-1.2329771607936033,sr332,chb05
entropy__spectral__F4-C4,0.17701175553352297,sr332,chb05
entropy__perm__F7-T7,-0.43681169730565506,sr332,chb05
entropy__spectral__F7-T7,-0.4134616308120071,sr332,chb05
entropy__perm__F8-T8,0.2072666601945864,sr332,chb05
entropy__spectral__F8-T8,0.38431010535692095,sr332,chb05
entropy__perm__FP1-F3,1.512283191618396,sr332,chb05
entropy__spectral__FP1-F3,0.904664127977119,sr332,chb05
entropy__perm__FP1-F7,-0.5076396869527171,sr332,chb05
entropy__spectral__FP1-F7,-1.9945088304610423,sr332,chb05
entropy__perm__FP2-F4,-0.019664337857833936,sr332,chb05
entropy__spectral__FP2-F4,0.1785682664139526,sr332,chb05
entropy__perm__FP2-F8,-0.7518301132999555,sr332,chb05
entropy__spectral__FP2-F8,0.46785198191784044,sr332,chb05
entropy__perm__FT10-T8,-0.24045994667219622,sr332,chb05
entropy__spectral__FT10-T8,0.43811760062171323,sr332,chb05
entropy__perm__FT9-FT10,-0.7819658487968117,sr332,chb05
entropy__spectral__FT9-FT10,0.5583493186142404,sr332,chb05
entropy__perm__FZ-CZ,-0.7148059766857144,sr332,chb05
entropy__spectral__FZ-CZ,0.3883665692896126,sr332,chb05
entropy__perm__P3-O1,-0.08366204260076543,sr332,chb05
entropy__spectral__P3-O1,-0.6606008624908014,sr332,chb05
entropy__perm__P4-O2,-1.1656439492488353,sr332,chb05
entropy__spectral__P4-O2,2.1260391484459444,sr332,chb05
entropy__perm__P7-O1,0.22875222375038567,sr332,chb05
entropy__spectral__P7-O1,1.2513646084725625,sr332,chb05
entropy__perm__P7-T7,0.3475402594888807,sr332,chb05
entropy__spectral__P7-T7,-0.4337160700999755,sr332,chb05
entropy__perm__P8-O2,0.4562255912247057,sr332,chb05
entropy__spectral__P8-O2,1.4255349964474697,sr332,chb05
entropy__perm__T7-FT9,-0.27647431780179954,sr332,chb05
entropy__spectral__T7-FT9,-0.0790227225902001,sr332,chb05
entropy__perm__T7-P7,0.34754025948884865,sr332,chb05
entropy__spectral__T7-P7,-0.4337160700999502,sr332,chb05
entropy__perm__T8-P8,2.2126338424977385,sr332,chb05
entropy__spectral__T8-P8,-1.0756971120487684,sr332,chb05
hjorth__activity__C3-P3,-1.8283474299684312,sr332,chb05
hjorth__mobility__C3-P3,-0.5560195277369129,sr332,chb05
hjorth__complexity__C3-P3,0.27943135441440353,sr332,chb05
hjorth__activity__C4-P4,-0.361167292890725,sr332,chb05
hjorth__mobility__C4-P4,0.4189980297772527,sr332,chb05
hjorth__complexity__C4-P4,0.3632461346017785,sr332,chb05
hjorth__activity__CZ-PZ,1.2012858383127212,sr332,chb05
hjorth__mobility__CZ-PZ,1.7451164592042123,sr332,chb05
hjorth__complexity__CZ-PZ,-0.042849566533051955,sr332,chb05
hjorth__activity__F3-C3,0.1625088758660007,sr332,chb05
hjorth__mobility__F3-C3,-1.117178677621985,sr332,chb05
hjorth__complexity__F3-C3,0.3886344636010259,sr332,chb05
hjorth__activity__F4-C4,0.2796064453458645,sr332,chb05
hjorth__mobility__F4-C4,-0.07992876587587636,sr332,chb05
hjorth__complexity__F4-C4,0.1619613339731526,sr332,chb05
hjorth__activity__F7-T7,-0.057706867455921906,sr332,chb05
hjorth__mobility__F7-T7,0.2183529175922011,sr332,chb05
hjorth__complexity__F7-T7,1.2564014206060408,sr332,chb05
hjorth__activity__F8-T8,-0.2626620161304923,sr332,chb05
hjorth__mobility__F8-T8,-0.7466882466547232,sr332,chb05
hjorth__complexity__F8-T8,0.5096830425101128,sr332,chb05
hjorth__activity__FP1-F3,-0.8609352801948453,sr332,chb05
hjorth__mobility__FP1-F3,0.6479591051220027,sr332,chb05
hjorth__complexity__FP1-F3,-0.0232161659293853,sr332,chb05
hjorth__activity__FP1-F7,-1.23285255764934,sr332,chb05
hjorth__mobility__FP1-F7,1.2703169801712384,sr332,chb05
hjorth__complexity__FP1-F7,0.1212133525154662,sr332,chb05
hjorth__activity__FP2-F4,0.5862634472003243,sr332,chb05
hjorth__mobility__FP2-F4,-0.5750737702162316,sr332,chb05
hjorth__complexity__FP2-F4,0.03212512611005775,sr332,chb05
hjorth__activity__FP2-F8,-1.2338449365780255,sr332,chb05
hjorth__mobility__FP2-F8,-0.5853576950402535,sr332,chb05
hjorth__complexity__FP2-F8,-0.3115449244419214,sr332,chb05
hjorth__activity__FT10-T8,-1.3094712690275703,sr332,chb05
hjorth__mobility__FT10-T8,-1.0012899046860408,sr332,chb05
hjorth__complexity__FT10-T8,-0.17929475964595248,sr332,chb05
hjorth__activity__FT9-FT10,-1.719848942685327,sr332,chb05
hjorth__mobility__FT9-FT10,-1.30048102710007,sr332,chb05
hjorth__complexity__FT9-FT10,0.2425245592682694,sr332,chb05
hjorth__activity__FZ-CZ,-0.7005909707099408,sr332,chb05
hjorth__mobility__FZ-CZ,-1.252791413701447,sr332,chb05
hjorth__complexity__FZ-CZ,0.5852660758385193,sr332,chb05
hjorth__activity__P3-O1,-1.6737124472517395,sr332,chb05
hjorth__mobility__P3-O1,0.5685035814147553,sr332,chb05
hjorth__complexity__P3-O1,0.463764657744844,sr332,chb05
hjorth__activity__P4-O2,-1.4724608817620843,sr332,chb05
hjorth__mobility__P4-O2,-0.3563500299834643,sr332,chb05
hjorth__complexity__P4-O2,0.9745458795798555,sr332,chb05
hjorth__activity__P7-O1,-1.9390432696548199,sr332,chb05
hjorth__mobility__P7-O1,-2.5330724882168094,sr332,chb05
hjorth__complexity__P7-O1,-0.2471239842532546,sr332,chb05
hjorth__activity__P7-T7,-1.0423946006168847,sr332,chb05
hjorth__mobility__P7-T7,-0.6389908676480314,sr332,chb05
hjorth__complexity__P7-T7,-0.22288212478326208,sr332,chb05
hjorth__activity__P8-O2,-1.4902581438695133,sr332,chb05
hjorth__mobility__P8-O2,-0.8105396516798125,sr332,chb05
hjorth__complexity__P8-O2,0.3321236243956171,sr332,chb05
hjorth__activity__T7-FT9,-1.169026166720904,sr332,chb05
hjorth__mobility__T7-FT9,1.8555236325221887,sr332,chb05
hjorth__complexity__T7-FT9,-0.17312311989648801,sr332,chb05
hjorth__activity__T7-P7,-1.0423946006168918,sr332,chb05
hjorth__mobility__T7-P7,-0.6389908676480193,sr332,chb05
hjorth__complexity__T7-P7,-0.22288212478326092,sr332,chb05
hjorth__activity__T8-P8,-0.7538843448425203,sr332,chb05
hjorth__mobility__T8-P8,1.2260637854589735,sr332,chb05
hjorth__complexity__T8-P8,-1.1062369493252953,sr332,chb05
sr__mean10_snr_change_vs_zero_noise_db__FP1-F7__ctx10,-0.19566124161711534,sr332,chb05
sr__mean10_snr_change_vs_zero_noise_db__FP1-F7__ctx10__missing,-0.9662027786814913,sr332,chb05
time__mean__C3-P3,-0.04384374747894809,sr332,chb08
time__std__C3-P3,0.5063761254970668,sr332,chb08
time__rms__C3-P3,0.46193885838330195,sr332,chb08
time__ptp__C3-P3,0.2578025047011299,sr332,chb08
time__line_length__C3-P3,0.1289486352621698,sr332,chb08
time__mean__C4-P4,0.15295886376709364,sr332,chb08
time__std__C4-P4,1.2259303341225882,sr332,chb08
time__rms__C4-P4,1.239068859059757,sr332,chb08
time__ptp__C4-P4,0.10806153462682709,sr332,chb08
time__line_length__C4-P4,-0.9553798888582004,sr332,chb08
time__mean__CZ-PZ,0.09682599484403907,sr332,chb08
time__std__CZ-PZ,0.6763828412253885,sr332,chb08
time__rms__CZ-PZ,0.6549921165568275,sr332,chb08
time__ptp__CZ-PZ,-0.9907843754580267,sr332,chb08
time__line_length__CZ-PZ,-0.09566199805272363,sr332,chb08
time__mean__F3-C3,-0.23831201258260337,sr332,chb08
time__std__F3-C3,-1.2441050813870345,sr332,chb08
time__rms__F3-C3,-1.2458600625100436,sr332,chb08
time__ptp__F3-C3,0.2738802701037462,sr332,chb08
time__line_length__F3-C3,1.3658811206444053,sr332,chb08
time__mean__F4-C4,0.1219640888560302,sr332,chb08
time__std__F4-C4,-0.7855137387494276,sr332,chb08
time__rms__F4-C4,-0.7156504710000817,sr332,chb08
time__ptp__F4-C4,0.7023298103402886,sr332,chb08
time__line_length__F4-C4,0.38767282483205834,sr332,chb08
time__mean__F7-T7,-0.13479585662467897,sr332,chb08
time__std__F7-T7,-0.05073895566684906,sr332,chb08
time__rms__F7-T7,0.021712537465014753,sr332,chb08
time__ptp__F7-T7,0.630855787088272,sr332,chb08
time__line_length__F7-T7,-0.24606623660284832,sr332,chb08
time__mean__F8-T8,0.0712002835849893,sr332,chb08
time__std__F8-T8,-0.6533691264873419,sr332,chb08
time__rms__F8-T8,-0.6662199829352836,sr332,chb08
time__ptp__F8-T8,0.2217617675336798,sr332,chb08
time__line_length__F8-T8,0.15904443034582535,sr332,chb08
time__mean__FP1-F3,0.12197985336801413,sr332,chb08
time__std__FP1-F3,0.18992423898066857,sr332,chb08
time__rms__FP1-F3,0.26772250919137464,sr332,chb08
time__ptp__FP1-F3,0.4057470836787159,sr332,chb08
time__line_length__FP1-F3,1.282494094223793,sr332,chb08
time__mean__FP1-F7,-0.10924926759309596,sr332,chb08
time__std__FP1-F7,1.2360024693263691,sr332,chb08
time__rms__FP1-F7,1.258192249852562,sr332,chb08
time__ptp__FP1-F7,-1.1204076521660005,sr332,chb08
time__line_length__FP1-F7,0.49700223385206976,sr332,chb08
time__mean__FP2-F4,0.33724829884089214,sr332,chb08
time__std__FP2-F4,-0.5210089098078602,sr332,chb08
time__rms__FP2-F4,-0.3746077617315373,sr332,chb08
time__ptp__FP2-F4,-0.23297206694474026,sr332,chb08
time__line_length__FP2-F4,-0.76222630113614,sr332,chb08
time__mean__FP2-F8,0.03825551498890371,sr332,chb08
time__std__FP2-F8,-0.1751343771625612,sr332,chb08
time__rms__FP2-F8,-0.049296715031378786,sr332,chb08
time__ptp__FP2-F8,0.4952927516722508,sr332,chb08
time__line_length__FP2-F8,-0.08008801316142547,sr332,chb08
time__mean__FT10-T8,-0.23138852338301433,sr332,chb08
time__std__FT10-T8,0.6475609152918197,sr332,chb08
time__rms__FT10-T8,0.6536934813500459,sr332,chb08
time__ptp__FT10-T8,-0.6517796186668228,sr332,chb08
time__line_length__FT10-T8,-0.17964111286585252,sr332,chb08
time__mean__FT9-FT10,-0.0033892392053797077,sr332,chb08
time__std__FT9-FT10,0.4441346261631522,sr332,chb08
time__rms__FT9-FT10,0.3283661340025984,sr332,chb08
time__ptp__FT9-FT10,-0.3715214967749016,sr332,chb08
time__line_length__FT9-FT10,3.286861154601696,sr332,chb08
time__mean__FZ-CZ,0.16041552389321453,sr332,chb08
time__std__FZ-CZ,-0.3660806282577719,sr332,chb08
time__rms__FZ-CZ,-0.29070914966471173,sr332,chb08
time__ptp__FZ-CZ,0.05655056673742635,sr332,chb08
time__line_length__FZ-CZ,1.146298274169319,sr332,chb08
time__mean__P3-O1,0.029521953114421882,sr332,chb08
time__std__P3-O1,-2.1938740024337955,sr332,chb08
time__rms__P3-O1,-2.2487610353857206,sr332,chb08
time__ptp__P3-O1,0.5466219404935317,sr332,chb08
time__line_length__P3-O1,0.7576981036150232,sr332,chb08
time__mean__P4-O2,-0.13700570053295277,sr332,chb08
time__std__P4-O2,0.0270106402421851,sr332,chb08
time__rms__P4-O2,0.029997333489172946,sr332,chb08
time__ptp__P4-O2,0.20629258797746902,sr332,chb08
time__line_length__P4-O2,-0.10453534732444471,sr332,chb08
time__mean__P7-O1,0.030738326593845757,sr332,chb08
time__std__P7-O1,0.4855494685614759,sr332,chb08
time__rms__P7-O1,0.45649231086396896,sr332,chb08
time__ptp__P7-O1,-1.1047956455129846,sr332,chb08
time__line_length__P7-O1,0.7208381237067285,sr332,chb08
time__mean__P7-T7,0.09183412161830304,sr332,chb08
time__std__P7-T7,0.706699124576522,sr332,chb08
time__rms__P7-T7,0.7064011653211631,sr332,chb08
time__ptp__P7-T7,-0.1437549465775921,sr332,chb08
time__line_length__P7-T7,-0.12479449444843607,sr332,chb08
time__mean__P8-O2,-0.07670559088504891,sr332,chb08
time__std__P8-O2,0.058577560266140444,sr332,chb08
time__rms__P8-O2,0.029736270716159204,sr332,chb08
time__ptp__P8-O2,-1.812415508770298,sr332,chb08
time__line_length__P8-O2,2.4038708213329003,sr332,chb08
time__mean__T7-FT9,-0.1827473631278094,sr332,chb08
time__std__T7-FT9,0.08910222764844734,sr332,chb08
time__rms__T7-FT9,0.06397366316676913,sr332,chb08
time__ptp__T7-FT9,-0.17831535896427608,sr332,chb08
time__line_length__T7-FT9,-0.23107531932204775,sr332,chb08
time__mean__T7-P7,-0.09183412161830369,sr332,chb08
time__std__T7-P7,0.7066991245765315,sr332,chb08
time__rms__T7-P7,0.7064011653211644,sr332,chb08
time__ptp__T7-P7,-0.14375494657759955,sr332,chb08
time__line_length__T7-P7,-0.12479449444841795,sr332,chb08
time__mean__T8-P8,0.06564659228320892,sr332,chb08
time__std__T8-P8,0.5420074741719642,sr332,chb08
time__rms__T8-P8,0.5368624320504414,sr332,chb08
time__ptp__T8-P8,-0.4318716638575013,sr332,chb08
time__line_length__T8-P8,0.5382652346516742,sr332,chb08
freq__delta__C3-P3,1.6280271031070366,sr332,chb08
freq__theta__C3-P3,1.1901817201138616,sr332,chb08
freq__alpha__C3-P3,-0.5371834144728388,sr332,chb08
freq__beta__C3-P3,-0.6273585574059096,sr332,chb08
freq__gamma__C3-P3,-0.6499250629451246,sr332,chb08
freq__delta__C4-P4,-1.3960824781843375,sr332,chb08
freq__theta__C4-P4,-0.2679069310339714,sr332,chb08
freq__alpha__C4-P4,-1.2398786936054347,sr332,chb08
freq__beta__C4-P4,-1.3898529941676536,sr332,chb08
freq__gamma__C4-P4,-1.176128073456741,sr332,chb08
freq__delta__CZ-PZ,-0.14061616087771125,sr332,chb08
freq__theta__CZ-PZ,-0.39279429994244125,sr332,chb08
freq__alpha__CZ-PZ,0.16669163976837828,sr332,chb08
freq__beta__CZ-PZ,-0.17895795617294052,sr332,chb08
freq__gamma__CZ-PZ,-0.256219395011856,sr332,chb08
freq__delta__F3-C3,0.34800065823679804,sr332,chb08
freq__theta__F3-C3,-1.2405828473927503,sr332,chb08
freq__alpha__F3-C3,0.749002972294934,sr332,chb08
freq__beta__F3-C3,0.7775218160818368,sr332,chb08
freq__gamma__F3-C3,-1.1978352081049766,sr332,chb08
freq__delta__F4-C4,-0.17969539851988528,sr332,chb08
freq__theta__F4-C4,0.6120416113745162,sr332,chb08
freq__alpha__F4-C4,0.7516905444666432,sr332,chb08
freq__beta__F4-C4,0.21862892615476884,sr332,chb08
freq__gamma__F4-C4,0.908652414945923,sr332,chb08
freq__delta__F7-T7,0.397194785613615,sr332,chb08
freq__theta__F7-T7,0.8226729363015434,sr332,chb08
freq__alpha__F7-T7,0.6775755409393427,sr332,chb08
freq__beta__F7-T7,-0.09333541148635226,sr332,chb08
freq__gamma__F7-T7,-0.9144274346660617,sr332,chb08
freq__delta__F8-T8,-0.4002793107032643,sr332,chb08
freq__theta__F8-T8,0.7020581123302557,sr332,chb08
freq__alpha__F8-T8,0.07358011142302398,sr332,chb08
freq__beta__F8-T8,0.5195420467735625,sr332,chb08
freq__gamma__F8-T8,-0.06173595492987921,sr332,chb08
freq__delta__FP1-F3,0.7038600707987747,sr332,chb08
freq__theta__FP1-F3,-1.2814779395201779,sr332,chb08
freq__alpha__FP1-F3,-1.377896856082304,sr332,chb08
freq__beta__FP1-F3,-1.9699756998513884,sr332,chb08
freq__gamma__FP1-F3,-0.4862264175545976,sr332,chb08
freq__delta__FP1-F7,-1.1734713812835633,sr332,chb08
freq__theta__FP1-F7,0.21973192340508432,sr332,chb08
freq__alpha__FP1-F7,0.4571158444916765,sr332,chb08
freq__beta__FP1-F7,-2.642701298601217,sr332,chb08
freq__gamma__FP1-F7,0.3652021234480946,sr332,chb08
freq__delta__FP2-F4,0.24155363936711216,sr332,chb08
freq__theta__FP2-F4,0.14095812072681818,sr332,chb08
freq__alpha__FP2-F4,-0.42422016038008875,sr332,chb08
freq__beta__FP2-F4,1.1594021844309046,sr332,chb08
freq__gamma__FP2-F4,0.03952089629467569,sr332,chb08
freq__delta__FP2-F8,-0.7557960494857158,sr332,chb08
freq__theta__FP2-F8,-0.2823359134592087,sr332,chb08
freq__alpha__FP2-F8,-0.2756791689615477,sr332,chb08
freq__beta__FP2-F8,-0.7147360825739117,sr332,chb08
freq__gamma__FP2-F8,0.5545015593696533,sr332,chb08
freq__delta__FT10-T8,-0.3386197575567309,sr332,chb08
freq__theta__FT10-T8,-0.3329317791210823,sr332,chb08
freq__alpha__FT10-T8,-1.463417608958848,sr332,chb08
freq__beta__FT10-T8,-0.19970050860146196,sr332,chb08
freq__gamma__FT10-T8,-0.1712489515468163,sr332,chb08
freq__delta__FT9-FT10,0.7214409064924792,sr332,chb08
freq__theta__FT9-FT10,1.491159739301553,sr332,chb08
freq__alpha__FT9-FT10,2.8915480153810025,sr332,chb08
freq__beta__FT9-FT10,-0.39004656366747353,sr332,chb08
freq__gamma__FT9-FT10,0.5254236902696565,sr332,chb08
freq__delta__FZ-CZ,1.1838559220701055,sr332,chb08
freq__theta__FZ-CZ,-1.147803925571974,sr332,chb08
freq__alpha__FZ-CZ,-0.0566527389011038,sr332,chb08
freq__beta__FZ-CZ,0.6569101631347039,sr332,chb08
freq__gamma__FZ-CZ,-0.177941506059163,sr332,chb08
freq__delta__P3-O1,0.5162679569193693,sr332,chb08
freq__theta__P3-O1,-0.7940108374881739,sr332,chb08
freq__alpha__P3-O1,0.7297507573094785,sr332,chb08
freq__beta__P3-O1,0.9104124558567536,sr332,chb08
freq__gamma__P3-O1,0.4622211579049912,sr332,chb08
freq__delta__P4-O2,-0.2612036992436714,sr332,chb08
freq__theta__P4-O2,2.4364165182298407,sr332,chb08
freq__alpha__P4-O2,0.8529194938793059,sr332,chb08
freq__beta__P4-O2,0.06382303042139816,sr332,chb08
freq__gamma__P4-O2,-1.1429666150663247,sr332,chb08
freq__delta__P7-O1,0.7998876171955461,sr332,chb08
freq__theta__P7-O1,0.779940549620169,sr332,chb08
freq__alpha__P7-O1,1.2258692445342692,sr332,chb08
freq__beta__P7-O1,-0.49646649767708984,sr332,chb08
freq__gamma__P7-O1,-0.17718160305048755,sr332,chb08
freq__delta__P7-T7,-0.6266303378928998,sr332,chb08
freq__theta__P7-T7,1.2091029254347627,sr332,chb08
freq__alpha__P7-T7,0.14766972042985546,sr332,chb08
freq__beta__P7-T7,-0.46445258837887626,sr332,chb08
freq__gamma__P7-T7,0.154739560152006,sr332,chb08
freq__delta__P8-O2,1.1005491729125387,sr332,chb08
freq__theta__P8-O2,0.257805892133005,sr332,chb08
freq__alpha__P8-O2,0.9764010256946545,sr332,chb08
freq__beta__P8-O2,-1.118269604901843,sr332,chb08
freq__gamma__P8-O2,0.264453436553558,sr332,chb08
freq__delta__T7-FT9,0.06314584740834264,sr332,chb08
freq__theta__T7-FT9,-1.1298534389535242,sr332,chb08
freq__alpha__T7-FT9,-0.6737426556661149,sr332,chb08
freq__beta__T7-FT9,-1.3061676733063874,sr332,chb08
freq__gamma__T7-FT9,0.16083627041830847,sr332,chb08
freq__delta__T7-P7,-0.6266303378929007,sr332,chb08
freq__theta__T7-P7,1.20910292543476,sr332,chb08
freq__alpha__T7-P7,0.14766972042985407,sr332,chb08
freq__beta__T7-P7,-0.4644525883788758,sr332,chb08
freq__gamma__T7-P7,0.15473956015200377,sr332,chb08
freq__delta__T8-P8,-0.26226934449573003,sr332,chb08
freq__theta__T8-P8,1.6337080880436472,sr332,chb08
freq__alpha__T8-P8,0.1463398331315965,sr332,chb08
freq__beta__T8-P8,-1.2139439083400319,sr332,chb08
freq__gamma__T8-P8,-1.4819376065183474,sr332,chb08
entropy__perm__C3-P3,0.13032818497712081,sr332,chb08
entropy__spectral__C3-P3,0.46940745670427925,sr332,chb08
entropy__perm__C4-P4,0.9422508106634293,sr332,chb08
entropy__spectral__C4-P4,-0.5342489604257421,sr332,chb08
entropy__perm__CZ-PZ,-1.7202473535872311,sr332,chb08
entropy__spectral__CZ-PZ,-0.050909692620703266,sr332,chb08
entropy__perm__F3-C3,1.1869215221353582,sr332,chb08
entropy__spectral__F3-C3,0.37569399366464895,sr332,chb08
entropy__perm__F4-C4,-2.056305094703966,sr332,chb08
entropy__spectral__F4-C4,-0.08395857245999493,sr332,chb08
entropy__perm__F7-T7,1.3431061234933215,sr332,chb08
entropy__spectral__F7-T7,1.1016141587299766,sr332,chb08
entropy__perm__F8-T8,0.7042087084824292,sr332,chb08
entropy__spectral__F8-T8,-0.10908682947753061,sr332,chb08
entropy__perm__FP1-F3,1.3324263244499175,sr332,chb08
entropy__spectral__FP1-F3,0.9939707961062302,sr332,chb08
entropy__perm__FP1-F7,-0.9651289800512569,sr332,chb08
entropy__spectral__FP1-F7,-0.9976972933384116,sr332,chb08
entropy__perm__FP2-F4,-0.2805577885120708,sr332,chb08
entropy__spectral__FP2-F4,0.17810714000445338,sr332,chb08
entropy__perm__FP2-F8,0.5450234339292491,sr332,chb08
entropy__spectral__FP2-F8,-0.7470232350785468,sr332,chb08
entropy__perm__FT10-T8,-0.9451930055814328,sr332,chb08
entropy__spectral__FT10-T8,0.9514995747225742,sr332,chb08
entropy__perm__FT9-FT10,-0.0597365483352098,sr332,chb08
entropy__spectral__FT9-FT10,0.19986952016170764,sr332,chb08
entropy__perm__FZ-CZ,0.49276978757771167,sr332,chb08
entropy__spectral__FZ-CZ,0.015219755383785824,sr332,chb08
entropy__perm__P3-O1,-1.0092361926447413,sr332,chb08
entropy__spectral__P3-O1,-0.5770800590012098,sr332,chb08
entropy__perm__P4-O2,-1.1477332827580684,sr332,chb08
entropy__spectral__P4-O2,0.10037961299508831,sr332,chb08
entropy__perm__P7-O1,-0.11853096647114143,sr332,chb08
entropy__spectral__P7-O1,1.0282273107617077,sr332,chb08
entropy__perm__P7-T7,-0.3918796204156457,sr332,chb08
entropy__spectral__P7-T7,0.2914606718245984,sr332,chb08
entropy__perm__P8-O2,1.2090332170567222,sr332,chb08
entropy__spectral__P8-O2,1.1790591824362495,sr332,chb08
entropy__perm__T7-FT9,-1.0810374815226778,sr332,chb08
entropy__spectral__T7-FT9,1.0545811336507374,sr332,chb08
entropy__perm__T7-P7,-0.39187962041567914,sr332,chb08
entropy__spectral__T7-P7,0.29146067182460383,sr332,chb08
entropy__perm__T8-P8,0.7764282557920373,sr332,chb08
entropy__spectral__T8-P8,-0.020792499184627177,sr332,chb08
hjorth__activity__C3-P3,-0.7678510614884966,sr332,chb08
hjorth__mobility__C3-P3,-0.13917288767966116,sr332,chb08
hjorth__complexity__C3-P3,-0.4471980391410216,sr332,chb08
hjorth__activity__C4-P4,-1.529102504123663,sr332,chb08
hjorth__mobility__C4-P4,0.6800921753143169,sr332,chb08
hjorth__complexity__C4-P4,-0.3265786861714585,sr332,chb08
hjorth__activity__CZ-PZ,0.2899321602858402,sr332,chb08
hjorth__mobility__CZ-PZ,1.618090117722465,sr332,chb08
hjorth__complexity__CZ-PZ,0.30784735406481584,sr332,chb08
hjorth__activity__F3-C3,0.08167725756205993,sr332,chb08
hjorth__mobility__F3-C3,-2.3671222362271194,sr332,chb08
hjorth__complexity__F3-C3,0.1848366183539,sr332,chb08
hjorth__activity__F4-C4,0.5372986673659261,sr332,chb08
hjorth__mobility__F4-C4,0.8601327017979717,sr332,chb08
hjorth__complexity__F4-C4,0.42520391686605635,sr332,chb08
hjorth__activity__F7-T7,-0.7935595866314189,sr332,chb08
hjorth__mobility__F7-T7,0.6153964350205937,sr332,chb08
hjorth__complexity__F7-T7,0.7563457626859091,sr332,chb08
hjorth__activity__F8-T8,0.7962631216476334,sr332,chb08
hjorth__mobility__F8-T8,-0.7535894085573913,sr332,chb08
hjorth__complexity__F8-T8,0.08328222326336177,sr332,chb08
hjorth__activity__FP1-F3,0.6078714544004524,sr332,chb08
hjorth__mobility__FP1-F3,-1.1466403184336198,sr332,chb08
hjorth__complexity__FP1-F3,-0.8730705962146856,sr332,chb08
hjorth__activity__FP1-F7,-1.0902776151209501,sr332,chb08
hjorth__mobility__FP1-F7,0.8531748680051919,sr332,chb08
hjorth__complexity__FP1-F7,0.909142707199934,sr332,chb08
hjorth__activity__FP2-F4,0.530394917429619,sr332,chb08
hjorth__mobility__FP2-F4,-0.3736527500488286,sr332,chb08
hjorth__complexity__FP2-F4,0.17745054032738217,sr332,chb08
hjorth__activity__FP2-F8,0.37576834995366243,sr332,chb08
hjorth__mobility__FP2-F8,-0.9328671440570929,sr332,chb08
hjorth__complexity__FP2-F8,-1.5647496790073248,sr332,chb08
hjorth__activity__FT10-T8,-0.3932046228107412,sr332,chb08
hjorth__mobility__FT10-T8,-0.03651205472672836,sr332,chb08
hjorth__complexity__FT10-T8,-0.18990025479737743,sr332,chb08
hjorth__activity__FT9-FT10,-0.9334216494629852,sr332,chb08
hjorth__mobility__FT9-FT10,-1.4872007572610766,sr332,chb08
hjorth__complexity__FT9-FT10,-1.4882960117827888,sr332,chb08
hjorth__activity__FZ-CZ,-0.8597351635702566,sr332,chb08
hjorth__mobility__FZ-CZ,-0.6424612839379444,sr332,chb08
hjorth__complexity__FZ-CZ,0.7261092277529371,sr332,chb08
hjorth__activity__P3-O1,-0.8965102965763517,sr332,chb08
hjorth__mobility__P3-O1,0.3775537647188614,sr332,chb08
hjorth__complexity__P3-O1,0.5393377593593808,sr332,chb08
hjorth__activity__P4-O2,-0.22364835994939458,sr332,chb08
hjorth__mobility__P4-O2,-0.26622472069177705,sr332,chb08
hjorth__complexity__P4-O2,0.038903468084189124,sr332,chb08
hjorth__activity__P7-O1,-0.13377006238586725,sr332,chb08
hjorth__mobility__P7-O1,-1.5138830859831256,sr332,chb08
hjorth__complexity__P7-O1,0.4308784592599774,sr332,chb08
hjorth__activity__P7-T7,-0.5660189718074442,sr332,chb08
hjorth__mobility__P7-T7,-0.3997355208172132,sr332,chb08
hjorth__complexity__P7-T7,0.02663699939817184,sr332,chb08
hjorth__activity__P8-O2,0.18687418376646708,sr332,chb08
hjorth__mobility__P8-O2,-0.21851437062418863,sr332,chb08
hjorth__complexity__P8-O2,1.194069884113385,sr332,chb08
hjorth__activity__T7-FT9,-1.151189756357196,sr332,chb08
hjorth__mobility__T7-FT9,-0.46576936053173196,sr332,chb08
hjorth__complexity__T7-FT9,0.24162538353390767,sr332,chb08
hjorth__activity__T7-P7,-0.5660189718074424,sr332,chb08
hjorth__mobility__T7-P7,-0.39973552081721003,sr332,chb08
hjorth__complexity__T7-P7,0.026636999398182325,sr332,chb08
hjorth__activity__T8-P8,-0.025926931751238867,sr332,chb08
hjorth__mobility__T8-P8,1.3822675026834603,sr332,chb08
hjorth__complexity__T8-P8,0.36145790924847926,sr332,chb08
sr__mean10_snr_change_vs_zero_noise_db__FP1-F7__ctx10,-0.21554103797067037,sr332,chb08
sr__mean10_snr_change_vs_zero_noise_db__FP1-F7__ctx10__missing,-0.5201769814955934,sr332,chb08
