patient,file,start_sec,end_sec,label,channel,model,drive,noise_intensity,substeps,trial,seed,detector,target_frequency,snr_db,input_snr_db,snr_interpretation,clipped_fraction,noise_convention,initial_state,clip,events,intervals,discarded_intervals,ddof,cv,coherence,valid,reason,zero_noise_snr_db,snr_change_vs_zero_noise_db,snr_change_vs_input_db,duration_sec,sr_numerically_valid
chb01,chb01_03.edf,0.0,4.0,0,FP1-F7,bistable_driven_regularity,eeg_component,0.0,1,0,11304019352729495866,bistable hysteresis; CV sample SD; five intervals,11.5,9.987829738241324,10.03714597144646,local target-band PSD ratio; control is noise-only,0.0,sqrt(2Ddt),-1.0,3.0,0,0,0,1,,,False,insufficient_intervals,9.987829738241324,0.0,-0.0493162332051362,4,True
chb01,chb01_03.edf,0.0,4.0,0,FP1-F7,bistable_driven_regularity,eeg_component,0.0,1,1,12186661973940802804,bistable hysteresis; CV sample SD; five intervals,11.5,9.987829738241324,10.03714597144646,local target-band PSD ratio; control is noise-only,0.0,sqrt(2Ddt),-1.0,3.0,0,0,0,1,,,False,insufficient_intervals,9.987829738241324,0.0,-0.0493162332051362,4,True
chb01,chb01_03.edf,0.0,4.0,0,FP1-F7,bistable_driven_regularity,eeg_component,0.0,1,2,6258755330517710887,bistable hysteresis; CV sample SD; five intervals,11.5,9.987829738241324,10.03714597144646,local target-band PSD ratio; control is noise-only,0.0,sqrt(2Ddt),-1.0,3.0,0,0,0,1,,,False,insufficient_intervals,9.987829738241324,0.0,-0.0493162332051362,4,True
chb01,chb01_03.edf,0.0,4.0,0,FP1-F7,bistable_driven_regularity,eeg_component,0.1,1,0,11304019352729495866,bistable hysteresis; CV sample SD; five intervals,11.5,1.7442187940813605,10.03714597144646,local target-band PSD ratio; control is noise-only,0.0,sqrt(2Ddt),-1.0,3.0,0,0,0,1,,,False,insufficient_intervals,9.987829738241324,-8.243610944159963,-8.2929271773651,4,True
chb01,chb01_03.edf,0.0,4.0,0,FP1-F7,bistable_driven_regularity,eeg_component,0.1,1,1,12186661973940802804,bistable hysteresis; CV sample SD; five intervals,11.5,4.0555248806929365,10.03714597144646,local target-band PSD ratio; control is noise-only,0.0,sqrt(2Ddt),-1.0,3.0,0,0,0,1,,,False,insufficient_intervals,9.987829738241324,-5.932304857548387,-5.981621090753523,4,True
chb01,chb01_03.edf,0.0,4.0,0,FP1-F7,bistable_driven_regularity,eeg_component,0.1,1,2,6258755330517710887,bistable hysteresis; CV sample SD; five intervals,11.5,6.947371615093236,10.03714597144646,local target-band PSD ratio; control is noise-only,0.0,sqrt(2Ddt),-1.0,3.0,0,0,0,1,,,False,insufficient_intervals,9.987829738241324,-3.0404581231480874,-3.089774356353224,4,True
chb01,chb01_03.edf,0.0,4.0,0,FP1-F7,bistable_driven_regularity,eeg_component,0.5,1,0,11304019352729495866,bistable hysteresis; CV sample SD; five intervals,11.5,-0.9377172052613586,10.03714597144646,local target-band PSD ratio; control is noise-only,0.0,sqrt(2Ddt),-1.0,3.0,4,3,0,1,,,False,insufficient_intervals,9.987829738241324,-10.925546943502685,-10.97486317670782,4,True
chb01,chb01_03.edf,0.0,4.0,0,FP1-F7,bistable_driven_regularity,eeg_component,0.5,1,1,12186661973940802804,bistable hysteresis; CV sample SD; five intervals,11.5,5.234542124265089,10.03714597144646,local target-band PSD ratio; control is noise-only,0.0,sqrt(2Ddt),-1.0,3.0,0,0,0,1,,,False,insufficient_intervals,9.987829738241324,-4.753287613976235,-4.802603847181371,4,True
chb01,chb01_03.edf,0.0,4.0,0,FP1-F7,bistable_driven_regularity,eeg_component,0.5,1,2,6258755330517710887,bistable hysteresis; CV sample SD; five intervals,11.5,6.551120882007537,10.03714597144646,local target-band PSD ratio; control is noise-only,0.0,sqrt(2Ddt),-1.0,3.0,1,0,0,1,,,False,insufficient_intervals,9.987829738241324,-3.4367088562337864,-3.486025089438922,4,True
chb01,chb01_03.edf,0.0,4.0,0,FP1-F7,bistable_driven_regularity,eeg_component,2.0,1,0,11304019352729495866,bistable hysteresis; CV sample SD; five intervals,11.5,-2.7709413144432373,10.03714597144646,local target-band PSD ratio; control is noise-only,0.0,sqrt(2Ddt),-1.0,3.0,7,6,0,1,0.6305796308309956,1.5858425345616889,True,ok,9.987829738241324,-12.758771052684562,-12.808087285889698,4,True
chb01,chb01_03.edf,0.0,4.0,0,FP1-F7,bistable_driven_regularity,eeg_component,2.0,1,1,12186661973940802804,bistable hysteresis; CV sample SD; five intervals,11.5,5.748693077199856,10.03714597144646,local target-band PSD ratio; control is noise-only,0.0,sqrt(2Ddt),-1.0,3.0,9,8,0,1,1.3276963842500211,0.7531842459335101,True,ok,9.987829738241324,-4.239136661041468,-4.288452894246604,4,True
chb01,chb01_03.edf,0.0,4.0,0,FP1-F7,bistable_driven_regularity,eeg_component,2.0,1,2,6258755330517710887,bistable hysteresis; CV sample SD; five intervals,11.5,6.152055331164112,10.03714597144646,local target-band PSD ratio; control is noise-only,0.0,sqrt(2Ddt),-1.0,3.0,6,5,0,1,0.7792083685414851,1.2833537733581977,True,ok,9.987829738241324,-3.835774407077212,-3.885090640282348,4,True
chb01,chb01_03.edf,0.0,4.0,0,FP1-F7,bistable_driven_regularity,eeg_component,0.0,2,0,9422344356864014506,bistable hysteresis; CV sample SD; five intervals,11.5,9.98783066670718,10.03714597144646,local target-band PSD ratio; control is noise-only,0.0,sqrt(2Ddt),-1.0,3.0,0,0,0,1,,,False,insufficient_intervals,9.98783066670718,0.0,-0.0493153047392791,4,True
chb01,chb01_03.edf,0.0,4.0,0,FP1-F7,bistable_driven_regularity,eeg_component,0.0,2,1,15318821279060036402,bistable hysteresis; CV sample SD; five intervals,11.5,9.98783066670718,10.03714597144646,local target-band PSD ratio; control is noise-only,0.0,sqrt(2Ddt),-1.0,3.0,0,0,0,1,,,False,insufficient_intervals,9.98783066670718,0.0,-0.0493153047392791,4,True
chb01,chb01_03.edf,0.0,4.0,0,FP1-F7,bistable_driven_regularity,eeg_component,0.0,2,2,1745580357121653389,bistable hysteresis; CV sample SD; five intervals,11.5,9.98783066670718,10.03714597144646,local target-band PSD ratio; control is noise-only,0.0,sqrt(2Ddt),-1.0,3.0,0,0,0,1,,,False,insufficient_intervals,9.98783066670718,0.0,-0.0493153047392791,4,True
chb01,chb01_03.edf,0.0,4.0,0,FP1-F7,bistable_driven_regularity,eeg_component,0.1,2,0,9422344356864014506,bistable hysteresis; CV sample SD; five intervals,11.5,0.6993891305766993,10.03714597144646,local target-band PSD ratio; control is noise-only,0.0,sqrt(2Ddt),-1.0,3.0,0,0,0,1,,,False,insufficient_intervals,9.98783066670718,-9.28844153613048,-9.33775684086976,4,True
chb01,chb01_03.edf,0.0,4.0,0,FP1-F7,bistable_driven_regularity,eeg_component,0.1,2,1,15318821279060036402,bistable hysteresis; CV sample SD; five intervals,11.5,-7.343233666534829,10.03714597144646,local target-band PSD ratio; control is noise-only,0.0,sqrt(2Ddt),-1.0,3.0,0,0,0,1,,,False,insufficient_intervals,9.98783066670718,-17.33106433324201,-17.38037963798129,4,True
chb01,chb01_03.edf,0.0,4.0,0,FP1-F7,bistable_driven_regularity,eeg_component,0.1,2,2,1745580357121653389,bistable hysteresis; CV sample SD; five intervals,11.5,0.7943284647915229,10.03714597144646,local target-band PSD ratio; control is noise-only,0.0,sqrt(2Ddt),-1.0,3.0,0,0,0,1,,,False,insufficient_intervals,9.98783066670718,-9.193502201915658,-9.242817506654935,4,True
chb01,chb01_03.edf,0.0,4.0,0,FP1-F7,bistable_driven_regularity,eeg_component,0.5,2,0,9422344356864014506,bistable hysteresis; CV sample SD; five intervals,11.5,1.780932190291754,10.03714597144646,local target-band PSD ratio; control is noise-only,0.0,sqrt(2Ddt),-1.0,3.0,1,0,0,1,,,False,insufficient_intervals,9.98783066670718,-8.206898476415427,-8.256213781154706,4,True
chb01,chb01_03.edf,0.0,4.0,0,FP1-F7,bistable_driven_regularity,eeg_component,0.5,2,1,15318821279060036402,bistable hysteresis; CV sample SD; five intervals,11.5,-5.0438137346357,10.03714597144646,local target-band PSD ratio; control is noise-only,0.0,sqrt(2Ddt),-1.0,3.0,2,1,0,1,,,False,insufficient_intervals,9.98783066670718,-15.03164440134288,-15.08095970608216,4,True
chb01,chb01_03.edf,0.0,4.0,0,FP1-F7,bistable_driven_regularity,eeg_component,0.5,2,2,1745580357121653389,bistable hysteresis; CV sample SD; five intervals,11.5,-1.8378422400429928,10.03714597144646,local target-band PSD ratio; control is noise-only,0.0,sqrt(2Ddt),-1.0,3.0,0,0,0,1,,,False,insufficient_intervals,9.98783066670718,-11.825672906750173,-11.874988211489452,4,True
chb01,chb01_03.edf,0.0,4.0,0,FP1-F7,bistable_driven_regularity,eeg_component,2.0,2,0,9422344356864014506,bistable hysteresis; CV sample SD; five intervals,11.5,2.2517856531088443,10.03714597144646,local target-band PSD ratio; control is noise-only,0.0,sqrt(2Ddt),-1.0,3.0,6,5,0,1,1.1115089058012544,0.8996779016171077,True,ok,9.98783066670718,-7.736045013598336,-7.785360318337616,4,True
chb01,chb01_03.edf,0.0,4.0,0,FP1-F7,bistable_driven_regularity,eeg_component,2.0,2,1,15318821279060036402,bistable hysteresis; CV sample SD; five intervals,11.5,-4.162050849311436,10.03714597144646,local target-band PSD ratio; control is noise-only,0.0,sqrt(2Ddt),-1.0,3.0,6,5,0,1,0.8443142519277104,1.184393130539764,True,ok,9.98783066670718,-14.149881516018617,-14.199196820757896,4,True
chb01,chb01_03.edf,0.0,4.0,0,FP1-F7,bistable_driven_regularity,eeg_component,2.0,2,2,1745580357121653389,bistable hysteresis; CV sample SD; five intervals,11.5,-3.330311514320685,10.03714597144646,local target-band PSD ratio; control is noise-only,0.0,sqrt(2Ddt),-1.0,3.0,2,1,0,1,,,False,insufficient_intervals,9.98783066670718,-13.318142181027866,-13.367457485767146,4,True
chb01,chb01_03.edf,0.0,4.0,0,FP1-F7,bistable_driven_regularity,no_external_drive,0.0,1,0,11304019352729495866,bistable hysteresis; CV sample SD; five intervals,11.5,,,local target-band PSD ratio; control is noise-only,0.0,sqrt(2Ddt),-1.0,3.0,0,0,0,1,,,False,insufficient_intervals,,,,4,False
chb01,chb01_03.edf,0.0,4.0,0,FP1-F7,bistable_driven_regularity,no_external_drive,0.0,1,1,12186661973940802804,bistable hysteresis; CV sample SD; five intervals,11.5,,,local target-band PSD ratio; control is noise-only,0.0,sqrt(2Ddt),-1.0,3.0,0,0,0,1,,,False,insufficient_intervals,,,,4,False
chb01,chb01_03.edf,0.0,4.0,0,FP1-F7,bistable_driven_regularity,no_external_drive,0.0,1,2,6258755330517710887,bistable hysteresis; CV sample SD; five intervals,11.5,,,local target-band PSD ratio; control is noise-only,0.0,sqrt(2Ddt),-1.0,3.0,0,0,0,1,,,False,insufficient_intervals,,,,4,False
chb01,chb01_03.edf,0.0,4.0,0,FP1-F7,bistable_driven_regularity,no_external_drive,0.1,1,0,11304019352729495866,bistable hysteresis; CV sample SD; five intervals,11.5,-3.770978031986062,,local target-band PSD ratio; control is noise-only,0.0,sqrt(2Ddt),-1.0,3.0,0,0,0,1,,,False,insufficient_intervals,,,,4,False
chb01,chb01_03.edf,0.0,4.0,0,FP1-F7,bistable_driven_regularity,no_external_drive,0.1,1,1,12186661973940802804,bistable hysteresis; CV sample SD; five intervals,11.5,6.151421169234562,,local target-band PSD ratio; control is noise-only,0.0,sqrt(2Ddt),-1.0,3.0,0,0,0,1,,,False,insufficient_intervals,,,,4,False
chb01,chb01_03.edf,0.0,4.0,0,FP1-F7,bistable_driven_regularity,no_external_drive,0.1,1,2,6258755330517710887,bistable hysteresis; CV sample SD; five intervals,11.5,5.941804496071508,,local target-band PSD ratio; control is noise-only,0.0,sqrt(2Ddt),-1.0,3.0,0,0,0,1,,,False,insufficient_intervals,,,,4,False
chb01,chb01_03.edf,0.0,4.0,0,FP1-F7,bistable_driven_regularity,no_external_drive,0.5,1,0,11304019352729495866,bistable hysteresis; CV sample SD; five intervals,11.5,-3.916581629397209,,local target-band PSD ratio; control is noise-only,0.0,sqrt(2Ddt),-1.0,3.0,4,3,0,1,,,False,insufficient_intervals,,,,4,False
chb01,chb01_03.edf,0.0,4.0,0,FP1-F7,bistable_driven_regularity,no_external_drive,0.5,1,1,12186661973940802804,bistable hysteresis; CV sample SD; five intervals,11.5,6.160823934985668,,local target-band PSD ratio; control is noise-only,0.0,sqrt(2Ddt),-1.0,3.0,0,0,0,1,,,False,insufficient_intervals,,,,4,False
chb01,chb01_03.edf,0.0,4.0,0,FP1-F7,bistable_driven_regularity,no_external_drive,0.5,1,2,6258755330517710887,bistable hysteresis; CV sample SD; five intervals,11.5,6.061049010453506,,local target-band PSD ratio; control is noise-only,0.0,sqrt(2Ddt),-1.0,3.0,1,0,0,1,,,False,insufficient_intervals,,,,4,False
chb01,chb01_03.edf,0.0,4.0,0,FP1-F7,bistable_driven_regularity,no_external_drive,2.0,1,0,11304019352729495866,bistable hysteresis; CV sample SD; five intervals,11.5,-4.478952779616174,,local target-band PSD ratio; control is noise-only,0.0,sqrt(2Ddt),-1.0,3.0,7,6,0,1,0.6305796308309956,1.5858425345616889,True,ok,,,,4,False
chb01,chb01_03.edf,0.0,4.0,0,FP1-F7,bistable_driven_regularity,no_external_drive,2.0,1,1,12186661973940802804,bistable hysteresis; CV sample SD; five intervals,11.5,6.206400717613702,,local target-band PSD ratio; control is noise-only,0.0,sqrt(2Ddt),-1.0,3.0,9,8,0,1,1.3276963842500211,0.7531842459335101,True,ok,,,,4,False
chb01,chb01_03.edf,0.0,4.0,0,FP1-F7,bistable_driven_regularity,no_external_drive,2.0,1,2,6258755330517710887,bistable hysteresis; CV sample SD; five intervals,11.5,5.892543331365569,,local target-band PSD ratio; control is noise-only,0.0,sqrt(2Ddt),-1.0,3.0,6,5,0,1,0.7792083685414851,1.2833537733581977,True,ok,,,,4,False
chb01,chb01_03.edf,0.0,4.0,0,FP1-F7,bistable_driven_regularity,no_external_drive,0.0,2,0,9422344356864014506,bistable hysteresis; CV sample SD; five intervals,11.5,,,local target-band PSD ratio; control is noise-only,0.0,sqrt(2Ddt),-1.0,3.0,0,0,0,1,,,False,insufficient_intervals,,,,4,False
chb01,chb01_03.edf,0.0,4.0,0,FP1-F7,bistable_driven_regularity,no_external_drive,0.0,2,1,15318821279060036402,bistable hysteresis; CV sample SD; five intervals,11.5,,,local target-band PSD ratio; control is noise-only,0.0,sqrt(2Ddt),-1.0,3.0,0,0,0,1,,,False,insufficient_intervals,,,,4,False
chb01,chb01_03.edf,0.0,4.0,0,FP1-F7,bistable_driven_regularity,no_external_drive,0.0,2,2,1745580357121653389,bistable hysteresis; CV sample SD; five intervals,11.5,,,local target-band PSD ratio; control is noise-only,0.0,sqrt(2Ddt),-1.0,3.0,0,0,0,1,,,False,insufficient_intervals,,,,4,False
chb01,chb01_03.edf,0.0,4.0,0,FP1-F7,bistable_driven_regularity,no_external_drive,0.1,2,0,9422344356864014506,bistable hysteresis; CV sample SD; five intervals,11.5,2.788368176464637,,local target-band PSD ratio; control is noise-only,0.0,sqrt(2Ddt),-1.0,3.0,0,0,0,1,,,False,insufficient_intervals,,,,4,False
chb01,chb01_03.edf,0.0,4.0,0,FP1-F7,bistable_driven_regularity,no_external_drive,0.1,2,1,15318821279060036402,bistable hysteresis; CV sample SD; five intervals,11.5,-2.91620799040093,,local target-band PSD ratio; control is noise-only,0.0,sqrt(2Ddt),-1.0,3.0,0,0,0,1,,,False,insufficient_intervals,,,,4,False
chb01,chb01_03.edf,0.0,4.0,0,FP1-F7,bistable_driven_regularity,no_external_drive,0.1,2,2,1745580357121653389,bistable hysteresis; CV sample SD; five intervals,11.5,-4.845033007518673,,local target-band PSD ratio; control is noise-only,0.0,sqrt(2Ddt),-1.0,3.0,0,0,0,1,,,False,insufficient_intervals,,,,4,False
chb01,chb01_03.edf,0.0,4.0,0,FP1-F7,bistable_driven_regularity,no_external_drive,0.5,2,0,9422344356864014506,bistable hysteresis; CV sample SD; five intervals,11.5,2.786178875176033,,local target-band PSD ratio; control is noise-only,0.0,sqrt(2Ddt),-1.0,3.0,1,0,0,1,,,False,insufficient_intervals,,,,4,False
chb01,chb01_03.edf,0.0,4.0,0,FP1-F7,bistable_driven_regularity,no_external_drive,0.5,2,1,15318821279060036402,bistable hysteresis; CV sample SD; five intervals,11.5,-2.914724309367627,,local target-band PSD ratio; control is noise-only,0.0,sqrt(2Ddt),-1.0,3.0,2,1,0,1,,,False,insufficient_intervals,,,,4,False
chb01,chb01_03.edf,0.0,4.0,0,FP1-F7,bistable_driven_regularity,no_external_drive,0.5,2,2,1745580357121653389,bistable hysteresis; CV sample SD; five intervals,11.5,-4.775193413863527,,local target-band PSD ratio; control is noise-only,0.0,sqrt(2Ddt),-1.0,3.0,0,0,0,1,,,False,insufficient_intervals,,,,4,False
chb01,chb01_03.edf,0.0,4.0,0,FP1-F7,bistable_driven_regularity,no_external_drive,2.0,2,0,9422344356864014506,bistable hysteresis; CV sample SD; five intervals,11.5,2.7850098984491094,,local target-band PSD ratio; control is noise-only,0.0,sqrt(2Ddt),-1.0,3.0,6,5,0,1,1.1115089058012544,0.8996779016171077,True,ok,,,,4,False
chb01,chb01_03.edf,0.0,4.0,0,FP1-F7,bistable_driven_regularity,no_external_drive,2.0,2,1,15318821279060036402,bistable hysteresis; CV sample SD; five intervals,11.5,-3.0802008621402237,,local target-band PSD ratio; control is noise-only,0.0,sqrt(2Ddt),-1.0,3.0,6,5,0,1,0.8443142519277104,1.184393130539764,True,ok,,,,4,False
chb01,chb01_03.edf,0.0,4.0,0,FP1-F7,bistable_driven_regularity,no_external_drive,2.0,2,2,1745580357121653389,bistable hysteresis; CV sample SD; five intervals,11.5,-4.943816259411622,,local target-band PSD ratio; control is noise-only,0.0,sqrt(2Ddt),-1.0,3.0,2,1,0,1,,,False,insufficient_intervals,,,,4,False
chb01,chb01_03.edf,0.0,4.0,0,FP1-F7,fhn_sde,eeg_component,0.0,1,0,17777416889544131463,FHN mean+SD peaks; >=0.2s intervals; CV population SD; three intervals,11.5,9.9956607259383,10.03714597144646,local target-band PSD ratio; control is noise-only,0.0,sde,,,0,0,0,0,,,False,insufficient_intervals,9.9956607259383,0.0,-0.0414852455081593,4,True
chb01,chb01_03.edf,0.0,4.0,0,FP1-F7,fhn_sde,eeg_component,0.0,1,1,12051207879173044993,FHN mean+SD peaks; >=0.2s intervals; CV population SD; three intervals,11.5,9.9956607259383,10.03714597144646,local target-band PSD ratio; control is noise-only,0.0,sde,,,0,0,0,0,,,False,insufficient_intervals,9.9956607259383,0.0,-0.0414852455081593,4,True
chb01,chb01_03.edf,0.0,4.0,0,FP1-F7,fhn_sde,eeg_component,0.0,1,2,4220282177024835350,FHN mean+SD peaks; >=0.2s intervals; CV population SD; three intervals,11.5,9.9956607259383,10.03714597144646,local target-band PSD ratio; control is noise-only,0.0,sde,,,0,0,0,0,,,False,insufficient_intervals,9.9956607259383,0.0,-0.0414852455081593,4,True
chb01,chb01_03.edf,0.0,4.0,0,FP1-F7,fhn_sde,eeg_component,0.1,1,0,17777416889544131463,FHN mean+SD peaks; >=0.2s intervals; CV population SD; three intervals,11.5,7.811913856435368,10.03714597144646,local target-band PSD ratio; control is noise-only,0.0,sde,,,4,3,0,0,0.2104484440221381,4.751757631882539,True,ok,9.9956607259383,-2.183746869502933,-2.2252321150110923,4,True
chb01,chb01_03.edf,0.0,4.0,0,FP1-F7,fhn_sde,eeg_component,0.1,1,1,12051207879173044993,FHN mean+SD peaks; >=0.2s intervals; CV population SD; three intervals,11.5,5.62004224120098,10.03714597144646,local target-band PSD ratio; control is noise-only,0.0,sde,,,3,2,0,0,,,False,insufficient_intervals,9.9956607259383,-4.375618484737321,-4.41710373024548,4,True
chb01,chb01_03.edf,0.0,4.0,0,FP1-F7,fhn_sde,eeg_component,0.1,1,2,4220282177024835350,FHN mean+SD peaks; >=0.2s intervals; CV population SD; three intervals,11.5,5.407814198622296,10.03714597144646,local target-band PSD ratio; control is noise-only,0.0,sde,,,3,2,0,0,,,False,insufficient_intervals,9.9956607259383,-4.587846527316005,-4.629331772824164,4,True
chb01,chb01_03.edf,0.0,4.0,0,FP1-F7,fhn_sde,eeg_component,0.5,1,0,17777416889544131463,FHN mean+SD peaks; >=0.2s intervals; CV population SD; three intervals,11.5,6.6761834744404345,10.03714597144646,local target-band PSD ratio; control is noise-only,0.0,sde,,,6,5,0,0,0.3249265784488013,3.077618349271388,True,ok,9.9956607259383,-3.319477251497866,-3.360962497006025,4,True
chb01,chb01_03.edf,0.0,4.0,0,FP1-F7,fhn_sde,eeg_component,0.5,1,1,12051207879173044993,FHN mean+SD peaks; >=0.2s intervals; CV population SD; three intervals,11.5,4.390839050415199,10.03714597144646,local target-band PSD ratio; control is noise-only,0.0,sde,,,3,2,0,0,,,False,insufficient_intervals,9.9956607259383,-5.604821675523102,-5.646306921031261,4,True
chb01,chb01_03.edf,0.0,4.0,0,FP1-F7,fhn_sde,eeg_component,0.5,1,2,4220282177024835350,FHN mean+SD peaks; >=0.2s intervals; CV population SD; three intervals,11.5,4.243603976711312,10.03714597144646,local target-band PSD ratio; control is noise-only,0.0,sde,,,5,4,0,0,1.0813609062725125,0.9247606365270165,True,ok,9.9956607259383,-5.7520567492269885,-5.793541994735148,4,True
chb01,chb01_03.edf,0.0,4.0,0,FP1-F7,fhn_sde,eeg_component,2.0,1,0,17777416889544131463,FHN mean+SD peaks; >=0.2s intervals; CV population SD; three intervals,11.5,6.136938060113844,10.03714597144646,local target-band PSD ratio; control is noise-only,0.0,sde,,,6,5,0,0,0.3249265784488013,3.077618349271388,True,ok,9.9956607259383,-3.858722665824456,-3.900207911332616,4,True
chb01,chb01_03.edf,0.0,4.0,0,FP1-F7,fhn_sde,eeg_component,2.0,1,1,12051207879173044993,FHN mean+SD peaks; >=0.2s intervals; CV population SD; three intervals,11.5,3.839089268219236,10.03714597144646,local target-band PSD ratio; control is noise-only,0.0,sde,,,5,4,0,0,0.215526182549734,4.639807508163162,True,ok,9.9956607259383,-6.156571457719065,-6.198056703227224,4,True
chb01,chb01_03.edf,0.0,4.0,0,FP1-F7,fhn_sde,eeg_component,2.0,1,2,4220282177024835350,FHN mean+SD peaks; >=0.2s intervals; CV population SD; three intervals,11.5,3.7971112127890554,10.03714597144646,local target-band PSD ratio; control is noise-only,0.0,sde,,,7,6,0,0,0.6170131515787834,1.6207109969070324,True,ok,9.9956607259383,-6.198549513149246,-6.240034758657405,4,True
chb01,chb01_03.edf,0.0,4.0,0,FP1-F7,fhn_sde,eeg_component,0.0,2,0,12197140845732147655,FHN mean+SD peaks; >=0.2s intervals; CV population SD; three intervals,11.5,9.99563450553232,10.03714597144646,local target-band PSD ratio; control is noise-only,0.0,sde,,,0,0,0,0,,,False,insufficient_intervals,9.99563450553232,0.0,-0.0415114659141391,4,True
chb01,chb01_03.edf,0.0,4.0,0,FP1-F7,fhn_sde,eeg_component,0.0,2,1,10169787300851805037,FHN mean+SD peaks; >=0.2s intervals; CV population SD; three intervals,11.5,9.99563450553232,10.03714597144646,local target-band PSD ratio; control is noise-only,0.0,sde,,,0,0,0,0,,,False,insufficient_intervals,9.99563450553232,0.0,-0.0415114659141391,4,True
chb01,chb01_03.edf,0.0,4.0,0,FP1-F7,fhn_sde,eeg_component,0.0,2,2,8486039138680595051,FHN mean+SD peaks; >=0.2s intervals; CV population SD; three intervals,11.5,9.99563450553232,10.03714597144646,local target-band PSD ratio; control is noise-only,0.0,sde,,,0,0,0,0,,,False,insufficient_intervals,9.99563450553232,0.0,-0.0415114659141391,4,True
chb01,chb01_03.edf,0.0,4.0,0,FP1-F7,fhn_sde,eeg_component,0.1,2,0,12197140845732147655,FHN mean+SD peaks; >=0.2s intervals; CV population SD; three intervals,11.5,-0.116149668528329,10.03714597144646,local target-band PSD ratio; control is noise-only,0.0,sde,,,5,4,0,0,0.5652640743146902,1.7690846551894726,True,ok,9.99563450553232,-10.11178417406065,-10.15329563997479,4,True
chb01,chb01_03.edf,0.0,4.0,0,FP1-F7,fhn_sde,eeg_component,0.1,2,1,10169787300851805037,FHN mean+SD peaks; >=0.2s intervals; CV population SD; three intervals,11.5,-2.6211782450947387,10.03714597144646,local target-band PSD ratio; control is noise-only,0.0,sde,,,8,6,1,0,0.664941684629726,1.5038912781605078,True,ok,9.99563450553232,-12.61681275062706,-12.6583242165412,4,True
chb01,chb01_03.edf,0.0,4.0,0,FP1-F7,fhn_sde,eeg_component,0.1,2,2,8486039138680595051,FHN mean+SD peaks; >=0.2s intervals; CV population SD; three intervals,11.5,1.758795306258145,10.03714597144646,local target-band PSD ratio; control is noise-only,0.0,sde,,,6,5,0,0,0.7639810376225691,1.3089330111018171,True,ok,9.99563450553232,-8.236839199274176,-8.278350665188315,4,True
chb01,chb01_03.edf,0.0,4.0,0,FP1-F7,fhn_sde,eeg_component,0.5,2,0,12197140845732147655,FHN mean+SD peaks; >=0.2s intervals; CV population SD; three intervals,11.5,-3.2010465392144587,10.03714597144646,local target-band PSD ratio; control is noise-only,0.0,sde,,,5,4,0,0,0.5652640743146902,1.7690846551894726,True,ok,9.99563450553232,-13.19668104474678,-13.23819251066092,4,True
chb01,chb01_03.edf,0.0,4.0,0,FP1-F7,fhn_sde,eeg_component,0.5,2,1,10169787300851805037,FHN mean+SD peaks; >=0.2s intervals; CV population SD; three intervals,11.5,-0.9007235073872384,10.03714597144646,local target-band PSD ratio; control is noise-only,0.0,sde,,,5,4,0,0,0.8848622078632385,1.130119459406901,True,ok,9.99563450553232,-10.89635801291956,-10.9378694788337,4,True
chb01,chb01_03.edf,0.0,4.0,0,FP1-F7,fhn_sde,eeg_component,0.5,2,2,8486039138680595051,FHN mean+SD peaks; >=0.2s intervals; CV population SD; three intervals,11.5,-0.6441094396130237,10.03714597144646,local target-band PSD ratio; control is noise-only,0.0,sde,,,5,4,0,0,0.2454287316186678,4.074502579240555,True,ok,9.99563450553232,-10.639743945145344,-10.681255411059484,4,True
chb01,chb01_03.edf,0.0,4.0,0,FP1-F7,fhn_sde,eeg_component,2.0,2,0,12197140845732147655,FHN mean+SD peaks; >=0.2s intervals; CV population SD; three intervals,11.5,-4.763167949657758,10.03714597144646,local target-band PSD ratio; control is noise-only,0.0,sde,,,3,2,0,0,,,False,insufficient_intervals,9.99563450553232,-14.75880245519008,-14.800313921104218,4,True
chb01,chb01_03.edf,0.0,4.0,0,FP1-F7,fhn_sde,eeg_component,2.0,2,1,10169787300851805037,FHN mean+SD peaks; >=0.2s intervals; CV population SD; three intervals,11.5,-0.0135229355423417,10.03714597144646,local target-band PSD ratio; control is noise-only,0.0,sde,,,5,4,0,0,0.8848622078632385,1.130119459406901,True,ok,9.99563450553232,-10.009157441074665,-10.050668906988802,4,True
chb01,chb01_03.edf,0.0,4.0,0,FP1-F7,fhn_sde,eeg_component,2.0,2,2,8486039138680595051,FHN mean+SD peaks; >=0.2s intervals; CV population SD; three intervals,11.5,-1.7031548877607627,10.03714597144646,local target-band PSD ratio; control is noise-only,0.0,sde,,,6,5,0,0,0.2203531639920533,4.538169463434905,True,ok,9.99563450553232,-11.698789393293085,-11.740300859207222,4,True
chb01,chb01_03.edf,0.0,4.0,0,FP1-F7,fhn_sde,no_external_drive,0.0,1,0,17777416889544131463,FHN mean+SD peaks; >=0.2s intervals; CV population SD; three intervals,11.5,-1.0966149847321742,,local target-band PSD ratio; control is noise-only,0.0,sde,,,0,0,0,0,,,False,insufficient_intervals,-1.0966149847321742,0.0,,4,True
chb01,chb01_03.edf,0.0,4.0,0,FP1-F7,fhn_sde,no_external_drive,0.0,1,1,12051207879173044993,FHN mean+SD peaks; >=0.2s intervals; CV population SD; three intervals,11.5,-1.0966149847321742,,local target-band PSD ratio; control is noise-only,0.0,sde,,,0,0,0,0,,,False,insufficient_intervals,-1.0966149847321742,0.0,,4,True
chb01,chb01_03.edf,0.0,4.0,0,FP1-F7,fhn_sde,no_external_drive,0.0,1,2,4220282177024835350,FHN mean+SD peaks; >=0.2s intervals; CV population SD; three intervals,11.5,-1.0966149847321742,,local target-band PSD ratio; control is noise-only,0.0,sde,,,0,0,0,0,,,False,insufficient_intervals,-1.0966149847321742,0.0,,4,True
chb01,chb01_03.edf,0.0,4.0,0,FP1-F7,fhn_sde,no_external_drive,0.1,1,0,17777416889544131463,FHN mean+SD peaks; >=0.2s intervals; CV population SD; three intervals,11.5,5.573204118647349,,local target-band PSD ratio; control is noise-only,0.0,sde,,,4,3,0,0,0.2104484440221381,4.751757631882539,True,ok,-1.0966149847321742,6.669819103379524,,4,True
chb01,chb01_03.edf,0.0,4.0,0,FP1-F7,fhn_sde,no_external_drive,0.1,1,1,12051207879173044993,FHN mean+SD peaks; >=0.2s intervals; CV population SD; three intervals,11.5,3.468341329620939,,local target-band PSD ratio; control is noise-only,0.0,sde,,,3,2,0,0,,,False,insufficient_intervals,-1.0966149847321742,4.564956314353113,,4,True
chb01,chb01_03.edf,0.0,4.0,0,FP1-F7,fhn_sde,no_external_drive,0.1,1,2,4220282177024835350,FHN mean+SD peaks; >=0.2s intervals; CV population SD; three intervals,11.5,3.3406658621590246,,local target-band PSD ratio; control is noise-only,0.0,sde,,,3,2,0,0,,,False,insufficient_intervals,-1.0966149847321742,4.437280846891198,,4,True
chb01,chb01_03.edf,0.0,4.0,0,FP1-F7,fhn_sde,no_external_drive,0.5,1,0,17777416889544131463,FHN mean+SD peaks; >=0.2s intervals; CV population SD; three intervals,11.5,5.566209254231839,,local target-band PSD ratio; control is noise-only,0.0,sde,,,6,5,0,0,0.3249265784488013,3.077618349271388,True,ok,-1.0966149847321742,6.6628242389640135,,4,True
chb01,chb01_03.edf,0.0,4.0,0,FP1-F7,fhn_sde,no_external_drive,0.5,1,1,12051207879173044993,FHN mean+SD peaks; >=0.2s intervals; CV population SD; three intervals,11.5,3.4584467499750358,,local target-band PSD ratio; control is noise-only,0.0,sde,,,3,2,0,0,,,False,insufficient_intervals,-1.0966149847321742,4.555061734707209,,4,True
chb01,chb01_03.edf,0.0,4.0,0,FP1-F7,fhn_sde,no_external_drive,0.5,1,2,4220282177024835350,FHN mean+SD peaks; >=0.2s intervals; CV population SD; three intervals,11.5,3.3490141888165894,,local target-band PSD ratio; control is noise-only,0.0,sde,,,5,4,0,0,1.0813609062725125,0.9247606365270165,True,ok,-1.0966149847321742,4.445629173548763,,4,True
chb01,chb01_03.edf,0.0,4.0,0,FP1-F7,fhn_sde,no_external_drive,2.0,1,0,17777416889544131463,FHN mean+SD peaks; >=0.2s intervals; CV population SD; three intervals,11.5,5.557818772978469,,local target-band PSD ratio; control is noise-only,0.0,sde,,,6,5,0,0,0.3249265784488013,3.077618349271388,True,ok,-1.0966149847321742,6.654433757710644,,4,True
chb01,chb01_03.edf,0.0,4.0,0,FP1-F7,fhn_sde,no_external_drive,2.0,1,1,12051207879173044993,FHN mean+SD peaks; >=0.2s intervals; CV population SD; three intervals,11.5,3.357546766242349,,local target-band PSD ratio; control is noise-only,0.0,sde,,,5,4,0,0,0.215526182549734,4.639807508163162,True,ok,-1.0966149847321742,4.454161750974523,,4,True
chb01,chb01_03.edf,0.0,4.0,0,FP1-F7,fhn_sde,no_external_drive,2.0,1,2,4220282177024835350,FHN mean+SD peaks; >=0.2s intervals; CV population SD; three intervals,11.5,3.369272057874004,,local target-band PSD ratio; control is noise-only,0.0,sde,,,7,6,0,0,0.6170131515787834,1.6207109969070324,True,ok,-1.0966149847321742,4.4658870426061785,,4,True
chb01,chb01_03.edf,0.0,4.0,0,FP1-F7,fhn_sde,no_external_drive,0.0,2,0,12197140845732147655,FHN mean+SD peaks; >=0.2s intervals; CV population SD; three intervals,11.5,-1.0966146032436788,,local target-band PSD ratio; control is noise-only,0.0,sde,,,0,0,0,0,,,False,insufficient_intervals,-1.0966146032436788,0.0,,4,True
chb01,chb01_03.edf,0.0,4.0,0,FP1-F7,fhn_sde,no_external_drive,0.0,2,1,10169787300851805037,FHN mean+SD peaks; >=0.2s intervals; CV population SD; three intervals,11.5,-1.0966146032436788,,local target-band PSD ratio; control is noise-only,0.0,sde,,,0,0,0,0,,,False,insufficient_intervals,-1.0966146032436788,0.0,,4,True
chb01,chb01_03.edf,0.0,4.0,0,FP1-F7,fhn_sde,no_external_drive,0.0,2,2,8486039138680595051,FHN mean+SD peaks; >=0.2s intervals; CV population SD; three intervals,11.5,-1.0966146032436788,,local target-band PSD ratio; control is noise-only,0.0,sde,,,0,0,0,0,,,False,insufficient_intervals,-1.0966146032436788,0.0,,4,True
chb01,chb01_03.edf,0.0,4.0,0,FP1-F7,fhn_sde,no_external_drive,0.1,2,0,12197140845732147655,FHN mean+SD peaks; >=0.2s intervals; CV population SD; three intervals,11.5,-6.156349659046686,,local target-band PSD ratio; control is noise-only,0.0,sde,,,5,4,0,0,0.5652640743146902,1.7690846551894726,True,ok,-1.0966146032436788,-5.059735055803007,,4,True
chb01,chb01_03.edf,0.0,4.0,0,FP1-F7,fhn_sde,no_external_drive,0.1,2,1,10169787300851805037,FHN mean+SD peaks; >=0.2s intervals; CV population SD; three intervals,11.5,0.7793995903363333,,local target-band PSD ratio; control is noise-only,0.0,sde,,,8,6,1,0,0.6613641547162988,1.512026306337941,True,ok,-1.0966146032436788,1.876014193580012,,4,True
chb01,chb01_03.edf,0.0,4.0,0,FP1-F7,fhn_sde,no_external_drive,0.1,2,2,8486039138680595051,FHN mean+SD peaks; >=0.2s intervals; CV population SD; three intervals,11.5,-3.139501673710168,,local target-band PSD ratio; control is noise-only,0.0,sde,,,6,5,0,0,0.7639810376225691,1.3089330111018171,True,ok,-1.0966146032436788,-2.042887070466489,,4,True
chb01,chb01_03.edf,0.0,4.0,0,FP1-F7,fhn_sde,no_external_drive,0.5,2,0,12197140845732147655,FHN mean+SD peaks; >=0.2s intervals; CV population SD; three intervals,11.5,-6.209326799339059,,local target-band PSD ratio; control is noise-only,0.0,sde,,,5,4,0,0,0.5652640743146902,1.7690846551894726,True,ok,-1.0966146032436788,-5.11271219609538,,4,True
chb01,chb01_03.edf,0.0,4.0,0,FP1-F7,fhn_sde,no_external_drive,0.5,2,1,10169787300851805037,FHN mean+SD peaks; >=0.2s intervals; CV population SD; three intervals,11.5,0.8177354172210998,,local target-band PSD ratio; control is noise-only,0.0,sde,,,6,5,0,0,0.6586835011043113,1.518179821300301,True,ok,-1.0966146032436788,1.9143500204647783,,4,True
chb01,chb01_03.edf,0.0,4.0,0,FP1-F7,fhn_sde,no_external_drive,0.5,2,2,8486039138680595051,FHN mean+SD peaks; >=0.2s intervals; CV population SD; three intervals,11.5,-2.990933808647433,,local target-band PSD ratio; control is noise-only,0.0,sde,,,5,4,0,0,0.2454287316186678,4.074502579240555,True,ok,-1.0966146032436788,-1.8943192054037543,,4,True
chb01,chb01_03.edf,0.0,4.0,0,FP1-F7,fhn_sde,no_external_drive,2.0,2,0,12197140845732147655,FHN mean+SD peaks; >=0.2s intervals; CV population SD; three intervals,11.5,-6.284402819721492,,local target-band PSD ratio; control is noise-only,0.0,sde,,,4,3,0,0,0.1541703662848172,6.486330830612293,True,ok,-1.0966146032436788,-5.187788216477813,,4,True
chb01,chb01_03.edf,0.0,4.0,0,FP1-F7,fhn_sde,no_external_drive,2.0,2,1,10169787300851805037,FHN mean+SD peaks; >=0.2s intervals; CV population SD; three intervals,11.5,0.8403776821737291,,local target-band PSD ratio; control is noise-only,0.0,sde,,,5,4,0,0,0.8848622078632385,1.130119459406901,True,ok,-1.0966146032436788,1.936992285417408,,4,True
chb01,chb01_03.edf,0.0,4.0,0,FP1-F7,fhn_sde,no_external_drive,2.0,2,2,8486039138680595051,FHN mean+SD peaks; >=0.2s intervals; CV population SD; three intervals,11.5,-2.7434767868618115,,local target-band PSD ratio; control is noise-only,0.0,sde,,,6,5,0,0,0.2203531639920533,4.538169463434905,True,ok,-1.0966146032436788,-1.6468621836181327,,4,True
chb01,chb01_03.edf,3000.0,3004.0,1,FP1-F7,bistable_driven_regularity,eeg_component,0.0,1,0,3239748159860149055,bistable hysteresis; CV sample SD; five intervals,2.75,12.591317526953835,12.898691232402015,local target-band PSD ratio; control is noise-only,0.0,sqrt(2Ddt),-1.0,3.0,0,0,0,1,,,False,insufficient_intervals,12.591317526953835,0.0,-0.30737370544818,4,True
chb01,chb01_03.edf,3000.0,3004.0,1,FP1-F7,bistable_driven_regularity,eeg_component,0.0,1,1,10351572796592303553,bistable hysteresis; CV sample SD; five intervals,2.75,12.591317526953835,12.898691232402015,local target-band PSD ratio; control is noise-only,0.0,sqrt(2Ddt),-1.0,3.0,0,0,0,1,,,False,insufficient_intervals,12.591317526953835,0.0,-0.30737370544818,4,True
chb01,chb01_03.edf,3000.0,3004.0,1,FP1-F7,bistable_driven_regularity,eeg_component,0.0,1,2,8801633271046715744,bistable hysteresis; CV sample SD; five intervals,2.75,12.591317526953835,12.898691232402015,local target-band PSD ratio; control is noise-only,0.0,sqrt(2Ddt),-1.0,3.0,0,0,0,1,,,False,insufficient_intervals,12.591317526953835,0.0,-0.30737370544818,4,True
chb01,chb01_03.edf,3000.0,3004.0,1,FP1-F7,bistable_driven_regularity,eeg_component,0.1,1,0,3239748159860149055,bistable hysteresis; CV sample SD; five intervals,2.75,4.792646272537277,12.898691232402015,local target-band PSD ratio; control is noise-only,0.0,sqrt(2Ddt),-1.0,3.0,0,0,0,1,,,False,insufficient_intervals,12.591317526953835,-7.79867125441656,-8.10604495986474,4,True
chb01,chb01_03.edf,3000.0,3004.0,1,FP1-F7,bistable_driven_regularity,eeg_component,0.1,1,1,10351572796592303553,bistable hysteresis; CV sample SD; five intervals,2.75,-3.660942805506356,12.898691232402015,local target-band PSD ratio; control is noise-only,0.0,sqrt(2Ddt),-1.0,3.0,0,0,0,1,,,False,insufficient_intervals,12.591317526953835,-16.252260332460192,-16.559634037908374,4,True
chb01,chb01_03.edf,3000.0,3004.0,1,FP1-F7,bistable_driven_regularity,eeg_component,0.1,1,2,8801633271046715744,bistable hysteresis; CV sample SD; five intervals,2.75,-1.5049356770446698,12.898691232402015,local target-band PSD ratio; control is noise-only,0.0,sqrt(2Ddt),-1.0,3.0,0,0,0,1,,,False,insufficient_intervals,12.591317526953835,-14.096253203998508,-14.403626909446686,4,True
chb01,chb01_03.edf,3000.0,3004.0,1,FP1-F7,bistable_driven_regularity,eeg_component,0.5,1,0,3239748159860149055,bistable hysteresis; CV sample SD; five intervals,2.75,3.9747988646923913,12.898691232402015,local target-band PSD ratio; control is noise-only,0.0,sqrt(2Ddt),-1.0,3.0,0,0,0,1,,,False,insufficient_intervals,12.591317526953835,-8.616518662261445,-8.923892367709627,4,True
chb01,chb01_03.edf,3000.0,3004.0,1,FP1-F7,bistable_driven_regularity,eeg_component,0.5,1,1,10351572796592303553,bistable hysteresis; CV sample SD; five intervals,2.75,-6.4563111537229805,12.898691232402015,local target-band PSD ratio; control is noise-only,0.0,sqrt(2Ddt),-1.0,3.0,0,0,0,1,,,False,insufficient_intervals,12.591317526953835,-19.047628680676816,-19.355002386125,4,True
chb01,chb01_03.edf,3000.0,3004.0,1,FP1-F7,bistable_driven_regularity,eeg_component,0.5,1,2,8801633271046715744,bistable hysteresis; CV sample SD; five intervals,2.75,-3.3348999356988824,12.898691232402015,local target-band PSD ratio; control is noise-only,0.0,sqrt(2Ddt),-1.0,3.0,0,0,0,1,,,False,insufficient_intervals,12.591317526953835,-15.92621746265272,-16.2335911681009,4,True
chb01,chb01_03.edf,3000.0,3004.0,1,FP1-F7,bistable_driven_regularity,eeg_component,2.0,1,0,3239748159860149055,bistable hysteresis; CV sample SD; five intervals,2.75,3.041791375296392,12.898691232402015,local target-band PSD ratio; control is noise-only,0.0,sqrt(2Ddt),-1.0,3.0,3,2,0,1,,,False,insufficient_intervals,12.591317526953835,-9.549526151657446,-9.856899857105624,4,True
chb01,chb01_03.edf,3000.0,3004.0,1,FP1-F7,bistable_driven_regularity,eeg_component,2.0,1,1,10351572796592303553,bistable hysteresis; CV sample SD; five intervals,2.75,-8.70099906575271,12.898691232402015,local target-band PSD ratio; control is noise-only,0.0,sqrt(2Ddt),-1.0,3.0,4,3,0,1,,,False,insufficient_intervals,12.591317526953835,-21.29231659270655,-21.599690298154727,4,True
chb01,chb01_03.edf,3000.0,3004.0,1,FP1-F7,bistable_driven_regularity,eeg_component,2.0,1,2,8801633271046715744,bistable hysteresis; CV sample SD; five intervals,2.75,-3.776961928872193,12.898691232402015,local target-band PSD ratio; control is noise-only,0.0,sqrt(2Ddt),-1.0,3.0,3,2,0,1,,,False,insufficient_intervals,12.591317526953835,-16.36827945582603,-16.67565316127421,4,True
chb01,chb01_03.edf,3000.0,3004.0,1,FP1-F7,bistable_driven_regularity,eeg_component,0.0,2,0,2273613476295959312,bistable hysteresis; CV sample SD; five intervals,2.75,12.59120979559282,12.898691232402015,local target-band PSD ratio; control is noise-only,0.0,sqrt(2Ddt),-1.0,3.0,0,0,0,1,,,False,insufficient_intervals,12.59120979559282,0.0,-0.3074814368091978,4,True
chb01,chb01_03.edf,3000.0,3004.0,1,FP1-F7,bistable_driven_regularity,eeg_component,0.0,2,1,13900118532030317422,bistable hysteresis; CV sample SD; five intervals,2.75,12.59120979559282,12.898691232402015,local target-band PSD ratio; control is noise-only,0.0,sqrt(2Ddt),-1.0,3.0,0,0,0,1,,,False,insufficient_intervals,12.59120979559282,0.0,-0.3074814368091978,4,True
chb01,chb01_03.edf,3000.0,3004.0,1,FP1-F7,bistable_driven_regularity,eeg_component,0.0,2,2,14528656075140309871,bistable hysteresis; CV sample SD; five intervals,2.75,12.59120979559282,12.898691232402015,local target-band PSD ratio; control is noise-only,0.0,sqrt(2Ddt),-1.0,3.0,0,0,0,1,,,False,insufficient_intervals,12.59120979559282,0.0,-0.3074814368091978,4,True
chb01,chb01_03.edf,3000.0,3004.0,1,FP1-F7,bistable_driven_regularity,eeg_component,0.1,2,0,2273613476295959312,bistable hysteresis; CV sample SD; five intervals,2.75,-6.991971758200117,12.898691232402015,local target-band PSD ratio; control is noise-only,0.0,sqrt(2Ddt),-1.0,3.0,0,0,0,1,,,False,insufficient_intervals,12.59120979559282,-19.583181553792937,-19.89066299060213,4,True
chb01,chb01_03.edf,3000.0,3004.0,1,FP1-F7,bistable_driven_regularity,eeg_component,0.1,2,1,13900118532030317422,bistable hysteresis; CV sample SD; five intervals,2.75,1.111133862086182,12.898691232402015,local target-band PSD ratio; control is noise-only,0.0,sqrt(2Ddt),-1.0,3.0,0,0,0,1,,,False,insufficient_intervals,12.59120979559282,-11.480075933506637,-11.787557370315836,4,True
chb01,chb01_03.edf,3000.0,3004.0,1,FP1-F7,bistable_driven_regularity,eeg_component,0.1,2,2,14528656075140309871,bistable hysteresis; CV sample SD; five intervals,2.75,-8.353396990513078,12.898691232402015,local target-band PSD ratio; control is noise-only,0.0,sqrt(2Ddt),-1.0,3.0,0,0,0,1,,,False,insufficient_intervals,12.59120979559282,-20.944606786105897,-21.25208822291509,4,True
chb01,chb01_03.edf,3000.0,3004.0,1,FP1-F7,bistable_driven_regularity,eeg_component,0.5,2,0,2273613476295959312,bistable hysteresis; CV sample SD; five intervals,2.75,-10.082811604266473,12.898691232402015,local target-band PSD ratio; control is noise-only,0.0,sqrt(2Ddt),-1.0,3.0,2,1,0,1,,,False,insufficient_intervals,12.59120979559282,-22.67402139985929,-22.98150283666849,4,True
chb01,chb01_03.edf,3000.0,3004.0,1,FP1-F7,bistable_driven_regularity,eeg_component,0.5,2,1,13900118532030317422,bistable hysteresis; CV sample SD; five intervals,2.75,0.0158433908305279,12.898691232402015,local target-band PSD ratio; control is noise-only,0.0,sqrt(2Ddt),-1.0,3.0,1,0,0,1,,,False,insufficient_intervals,12.59120979559282,-12.575366404762292,-12.88284784157149,4,True
chb01,chb01_03.edf,3000.0,3004.0,1,FP1-F7,bistable_driven_regularity,eeg_component,0.5,2,2,14528656075140309871,bistable hysteresis; CV sample SD; five intervals,2.75,-6.635159618822303,12.898691232402015,local target-band PSD ratio; control is noise-only,0.0,sqrt(2Ddt),-1.0,3.0,1,0,0,1,,,False,insufficient_intervals,12.59120979559282,-19.22636941441512,-19.53385085122432,4,True
chb01,chb01_03.edf,3000.0,3004.0,1,FP1-F7,bistable_driven_regularity,eeg_component,2.0,2,0,2273613476295959312,bistable hysteresis; CV sample SD; five intervals,2.75,-11.189391149741388,12.898691232402015,local target-band PSD ratio; control is noise-only,0.0,sqrt(2Ddt),-1.0,3.0,2,1,0,1,,,False,insufficient_intervals,12.59120979559282,-23.780600945334207,-24.088082382143405,4,True
chb01,chb01_03.edf,3000.0,3004.0,1,FP1-F7,bistable_driven_regularity,eeg_component,2.0,2,1,13900118532030317422,bistable hysteresis; CV sample SD; five intervals,2.75,0.1107400680089233,12.898691232402015,local target-band PSD ratio; control is noise-only,0.0,sqrt(2Ddt),-1.0,3.0,3,2,0,1,,,False,insufficient_intervals,12.59120979559282,-12.480469727583896,-12.787951164393094,4,True
chb01,chb01_03.edf,3000.0,3004.0,1,FP1-F7,bistable_driven_regularity,eeg_component,2.0,2,2,14528656075140309871,bistable hysteresis; CV sample SD; five intervals,2.75,-7.379704834405894,12.898691232402015,local target-band PSD ratio; control is noise-only,0.0,sqrt(2Ddt),-1.0,3.0,7,6,0,1,0.3792914777898797,2.6364947765949567,True,ok,12.59120979559282,-19.970914629998717,-20.27839606680791,4,True
chb01,chb01_03.edf,3000.0,3004.0,1,FP1-F7,bistable_driven_regularity,no_external_drive,0.0,1,0,3239748159860149055,bistable hysteresis; CV sample SD; five intervals,2.75,,,local target-band PSD ratio; control is noise-only,0.0,sqrt(2Ddt),-1.0,3.0,0,0,0,1,,,False,insufficient_intervals,,,,4,False
chb01,chb01_03.edf,3000.0,3004.0,1,FP1-F7,bistable_driven_regularity,no_external_drive,0.0,1,1,10351572796592303553,bistable hysteresis; CV sample SD; five intervals,2.75,,,local target-band PSD ratio; control is noise-only,0.0,sqrt(2Ddt),-1.0,3.0,0,0,0,1,,,False,insufficient_intervals,,,,4,False
chb01,chb01_03.edf,3000.0,3004.0,1,FP1-F7,bistable_driven_regularity,no_external_drive,0.0,1,2,8801633271046715744,bistable hysteresis; CV sample SD; five intervals,2.75,,,local target-band PSD ratio; control is noise-only,0.0,sqrt(2Ddt),-1.0,3.0,0,0,0,1,,,False,insufficient_intervals,,,,4,False
chb01,chb01_03.edf,3000.0,3004.0,1,FP1-F7,bistable_driven_regularity,no_external_drive,0.1,1,0,3239748159860149055,bistable hysteresis; CV sample SD; five intervals,2.75,3.388045611462455,,local target-band PSD ratio; control is noise-only,0.0,sqrt(2Ddt),-1.0,3.0,0,0,0,1,,,False,insufficient_intervals,,,,4,False
chb01,chb01_03.edf,3000.0,3004.0,1,FP1-F7,bistable_driven_regularity,no_external_drive,0.1,1,1,10351572796592303553,bistable hysteresis; CV sample SD; five intervals,2.75,-10.336902648243228,,local target-band PSD ratio; control is noise-only,0.0,sqrt(2Ddt),-1.0,3.0,0,0,0,1,,,False,insufficient_intervals,,,,4,False
chb01,chb01_03.edf,3000.0,3004.0,1,FP1-F7,bistable_driven_regularity,no_external_drive,0.1,1,2,8801633271046715744,bistable hysteresis; CV sample SD; five intervals,2.75,-5.526112981525008,,local target-band PSD ratio; control is noise-only,0.0,sqrt(2Ddt),-1.0,3.0,0,0,0,1,,,False,insufficient_intervals,,,,4,False
chb01,chb01_03.edf,3000.0,3004.0,1,FP1-F7,bistable_driven_regularity,no_external_drive,0.5,1,0,3239748159860149055,bistable hysteresis; CV sample SD; five intervals,2.75,3.318958922127015,,local target-band PSD ratio; control is noise-only,0.0,sqrt(2Ddt),-1.0,3.0,0,0,0,1,,,False,insufficient_intervals,,,,4,False
chb01,chb01_03.edf,3000.0,3004.0,1,FP1-F7,bistable_driven_regularity,no_external_drive,0.5,1,1,10351572796592303553,bistable hysteresis; CV sample SD; five intervals,2.75,-9.82543766475049,,local target-band PSD ratio; control is noise-only,0.0,sqrt(2Ddt),-1.0,3.0,0,0,0,1,,,False,insufficient_intervals,,,,4,False
chb01,chb01_03.edf,3000.0,3004.0,1,FP1-F7,bistable_driven_regularity,no_external_drive,0.5,1,2,8801633271046715744,bistable hysteresis; CV sample SD; five intervals,2.75,-5.357867291558698,,local target-band PSD ratio; control is noise-only,0.0,sqrt(2Ddt),-1.0,3.0,0,0,0,1,,,False,insufficient_intervals,,,,4,False
chb01,chb01_03.edf,3000.0,3004.0,1,FP1-F7,bistable_driven_regularity,no_external_drive,2.0,1,0,3239748159860149055,bistable hysteresis; CV sample SD; five intervals,2.75,2.681748179563988,,local target-band PSD ratio; control is noise-only,0.0,sqrt(2Ddt),-1.0,3.0,5,4,0,1,,,False,insufficient_intervals,,,,4,False
chb01,chb01_03.edf,3000.0,3004.0,1,FP1-F7,bistable_driven_regularity,no_external_drive,2.0,1,1,10351572796592303553,bistable hysteresis; CV sample SD; five intervals,2.75,-10.593255163275758,,local target-band PSD ratio; control is noise-only,0.0,sqrt(2Ddt),-1.0,3.0,4,3,0,1,,,False,insufficient_intervals,,,,4,False
chb01,chb01_03.edf,3000.0,3004.0,1,FP1-F7,bistable_driven_regularity,no_external_drive,2.0,1,2,8801633271046715744,bistable hysteresis; CV sample SD; five intervals,2.75,-4.721041715205682,,local target-band PSD ratio; control is noise-only,0.0,sqrt(2Ddt),-1.0,3.0,3,2,0,1,,,False,insufficient_intervals,,,,4,False
chb01,chb01_03.edf,3000.0,3004.0,1,FP1-F7,bistable_driven_regularity,no_external_drive,0.0,2,0,2273613476295959312,bistable hysteresis; CV sample SD; five intervals,2.75,,,local target-band PSD ratio; control is noise-only,0.0,sqrt(2Ddt),-1.0,3.0,0,0,0,1,,,False,insufficient_intervals,,,,4,False
chb01,chb01_03.edf,3000.0,3004.0,1,FP1-F7,bistable_driven_regularity,no_external_drive,0.0,2,1,13900118532030317422,bistable hysteresis; CV sample SD; five intervals,2.75,,,local target-band PSD ratio; control is noise-only,0.0,sqrt(2Ddt),-1.0,3.0,0,0,0,1,,,False,insufficient_intervals,,,,4,False
chb01,chb01_03.edf,3000.0,3004.0,1,FP1-F7,bistable_driven_regularity,no_external_drive,0.0,2,2,14528656075140309871,bistable hysteresis; CV sample SD; five intervals,2.75,,,local target-band PSD ratio; control is noise-only,0.0,sqrt(2Ddt),-1.0,3.0,0,0,0,1,,,False,insufficient_intervals,,,,4,False
chb01,chb01_03.edf,3000.0,3004.0,1,FP1-F7,bistable_driven_regularity,no_external_drive,0.1,2,0,2273613476295959312,bistable hysteresis; CV sample SD; five intervals,2.75,-13.188915380053825,,local target-band PSD ratio; control is noise-only,0.0,sqrt(2Ddt),-1.0,3.0,0,0,0,1,,,False,insufficient_intervals,,,,4,False
chb01,chb01_03.edf,3000.0,3004.0,1,FP1-F7,bistable_driven_regularity,no_external_drive,0.1,2,1,13900118532030317422,bistable hysteresis; CV sample SD; five intervals,2.75,-1.1902806771667835,,local target-band PSD ratio; control is noise-only,0.0,sqrt(2Ddt),-1.0,3.0,0,0,0,1,,,False,insufficient_intervals,,,,4,False
chb01,chb01_03.edf,3000.0,3004.0,1,FP1-F7,bistable_driven_regularity,no_external_drive,0.1,2,2,14528656075140309871,bistable hysteresis; CV sample SD; five intervals,2.75,-4.99759253060363,,local target-band PSD ratio; control is noise-only,0.0,sqrt(2Ddt),-1.0,3.0,0,0,0,1,,,False,insufficient_intervals,,,,4,False
chb01,chb01_03.edf,3000.0,3004.0,1,FP1-F7,bistable_driven_regularity,no_external_drive,0.5,2,0,2273613476295959312,bistable hysteresis; CV sample SD; five intervals,2.75,-13.034952745243542,,local target-band PSD ratio; control is noise-only,0.0,sqrt(2Ddt),-1.0,3.0,2,1,0,1,,,False,insufficient_intervals,,,,4,False
chb01,chb01_03.edf,3000.0,3004.0,1,FP1-F7,bistable_driven_regularity,no_external_drive,0.5,2,1,13900118532030317422,bistable hysteresis; CV sample SD; five intervals,2.75,-0.837927871452187,,local target-band PSD ratio; control is noise-only,0.0,sqrt(2Ddt),-1.0,3.0,1,0,0,1,,,False,insufficient_intervals,,,,4,False
chb01,chb01_03.edf,3000.0,3004.0,1,FP1-F7,bistable_driven_regularity,no_external_drive,0.5,2,2,14528656075140309871,bistable hysteresis; CV sample SD; five intervals,2.75,-4.93349638552912,,local target-band PSD ratio; control is noise-only,0.0,sqrt(2Ddt),-1.0,3.0,1,0,0,1,,,False,insufficient_intervals,,,,4,False
chb01,chb01_03.edf,3000.0,3004.0,1,FP1-F7,bistable_driven_regularity,no_external_drive,2.0,2,0,2273613476295959312,bistable hysteresis; CV sample SD; five intervals,2.75,-12.07651617101381,,local target-band PSD ratio; control is noise-only,0.0,sqrt(2Ddt),-1.0,3.0,2,1,0,1,,,False,insufficient_intervals,,,,4,False
chb01,chb01_03.edf,3000.0,3004.0,1,FP1-F7,bistable_driven_regularity,no_external_drive,2.0,2,1,13900118532030317422,bistable hysteresis; CV sample SD; five intervals,2.75,-0.3408355236053417,,local target-band PSD ratio; control is noise-only,0.0,sqrt(2Ddt),-1.0,3.0,3,2,0,1,,,False,insufficient_intervals,,,,4,False
chb01,chb01_03.edf,3000.0,3004.0,1,FP1-F7,bistable_driven_regularity,no_external_drive,2.0,2,2,14528656075140309871,bistable hysteresis; CV sample SD; five intervals,2.75,-6.4384548401672514,,local target-band PSD ratio; control is noise-only,0.0,sqrt(2Ddt),-1.0,3.0,7,6,0,1,0.3783064455972803,2.6433596668467367,True,ok,,,,4,False
chb01,chb01_03.edf,3000.0,3004.0,1,FP1-F7,fhn_sde,eeg_component,0.0,1,0,7333627640310490717,FHN mean+SD peaks; >=0.2s intervals; CV population SD; three intervals,2.75,12.4153279563708,12.898691232402015,local target-band PSD ratio; control is noise-only,0.0,sde,,,2,1,0,0,,,False,insufficient_intervals,12.4153279563708,0.0,-0.4833632760312163,4,True
chb01,chb01_03.edf,3000.0,3004.0,1,FP1-F7,fhn_sde,eeg_component,0.0,1,1,3995537018552287687,FHN mean+SD peaks; >=0.2s intervals; CV population SD; three intervals,2.75,12.4153279563708,12.898691232402015,local target-band PSD ratio; control is noise-only,0.0,sde,,,2,1,0,0,,,False,insufficient_intervals,12.4153279563708,0.0,-0.4833632760312163,4,True
chb01,chb01_03.edf,3000.0,3004.0,1,FP1-F7,fhn_sde,eeg_component,0.0,1,2,15830478966490469270,FHN mean+SD peaks; >=0.2s intervals; CV population SD; three intervals,2.75,12.4153279563708,12.898691232402015,local target-band PSD ratio; control is noise-only,0.0,sde,,,2,1,0,0,,,False,insufficient_intervals,12.4153279563708,0.0,-0.4833632760312163,4,True
chb01,chb01_03.edf,3000.0,3004.0,1,FP1-F7,fhn_sde,eeg_component,0.1,1,0,7333627640310490717,FHN mean+SD peaks; >=0.2s intervals; CV population SD; three intervals,2.75,-11.215285686591454,12.898691232402015,local target-band PSD ratio; control is noise-only,0.0,sde,,,5,3,1,0,0.1460588265641461,6.846556442522287,True,ok,12.4153279563708,-23.630613642962253,-24.113976918993476,4,True
chb01,chb01_03.edf,3000.0,3004.0,1,FP1-F7,fhn_sde,eeg_component,0.1,1,1,3995537018552287687,FHN mean+SD peaks; >=0.2s intervals; CV population SD; three intervals,2.75,-0.1866923785574412,12.898691232402015,local target-band PSD ratio; control is noise-only,0.0,sde,,,4,3,0,0,0.1753901900050285,5.701573160798387,True,ok,12.4153279563708,-12.60202033492824,-13.085383610959456,4,True
chb01,chb01_03.edf,3000.0,3004.0,1,FP1-F7,fhn_sde,eeg_component,0.1,1,2,15830478966490469270,FHN mean+SD peaks; >=0.2s intervals; CV population SD; three intervals,2.75,-3.763358451960456,12.898691232402015,local target-band PSD ratio; control is noise-only,0.0,sde,,,4,2,1,0,,,False,insufficient_intervals,12.4153279563708,-16.178686408331256,-16.662049684362472,4,True
chb01,chb01_03.edf,3000.0,3004.0,1,FP1-F7,fhn_sde,eeg_component,0.5,1,0,7333627640310490717,FHN mean+SD peaks; >=0.2s intervals; CV population SD; three intervals,2.75,-14.08201997712203,12.898691232402015,local target-band PSD ratio; control is noise-only,0.0,sde,,,5,3,1,0,0.2490477733055041,4.015293880075415,True,ok,12.4153279563708,-26.497347933492836,-26.98071120952405,4,True
chb01,chb01_03.edf,3000.0,3004.0,1,FP1-F7,fhn_sde,eeg_component,0.5,1,1,3995537018552287687,FHN mean+SD peaks; >=0.2s intervals; CV population SD; three intervals,2.75,-2.718400861917336,12.898691232402015,local target-band PSD ratio; control is noise-only,0.0,sde,,,4,3,0,0,0.4427672618217689,2.2585228995601283,True,ok,12.4153279563708,-15.133728818288136,-15.617092094319354,4,True
chb01,chb01_03.edf,3000.0,3004.0,1,FP1-F7,fhn_sde,eeg_component,0.5,1,2,15830478966490469270,FHN mean+SD peaks; >=0.2s intervals; CV population SD; three intervals,2.75,-3.758804288260577,12.898691232402015,local target-band PSD ratio; control is noise-only,0.0,sde,,,4,2,1,0,,,False,insufficient_intervals,12.4153279563708,-16.174132244631377,-16.657495520662593,4,True
chb01,chb01_03.edf,3000.0,3004.0,1,FP1-F7,fhn_sde,eeg_component,2.0,1,0,7333627640310490717,FHN mean+SD peaks; >=0.2s intervals; CV population SD; three intervals,2.75,-10.010112203687138,12.898691232402015,local target-band PSD ratio; control is noise-only,0.0,sde,,,4,3,0,0,0.1758625251222204,5.686259760600064,True,ok,12.4153279563708,-22.42544016005794,-22.908803436089155,4,True
chb01,chb01_03.edf,3000.0,3004.0,1,FP1-F7,fhn_sde,eeg_component,2.0,1,1,3995537018552287687,FHN mean+SD peaks; >=0.2s intervals; CV population SD; three intervals,2.75,2.1368917693563145,12.898691232402015,local target-band PSD ratio; control is noise-only,0.0,sde,,,4,3,0,0,0.0610184713105656,16.388480054020043,True,ok,12.4153279563708,-10.278436187014488,-10.761799463045705,4,True
chb01,chb01_03.edf,3000.0,3004.0,1,FP1-F7,fhn_sde,eeg_component,2.0,1,2,15830478966490469270,FHN mean+SD peaks; >=0.2s intervals; CV population SD; three intervals,2.75,-3.520405316529696,12.898691232402015,local target-band PSD ratio; control is noise-only,0.0,sde,,,6,4,1,0,0.363383030085058,2.7519171706117573,True,ok,12.4153279563708,-15.935733272900496,-16.419096548931712,4,True
chb01,chb01_03.edf,3000.0,3004.0,1,FP1-F7,fhn_sde,eeg_component,0.0,2,0,13355386309213070202,FHN mean+SD peaks; >=0.2s intervals; CV population SD; three intervals,2.75,12.415926576033192,12.898691232402015,local target-band PSD ratio; control is noise-only,0.0,sde,,,2,1,0,0,,,False,insufficient_intervals,12.415926576033192,0.0,-0.4827646563688237,4,True
chb01,chb01_03.edf,3000.0,3004.0,1,FP1-F7,fhn_sde,eeg_component,0.0,2,1,12824191668026409864,FHN mean+SD peaks; >=0.2s intervals; CV population SD; three intervals,2.75,12.415926576033192,12.898691232402015,local target-band PSD ratio; control is noise-only,0.0,sde,,,2,1,0,0,,,False,insufficient_intervals,12.415926576033192,0.0,-0.4827646563688237,4,True
chb01,chb01_03.edf,3000.0,3004.0,1,FP1-F7,fhn_sde,eeg_component,0.0,2,2,1973340835850284789,FHN mean+SD peaks; >=0.2s intervals; CV population SD; three intervals,2.75,12.415926576033192,12.898691232402015,local target-band PSD ratio; control is noise-only,0.0,sde,,,2,1,0,0,,,False,insufficient_intervals,12.415926576033192,0.0,-0.4827646563688237,4,True
chb01,chb01_03.edf,3000.0,3004.0,1,FP1-F7,fhn_sde,eeg_component,0.1,2,0,13355386309213070202,FHN mean+SD peaks; >=0.2s intervals; CV population SD; three intervals,2.75,-3.1528558081702656,12.898691232402015,local target-band PSD ratio; control is noise-only,0.0,sde,,,5,4,0,0,0.4955158310650373,2.018098993629829,True,ok,12.415926576033192,-15.56878238420346,-16.05154704057228,4,True
chb01,chb01_03.edf,3000.0,3004.0,1,FP1-F7,fhn_sde,eeg_component,0.1,2,1,12824191668026409864,FHN mean+SD peaks; >=0.2s intervals; CV population SD; three intervals,2.75,-3.655688419700472,12.898691232402015,local target-band PSD ratio; control is noise-only,0.0,sde,,,5,4,0,0,0.889286732371064,1.1244967046047638,True,ok,12.415926576033192,-16.071614995733665,-16.55437965210249,4,True
chb01,chb01_03.edf,3000.0,3004.0,1,FP1-F7,fhn_sde,eeg_component,0.1,2,2,1973340835850284789,FHN mean+SD peaks; >=0.2s intervals; CV population SD; three intervals,2.75,-3.6848538155708592,12.898691232402015,local target-band PSD ratio; control is noise-only,0.0,sde,,,3,1,1,0,,,False,insufficient_intervals,12.415926576033192,-16.100780391604054,-16.583545047972876,4,True
chb01,chb01_03.edf,3000.0,3004.0,1,FP1-F7,fhn_sde,eeg_component,0.5,2,0,13355386309213070202,FHN mean+SD peaks; >=0.2s intervals; CV population SD; three intervals,2.75,-6.953099708115608,12.898691232402015,local target-band PSD ratio; control is noise-only,0.0,sde,,,6,5,0,0,0.4886481075265576,2.046462443212574,True,ok,12.415926576033192,-19.3690262841488,-19.851790940517624,4,True
chb01,chb01_03.edf,3000.0,3004.0,1,FP1-F7,fhn_sde,eeg_component,0.5,2,1,12824191668026409864,FHN mean+SD peaks; >=0.2s intervals; CV population SD; three intervals,2.75,-7.88065298659402,12.898691232402015,local target-band PSD ratio; control is noise-only,0.0,sde,,,5,4,0,0,0.5859976310305759,1.7064915403178866,True,ok,12.415926576033192,-20.296579562627212,-20.77934421899604,4,True
chb01,chb01_03.edf,3000.0,3004.0,1,FP1-F7,fhn_sde,eeg_component,0.5,2,2,1973340835850284789,FHN mean+SD peaks; >=0.2s intervals; CV population SD; three intervals,2.75,-5.7017151413556855,12.898691232402015,local target-band PSD ratio; control is noise-only,0.0,sde,,,4,3,0,0,0.8024604673193814,1.2461673075815178,True,ok,12.415926576033192,-18.11764171738888,-18.600406373757703,4,True
chb01,chb01_03.edf,3000.0,3004.0,1,FP1-F7,fhn_sde,eeg_component,2.0,2,0,13355386309213070202,FHN mean+SD peaks; >=0.2s intervals; CV population SD; three intervals,2.75,-9.37554362206497,12.898691232402015,local target-band PSD ratio; control is noise-only,0.0,sde,,,5,3,1,0,0.4730328659535223,2.11401801433868,True,ok,12.415926576033192,-21.791470198098164,-22.27423485446699,4,True
chb01,chb01_03.edf,3000.0,3004.0,1,FP1-F7,fhn_sde,eeg_component,2.0,2,1,12824191668026409864,FHN mean+SD peaks; >=0.2s intervals; CV population SD; three intervals,2.75,-9.777605775685894,12.898691232402015,local target-band PSD ratio; control is noise-only,0.0,sde,,,8,7,0,0,0.5362307882350197,1.864868675839104,True,ok,12.415926576033192,-22.193532351719085,-22.67629700808791,4,True
chb01,chb01_03.edf,3000.0,3004.0,1,FP1-F7,fhn_sde,eeg_component,2.0,2,2,1973340835850284789,FHN mean+SD peaks; >=0.2s intervals; CV population SD; three intervals,2.75,-6.632679093676865,12.898691232402015,local target-band PSD ratio; control is noise-only,0.0,sde,,,4,2,1,0,,,False,insufficient_intervals,12.415926576033192,-19.048605669710057,-19.53137032607888,4,True
chb01,chb01_03.edf,3000.0,3004.0,1,FP1-F7,fhn_sde,no_external_drive,0.0,1,0,7333627640310490717,FHN mean+SD peaks; >=0.2s intervals; CV population SD; three intervals,2.75,-24.3049787530262,,local target-band PSD ratio; control is noise-only,0.0,sde,,,0,0,0,0,,,False,insufficient_intervals,-24.3049787530262,0.0,,4,True
chb01,chb01_03.edf,3000.0,3004.0,1,FP1-F7,fhn_sde,no_external_drive,0.0,1,1,3995537018552287687,FHN mean+SD peaks; >=0.2s intervals; CV population SD; three intervals,2.75,-24.3049787530262,,local target-band PSD ratio; control is noise-only,0.0,sde,,,0,0,0,0,,,False,insufficient_intervals,-24.3049787530262,0.0,,4,True
chb01,chb01_03.edf,3000.0,3004.0,1,FP1-F7,fhn_sde,no_external_drive,0.0,1,2,15830478966490469270,FHN mean+SD peaks; >=0.2s intervals; CV population SD; three intervals,2.75,-24.3049787530262,,local target-band PSD ratio; control is noise-only,0.0,sde,,,0,0,0,0,,,False,insufficient_intervals,-24.3049787530262,0.0,,4,True
chb01,chb01_03.edf,3000.0,3004.0,1,FP1-F7,fhn_sde,no_external_drive,0.1,1,0,7333627640310490717,FHN mean+SD peaks; >=0.2s intervals; CV population SD; three intervals,2.75,-8.144713036791703,,local target-band PSD ratio; control is noise-only,0.0,sde,,,6,3,2,0,0.0631163486696415,15.84375555744074,True,ok,-24.3049787530262,16.1602657162345,,4,True
chb01,chb01_03.edf,3000.0,3004.0,1,FP1-F7,fhn_sde,no_external_drive,0.1,1,1,3995537018552287687,FHN mean+SD peaks; >=0.2s intervals; CV population SD; three intervals,2.75,-1.177669624274222,,local target-band PSD ratio; control is noise-only,0.0,sde,,,4,3,0,0,0.1623880881599039,6.158087156092988,True,ok,-24.3049787530262,23.12730912875198,,4,True
chb01,chb01_03.edf,3000.0,3004.0,1,FP1-F7,fhn_sde,no_external_drive,0.1,1,2,15830478966490469270,FHN mean+SD peaks; >=0.2s intervals; CV population SD; three intervals,2.75,-1.9233925342819185,,local target-band PSD ratio; control is noise-only,0.0,sde,,,4,2,1,0,,,False,insufficient_intervals,-24.3049787530262,22.38158621874428,,4,True
chb01,chb01_03.edf,3000.0,3004.0,1,FP1-F7,fhn_sde,no_external_drive,0.5,1,0,7333627640310490717,FHN mean+SD peaks; >=0.2s intervals; CV population SD; three intervals,2.75,-8.465102887876935,,local target-band PSD ratio; control is noise-only,0.0,sde,,,5,3,1,0,0.2490477733055041,4.015293880075415,True,ok,-24.3049787530262,15.839875865149269,,4,True
chb01,chb01_03.edf,3000.0,3004.0,1,FP1-F7,fhn_sde,no_external_drive,0.5,1,1,3995537018552287687,FHN mean+SD peaks; >=0.2s intervals; CV population SD; three intervals,2.75,-2.407929156785954,,local target-band PSD ratio; control is noise-only,0.0,sde,,,4,3,0,0,0.4427672618217689,2.2585228995601283,True,ok,-24.3049787530262,21.897049596240247,,4,True
chb01,chb01_03.edf,3000.0,3004.0,1,FP1-F7,fhn_sde,no_external_drive,0.5,1,2,15830478966490469270,FHN mean+SD peaks; >=0.2s intervals; CV population SD; three intervals,2.75,-2.5679674227213263,,local target-band PSD ratio; control is noise-only,0.0,sde,,,4,2,1,0,,,False,insufficient_intervals,-24.3049787530262,21.737011330304878,,4,True
chb01,chb01_03.edf,3000.0,3004.0,1,FP1-F7,fhn_sde,no_external_drive,2.0,1,0,7333627640310490717,FHN mean+SD peaks; >=0.2s intervals; CV population SD; three intervals,2.75,-7.43207753036973,,local target-band PSD ratio; control is noise-only,0.0,sde,,,4,3,0,0,0.1758625251222204,5.686259760600064,True,ok,-24.3049787530262,16.872901222656473,,4,True
chb01,chb01_03.edf,3000.0,3004.0,1,FP1-F7,fhn_sde,no_external_drive,2.0,1,1,3995537018552287687,FHN mean+SD peaks; >=0.2s intervals; CV population SD; three intervals,2.75,2.58579061075662,,local target-band PSD ratio; control is noise-only,0.0,sde,,,4,3,0,0,0.0610184713105656,16.388480054020043,True,ok,-24.3049787530262,26.890769363782823,,4,True
chb01,chb01_03.edf,3000.0,3004.0,1,FP1-F7,fhn_sde,no_external_drive,2.0,1,2,15830478966490469270,FHN mean+SD peaks; >=0.2s intervals; CV population SD; three intervals,2.75,-2.8262110477997697,,local target-band PSD ratio; control is noise-only,0.0,sde,,,6,4,1,0,0.363383030085058,2.7519171706117573,True,ok,-24.3049787530262,21.47876770522643,,4,True
chb01,chb01_03.edf,3000.0,3004.0,1,FP1-F7,fhn_sde,no_external_drive,0.0,2,0,13355386309213070202,FHN mean+SD peaks; >=0.2s intervals; CV population SD; three intervals,2.75,-24.30418758663533,,local target-band PSD ratio; control is noise-only,0.0,sde,,,0,0,0,0,,,False,insufficient_intervals,-24.30418758663533,0.0,,4,True
chb01,chb01_03.edf,3000.0,3004.0,1,FP1-F7,fhn_sde,no_external_drive,0.0,2,1,12824191668026409864,FHN mean+SD peaks; >=0.2s intervals; CV population SD; three intervals,2.75,-24.30418758663533,,local target-band PSD ratio; control is noise-only,0.0,sde,,,0,0,0,0,,,False,insufficient_intervals,-24.30418758663533,0.0,,4,True
chb01,chb01_03.edf,3000.0,3004.0,1,FP1-F7,fhn_sde,no_external_drive,0.0,2,2,1973340835850284789,FHN mean+SD peaks; >=0.2s intervals; CV population SD; three intervals,2.75,-24.30418758663533,,local target-band PSD ratio; control is noise-only,0.0,sde,,,0,0,0,0,,,False,insufficient_intervals,-24.30418758663533,0.0,,4,True
chb01,chb01_03.edf,3000.0,3004.0,1,FP1-F7,fhn_sde,no_external_drive,0.1,2,0,13355386309213070202,FHN mean+SD peaks; >=0.2s intervals; CV population SD; three intervals,2.75,-11.1386749033052,,local target-band PSD ratio; control is noise-only,0.0,sde,,,5,4,0,0,0.4920524237793115,2.0323037783642866,True,ok,-24.30418758663533,13.16551268333013,,4,True
chb01,chb01_03.edf,3000.0,3004.0,1,FP1-F7,fhn_sde,no_external_drive,0.1,2,1,12824191668026409864,FHN mean+SD peaks; >=0.2s intervals; CV population SD; three intervals,2.75,-10.7073414892207,,local target-band PSD ratio; control is noise-only,0.0,sde,,,4,3,0,0,0.9300029473295166,1.0752654095037857,True,ok,-24.30418758663533,13.59684609741463,,4,True
chb01,chb01_03.edf,3000.0,3004.0,1,FP1-F7,fhn_sde,no_external_drive,0.1,2,2,1973340835850284789,FHN mean+SD peaks; >=0.2s intervals; CV population SD; three intervals,2.75,-7.808119042944805,,local target-band PSD ratio; control is noise-only,0.0,sde,,,3,1,1,0,,,False,insufficient_intervals,-24.30418758663533,16.496068543690527,,4,True
chb01,chb01_03.edf,3000.0,3004.0,1,FP1-F7,fhn_sde,no_external_drive,0.5,2,0,13355386309213070202,FHN mean+SD peaks; >=0.2s intervals; CV population SD; three intervals,2.75,-11.331874738213711,,local target-band PSD ratio; control is noise-only,0.0,sde,,,6,4,1,0,0.4001137890124964,2.499289020925914,True,ok,-24.30418758663533,12.972312848421616,,4,True
chb01,chb01_03.edf,3000.0,3004.0,1,FP1-F7,fhn_sde,no_external_drive,0.5,2,1,12824191668026409864,FHN mean+SD peaks; >=0.2s intervals; CV population SD; three intervals,2.75,-10.629562078858324,,local target-band PSD ratio; control is noise-only,0.0,sde,,,5,4,0,0,0.5859976310305759,1.7064915403178866,True,ok,-24.30418758663533,13.674625507777003,,4,True
chb01,chb01_03.edf,3000.0,3004.0,1,FP1-F7,fhn_sde,no_external_drive,0.5,2,2,1973340835850284789,FHN mean+SD peaks; >=0.2s intervals; CV population SD; three intervals,2.75,-7.583949580573663,,local target-band PSD ratio; control is noise-only,0.0,sde,,,5,4,0,0,0.5702400987201334,1.753647283388935,True,ok,-24.30418758663533,16.720238006061667,,4,True
chb01,chb01_03.edf,3000.0,3004.0,1,FP1-F7,fhn_sde,no_external_drive,2.0,2,0,13355386309213070202,FHN mean+SD peaks; >=0.2s intervals; CV population SD; three intervals,2.75,-11.798224714006194,,local target-band PSD ratio; control is noise-only,0.0,sde,,,5,3,1,0,0.4934852839972162,2.0264028785215835,True,ok,-24.30418758663533,12.505962872629135,,4,True
chb01,chb01_03.edf,3000.0,3004.0,1,FP1-F7,fhn_sde,no_external_drive,2.0,2,1,12824191668026409864,FHN mean+SD peaks; >=0.2s intervals; CV population SD; three intervals,2.75,-10.485010780816356,,local target-band PSD ratio; control is noise-only,0.0,sde,,,8,7,0,0,0.5362307882350197,1.864868675839104,True,ok,-24.30418758663533,13.819176805818977,,4,True
chb01,chb01_03.edf,3000.0,3004.0,1,FP1-F7,fhn_sde,no_external_drive,2.0,2,2,1973340835850284789,FHN mean+SD peaks; >=0.2s intervals; CV population SD; three intervals,2.75,-7.140017935042536,,local target-band PSD ratio; control is noise-only,0.0,sde,,,4,2,1,0,,,False,insufficient_intervals,-24.30418758663533,17.164169651592793,,4,True
chb02,chb02_16+.edf,0.0,4.0,0,FP1-F7,bistable_driven_regularity,eeg_component,0.0,1,0,9843681375349505443,bistable hysteresis; CV sample SD; five intervals,16.0,14.25681675413738,14.242764830775196,local target-band PSD ratio; control is noise-only,0.0,sqrt(2Ddt),-1.0,3.0,0,0,0,1,,,False,insufficient_intervals,14.25681675413738,0.0,0.0140519233621834,4,True
chb02,chb02_16+.edf,0.0,4.0,0,FP1-F7,bistable_driven_regularity,eeg_component,0.0,1,1,2640588514656085011,bistable hysteresis; CV sample SD; five intervals,16.0,14.25681675413738,14.242764830775196,local target-band PSD ratio; control is noise-only,0.0,sqrt(2Ddt),-1.0,3.0,0,0,0,1,,,False,insufficient_intervals,14.25681675413738,0.0,0.0140519233621834,4,True
chb02,chb02_16+.edf,0.0,4.0,0,FP1-F7,bistable_driven_regularity,eeg_component,0.0,1,2,5820365453816011279,bistable hysteresis; CV sample SD; five intervals,16.0,14.25681675413738,14.242764830775196,local target-band PSD ratio; control is noise-only,0.0,sqrt(2Ddt),-1.0,3.0,0,0,0,1,,,False,insufficient_intervals,14.25681675413738,0.0,0.0140519233621834,4,True
chb02,chb02_16+.edf,0.0,4.0,0,FP1-F7,bistable_driven_regularity,eeg_component,0.1,1,0,9843681375349505443,bistable hysteresis; CV sample SD; five intervals,16.0,-8.875019568020479,14.242764830775196,local target-band PSD ratio; control is noise-only,0.0,sqrt(2Ddt),-1.0,3.0,0,0,0,1,,,False,insufficient_intervals,14.25681675413738,-23.13183632215786,-23.11778439879568,4,True
chb02,chb02_16+.edf,0.0,4.0,0,FP1-F7,bistable_driven_regularity,eeg_component,0.1,1,1,2640588514656085011,bistable hysteresis; CV sample SD; five intervals,16.0,0.524136131681676,14.242764830775196,local target-band PSD ratio; control is noise-only,0.0,sqrt(2Ddt),-1.0,3.0,0,0,0,1,,,False,insufficient_intervals,14.25681675413738,-13.732680622455703,-13.718628699093522,4,True
chb02,chb02_16+.edf,0.0,4.0,0,FP1-F7,bistable_driven_regularity,eeg_component,0.1,1,2,5820365453816011279,bistable hysteresis; CV sample SD; five intervals,16.0,1.9204521873390656,14.242764830775196,local target-band PSD ratio; control is noise-only,0.0,sqrt(2Ddt),-1.0,3.0,0,0,0,1,,,False,insufficient_intervals,14.25681675413738,-12.336364566798316,-12.322312643436131,4,True
chb02,chb02_16+.edf,0.0,4.0,0,FP1-F7,bistable_driven_regularity,eeg_component,0.5,1,0,9843681375349505443,bistable hysteresis; CV sample SD; five intervals,16.0,-14.919656290793492,14.242764830775196,local target-band PSD ratio; control is noise-only,0.0,sqrt(2Ddt),-1.0,3.0,1,0,0,1,,,False,insufficient_intervals,14.25681675413738,-29.176473044930876,-29.16242112156869,4,True
chb02,chb02_16+.edf,0.0,4.0,0,FP1-F7,bistable_driven_regularity,eeg_component,0.5,1,1,2640588514656085011,bistable hysteresis; CV sample SD; five intervals,16.0,1.5593579390761043,14.242764830775196,local target-band PSD ratio; control is noise-only,0.0,sqrt(2Ddt),-1.0,3.0,1,0,0,1,,,False,insufficient_intervals,14.25681675413738,-12.697458815061276,-12.683406891699091,4,True
chb02,chb02_16+.edf,0.0,4.0,0,FP1-F7,bistable_driven_regularity,eeg_component,0.5,1,2,5820365453816011279,bistable hysteresis; CV sample SD; five intervals,16.0,3.170028548839817,14.242764830775196,local target-band PSD ratio; control is noise-only,0.0,sqrt(2Ddt),-1.0,3.0,0,0,0,1,,,False,insufficient_intervals,14.25681675413738,-11.086788205297564,-11.07273628193538,4,True
chb02,chb02_16+.edf,0.0,4.0,0,FP1-F7,bistable_driven_regularity,eeg_component,2.0,1,0,9843681375349505443,bistable hysteresis; CV sample SD; five intervals,16.0,-17.818513573944475,14.242764830775196,local target-band PSD ratio; control is noise-only,0.0,sqrt(2Ddt),-1.0,3.0,1,0,0,1,,,False,insufficient_intervals,14.25681675413738,-32.075330328081854,-32.06127840471967,4,True
chb02,chb02_16+.edf,0.0,4.0,0,FP1-F7,bistable_driven_regularity,eeg_component,2.0,1,1,2640588514656085011,bistable hysteresis; CV sample SD; five intervals,16.0,1.9824060893583777,14.242764830775196,local target-band PSD ratio; control is noise-only,0.0,sqrt(2Ddt),-1.0,3.0,4,3,0,1,,,False,insufficient_intervals,14.25681675413738,-12.274410664779005,-12.26035874141682,4,True
chb02,chb02_16+.edf,0.0,4.0,0,FP1-F7,bistable_driven_regularity,eeg_component,2.0,1,2,5820365453816011279,bistable hysteresis; CV sample SD; five intervals,16.0,3.633652148494989,14.242764830775196,local target-band PSD ratio; control is noise-only,0.0,sqrt(2Ddt),-1.0,3.0,4,3,0,1,,,False,insufficient_intervals,14.25681675413738,-10.62316460564239,-10.609112682280209,4,True
chb02,chb02_16+.edf,0.0,4.0,0,FP1-F7,bistable_driven_regularity,eeg_component,0.0,2,0,6742840208808322525,bistable hysteresis; CV sample SD; five intervals,16.0,14.256813962561536,14.242764830775196,local target-band PSD ratio; control is noise-only,0.0,sqrt(2Ddt),-1.0,3.0,0,0,0,1,,,False,insufficient_intervals,14.256813962561536,0.0,0.01404913178634,4,True
chb02,chb02_16+.edf,0.0,4.0,0,FP1-F7,bistable_driven_regularity,eeg_component,0.0,2,1,8315952317372516999,bistable hysteresis; CV sample SD; five intervals,16.0,14.256813962561536,14.242764830775196,local target-band PSD ratio; control is noise-only,0.0,sqrt(2Ddt),-1.0,3.0,0,0,0,1,,,False,insufficient_intervals,14.256813962561536,0.0,0.01404913178634,4,True
chb02,chb02_16+.edf,0.0,4.0,0,FP1-F7,bistable_driven_regularity,eeg_component,0.0,2,2,9029614919909452649,bistable hysteresis; CV sample SD; five intervals,16.0,14.256813962561536,14.242764830775196,local target-band PSD ratio; control is noise-only,0.0,sqrt(2Ddt),-1.0,3.0,0,0,0,1,,,False,insufficient_intervals,14.256813962561536,0.0,0.01404913178634,4,True
chb02,chb02_16+.edf,0.0,4.0,0,FP1-F7,bistable_driven_regularity,eeg_component,0.1,2,0,6742840208808322525,bistable hysteresis; CV sample SD; five intervals,16.0,-2.7213084453852647,14.242764830775196,local target-band PSD ratio; control is noise-only,0.0,sqrt(2Ddt),-1.0,3.0,0,0,0,1,,,False,insufficient_intervals,14.256813962561536,-16.978122407946802,-16.964073276160462,4,True
chb02,chb02_16+.edf,0.0,4.0,0,FP1-F7,bistable_driven_regularity,eeg_component,0.1,2,1,8315952317372516999,bistable hysteresis; CV sample SD; five intervals,16.0,1.533639894381889,14.242764830775196,local target-band PSD ratio; control is noise-only,0.0,sqrt(2Ddt),-1.0,3.0,0,0,0,1,,,False,insufficient_intervals,14.256813962561536,-12.723174068179649,-12.709124936393309,4,True
chb02,chb02_16+.edf,0.0,4.0,0,FP1-F7,bistable_driven_regularity,eeg_component,0.1,2,2,9029614919909452649,bistable hysteresis; CV sample SD; five intervals,16.0,5.983965774751432,14.242764830775196,local target-band PSD ratio; control is noise-only,0.0,sqrt(2Ddt),-1.0,3.0,0,0,0,1,,,False,insufficient_intervals,14.256813962561536,-8.272848187810105,-8.258799056023765,4,True
chb02,chb02_16+.edf,0.0,4.0,0,FP1-F7,bistable_driven_regularity,eeg_component,0.5,2,0,6742840208808322525,bistable hysteresis; CV sample SD; five intervals,16.0,-1.7695910163088588,14.242764830775196,local target-band PSD ratio; control is noise-only,0.0,sqrt(2Ddt),-1.0,3.0,1,0,0,1,,,False,insufficient_intervals,14.256813962561536,-16.026404978870396,-16.012355847084056,4,True
chb02,chb02_16+.edf,0.0,4.0,0,FP1-F7,bistable_driven_regularity,eeg_component,0.5,2,1,8315952317372516999,bistable hysteresis; CV sample SD; five intervals,16.0,-0.4265447427783562,14.242764830775196,local target-band PSD ratio; control is noise-only,0.0,sqrt(2Ddt),-1.0,3.0,0,0,0,1,,,False,insufficient_intervals,14.256813962561536,-14.683358705339892,-14.669309573553551,4,True
chb02,chb02_16+.edf,0.0,4.0,0,FP1-F7,bistable_driven_regularity,eeg_component,0.5,2,2,9029614919909452649,bistable hysteresis; CV sample SD; five intervals,16.0,5.498846241898068,14.242764830775196,local target-band PSD ratio; control is noise-only,0.0,sqrt(2Ddt),-1.0,3.0,1,0,0,1,,,False,insufficient_intervals,14.256813962561536,-8.75796772066347,-8.74391858887713,4,True
chb02,chb02_16+.edf,0.0,4.0,0,FP1-F7,bistable_driven_regularity,eeg_component,2.0,2,0,6742840208808322525,bistable hysteresis; CV sample SD; five intervals,16.0,-0.9690537507775184,14.242764830775196,local target-band PSD ratio; control is noise-only,0.0,sqrt(2Ddt),-1.0,3.0,2,1,0,1,,,False,insufficient_intervals,14.256813962561536,-15.225867713339056,-15.211818581552716,4,True
chb02,chb02_16+.edf,0.0,4.0,0,FP1-F7,bistable_driven_regularity,eeg_component,2.0,2,1,8315952317372516999,bistable hysteresis; CV sample SD; five intervals,16.0,-1.410655198199218,14.242764830775196,local target-band PSD ratio; control is noise-only,0.0,sqrt(2Ddt),-1.0,3.0,2,1,0,1,,,False,insufficient_intervals,14.256813962561536,-15.667469160760756,-15.653420028974416,4,True
chb02,chb02_16+.edf,0.0,4.0,0,FP1-F7,bistable_driven_regularity,eeg_component,2.0,2,2,9029614919909452649,bistable hysteresis; CV sample SD; five intervals,16.0,5.306912381971775,14.242764830775196,local target-band PSD ratio; control is noise-only,0.0,sqrt(2Ddt),-1.0,3.0,2,1,0,1,,,False,insufficient_intervals,14.256813962561536,-8.949901580589763,-8.935852448803423,4,True
chb02,chb02_16+.edf,0.0,4.0,0,FP1-F7,bistable_driven_regularity,no_external_drive,0.0,1,0,9843681375349505443,bistable hysteresis; CV sample SD; five intervals,16.0,,,local target-band PSD ratio; control is noise-only,0.0,sqrt(2Ddt),-1.0,3.0,0,0,0,1,,,False,insufficient_intervals,,,,4,False
chb02,chb02_16+.edf,0.0,4.0,0,FP1-F7,bistable_driven_regularity,no_external_drive,0.0,1,1,2640588514656085011,bistable hysteresis; CV sample SD; five intervals,16.0,,,local target-band PSD ratio; control is noise-only,0.0,sqrt(2Ddt),-1.0,3.0,0,0,0,1,,,False,insufficient_intervals,,,,4,False
chb02,chb02_16+.edf,0.0,4.0,0,FP1-F7,bistable_driven_regularity,no_external_drive,0.0,1,2,5820365453816011279,bistable hysteresis; CV sample SD; five intervals,16.0,,,local target-band PSD ratio; control is noise-only,0.0,sqrt(2Ddt),-1.0,3.0,0,0,0,1,,,False,insufficient_intervals,,,,4,False
chb02,chb02_16+.edf,0.0,4.0,0,FP1-F7,bistable_driven_regularity,no_external_drive,0.1,1,0,9843681375349505443,bistable hysteresis; CV sample SD; five intervals,16.0,-12.305514031879314,,local target-band PSD ratio; control is noise-only,0.0,sqrt(2Ddt),-1.0,3.0,0,0,0,1,,,False,insufficient_intervals,,,,4,False
chb02,chb02_16+.edf,0.0,4.0,0,FP1-F7,bistable_driven_regularity,no_external_drive,0.1,1,1,2640588514656085011,bistable hysteresis; CV sample SD; five intervals,16.0,2.3876922072970586,,local target-band PSD ratio; control is noise-only,0.0,sqrt(2Ddt),-1.0,3.0,0,0,0,1,,,False,insufficient_intervals,,,,4,False
chb02,chb02_16+.edf,0.0,4.0,0,FP1-F7,bistable_driven_regularity,no_external_drive,0.1,1,2,5820365453816011279,bistable hysteresis; CV sample SD; five intervals,16.0,4.088969941684521,,local target-band PSD ratio; control is noise-only,0.0,sqrt(2Ddt),-1.0,3.0,0,0,0,1,,,False,insufficient_intervals,,,,4,False
chb02,chb02_16+.edf,0.0,4.0,0,FP1-F7,bistable_driven_regularity,no_external_drive,0.5,1,0,9843681375349505443,bistable hysteresis; CV sample SD; five intervals,16.0,-12.56917408057909,,local target-band PSD ratio; control is noise-only,0.0,sqrt(2Ddt),-1.0,3.0,1,0,0,1,,,False,insufficient_intervals,,,,4,False
chb02,chb02_16+.edf,0.0,4.0,0,FP1-F7,bistable_driven_regularity,no_external_drive,0.5,1,1,2640588514656085011,bistable hysteresis; CV sample SD; five intervals,16.0,2.394638191903372,,local target-band PSD ratio; control is noise-only,0.0,sqrt(2Ddt),-1.0,3.0,1,0,0,1,,,False,insufficient_intervals,,,,4,False
chb02,chb02_16+.edf,0.0,4.0,0,FP1-F7,bistable_driven_regularity,no_external_drive,0.5,1,2,5820365453816011279,bistable hysteresis; CV sample SD; five intervals,16.0,4.087909432019795,,local target-band PSD ratio; control is noise-only,0.0,sqrt(2Ddt),-1.0,3.0,0,0,0,1,,,False,insufficient_intervals,,,,4,False
chb02,chb02_16+.edf,0.0,4.0,0,FP1-F7,bistable_driven_regularity,no_external_drive,2.0,1,0,9843681375349505443,bistable hysteresis; CV sample SD; five intervals,16.0,-14.26957021624842,,local target-band PSD ratio; control is noise-only,0.0,sqrt(2Ddt),-1.0,3.0,1,0,0,1,,,False,insufficient_intervals,,,,4,False
chb02,chb02_16+.edf,0.0,4.0,0,FP1-F7,bistable_driven_regularity,no_external_drive,2.0,1,1,2640588514656085011,bistable hysteresis; CV sample SD; five intervals,16.0,2.3963827909598887,,local target-band PSD ratio; control is noise-only,0.0,sqrt(2Ddt),-1.0,3.0,4,3,0,1,,,False,insufficient_intervals,,,,4,False
chb02,chb02_16+.edf,0.0,4.0,0,FP1-F7,bistable_driven_regularity,no_external_drive,2.0,1,2,5820365453816011279,bistable hysteresis; CV sample SD; five intervals,16.0,4.086102864051566,,local target-band PSD ratio; control is noise-only,0.0,sqrt(2Ddt),-1.0,3.0,4,3,0,1,,,False,insufficient_intervals,,,,4,False
chb02,chb02_16+.edf,0.0,4.0,0,FP1-F7,bistable_driven_regularity,no_external_drive,0.0,2,0,6742840208808322525,bistable hysteresis; CV sample SD; five intervals,16.0,,,local target-band PSD ratio; control is noise-only,0.0,sqrt(2Ddt),-1.0,3.0,0,0,0,1,,,False,insufficient_intervals,,,,4,False
chb02,chb02_16+.edf,0.0,4.0,0,FP1-F7,bistable_driven_regularity,no_external_drive,0.0,2,1,8315952317372516999,bistable hysteresis; CV sample SD; five intervals,16.0,,,local target-band PSD ratio; control is noise-only,0.0,sqrt(2Ddt),-1.0,3.0,0,0,0,1,,,False,insufficient_intervals,,,,4,False
chb02,chb02_16+.edf,0.0,4.0,0,FP1-F7,bistable_driven_regularity,no_external_drive,0.0,2,2,9029614919909452649,bistable hysteresis; CV sample SD; five intervals,16.0,,,local target-band PSD ratio; control is noise-only,0.0,sqrt(2Ddt),-1.0,3.0,0,0,0,1,,,False,insufficient_intervals,,,,4,False
chb02,chb02_16+.edf,0.0,4.0,0,FP1-F7,bistable_driven_regularity,no_external_drive,0.1,2,0,6742840208808322525,bistable hysteresis; CV sample SD; five intervals,16.0,-0.6117399412650658,,local target-band PSD ratio; control is noise-only,0.0,sqrt(2Ddt),-1.0,3.0,0,0,0,1,,,False,insufficient_intervals,,,,4,False
chb02,chb02_16+.edf,0.0,4.0,0,FP1-F7,bistable_driven_regularity,no_external_drive,0.1,2,1,8315952317372516999,bistable hysteresis; CV sample SD; five intervals,16.0,-2.35934033605653,,local target-band PSD ratio; control is noise-only,0.0,sqrt(2Ddt),-1.0,3.0,0,0,0,1,,,False,insufficient_intervals,,,,4,False
chb02,chb02_16+.edf,0.0,4.0,0,FP1-F7,bistable_driven_regularity,no_external_drive,0.1,2,2,9029614919909452649,bistable hysteresis; CV sample SD; five intervals,16.0,5.4161556941229625,,local target-band PSD ratio; control is noise-only,0.0,sqrt(2Ddt),-1.0,3.0,0,0,0,1,,,False,insufficient_intervals,,,,4,False
chb02,chb02_16+.edf,0.0,4.0,0,FP1-F7,bistable_driven_regularity,no_external_drive,0.5,2,0,6742840208808322525,bistable hysteresis; CV sample SD; five intervals,16.0,-0.6018896581958904,,local target-band PSD ratio; control is noise-only,0.0,sqrt(2Ddt),-1.0,3.0,1,0,0,1,,,False,insufficient_intervals,,,,4,False
chb02,chb02_16+.edf,0.0,4.0,0,FP1-F7,bistable_driven_regularity,no_external_drive,0.5,2,1,8315952317372516999,bistable hysteresis; CV sample SD; five intervals,16.0,-2.3840502794029748,,local target-band PSD ratio; control is noise-only,0.0,sqrt(2Ddt),-1.0,3.0,0,0,0,1,,,False,insufficient_intervals,,,,4,False
chb02,chb02_16+.edf,0.0,4.0,0,FP1-F7,bistable_driven_regularity,no_external_drive,0.5,2,2,9029614919909452649,bistable hysteresis; CV sample SD; five intervals,16.0,5.320425093656755,,local target-band PSD ratio; control is noise-only,0.0,sqrt(2Ddt),-1.0,3.0,1,0,0,1,,,False,insufficient_intervals,,,,4,False
chb02,chb02_16+.edf,0.0,4.0,0,FP1-F7,bistable_driven_regularity,no_external_drive,2.0,2,0,6742840208808322525,bistable hysteresis; CV sample SD; five intervals,16.0,-0.3683511612786549,,local target-band PSD ratio; control is noise-only,0.0,sqrt(2Ddt),-1.0,3.0,2,1,0,1,,,False,insufficient_intervals,,,,4,False
chb02,chb02_16+.edf,0.0,4.0,0,FP1-F7,bistable_driven_regularity,no_external_drive,2.0,2,1,8315952317372516999,bistable hysteresis; CV sample SD; five intervals,16.0,-2.4490534237032766,,local target-band PSD ratio; control is noise-only,0.0,sqrt(2Ddt),-1.0,3.0,2,1,0,1,,,False,insufficient_intervals,,,,4,False
chb02,chb02_16+.edf,0.0,4.0,0,FP1-F7,bistable_driven_regularity,no_external_drive,2.0,2,2,9029614919909452649,bistable hysteresis; CV sample SD; five intervals,16.0,5.234588882318109,,local target-band PSD ratio; control is noise-only,0.0,sqrt(2Ddt),-1.0,3.0,2,1,0,1,,,False,insufficient_intervals,,,,4,False
chb02,chb02_16+.edf,0.0,4.0,0,FP1-F7,fhn_sde,eeg_component,0.0,1,0,9402003163809080458,FHN mean+SD peaks; >=0.2s intervals; CV population SD; three intervals,16.0,14.251319268590716,14.242764830775196,local target-band PSD ratio; control is noise-only,0.0,sde,,,4,3,0,0,0.0073275314112595,136.47160876900367,True,ok,14.251319268590716,0.0,0.0085544378155173,4,True
chb02,chb02_16+.edf,0.0,4.0,0,FP1-F7,fhn_sde,eeg_component,0.0,1,1,12085535344281176406,FHN mean+SD peaks; >=0.2s intervals; CV population SD; three intervals,16.0,14.251319268590716,14.242764830775196,local target-band PSD ratio; control is noise-only,0.0,sde,,,4,3,0,0,0.0073275314112595,136.47160876900367,True,ok,14.251319268590716,0.0,0.0085544378155173,4,True
chb02,chb02_16+.edf,0.0,4.0,0,FP1-F7,fhn_sde,eeg_component,0.0,1,2,9368513167783884136,FHN mean+SD peaks; >=0.2s intervals; CV population SD; three intervals,16.0,14.251319268590716,14.242764830775196,local target-band PSD ratio; control is noise-only,0.0,sde,,,4,3,0,0,0.0073275314112595,136.47160876900367,True,ok,14.251319268590716,0.0,0.0085544378155173,4,True
chb02,chb02_16+.edf,0.0,4.0,0,FP1-F7,fhn_sde,eeg_component,0.1,1,0,9402003163809080458,FHN mean+SD peaks; >=0.2s intervals; CV population SD; three intervals,16.0,-9.100477713245988,14.242764830775196,local target-band PSD ratio; control is noise-only,0.0,sde,,,6,5,0,0,0.8005905493399521,1.249077947303339,True,ok,14.251319268590716,-23.351796981836703,-23.343242544021187,4,True
chb02,chb02_16+.edf,0.0,4.0,0,FP1-F7,fhn_sde,eeg_component,0.1,1,1,12085535344281176406,FHN mean+SD peaks; >=0.2s intervals; CV population SD; three intervals,16.0,4.005026421261213,14.242764830775196,local target-band PSD ratio; control is noise-only,0.0,sde,,,5,3,1,0,1.05850463254554,0.9447289782711245,True,ok,14.251319268590716,-10.2462928473295,-10.237738409513984,4,True
chb02,chb02_16+.edf,0.0,4.0,0,FP1-F7,fhn_sde,eeg_component,0.1,1,2,9368513167783884136,FHN mean+SD peaks; >=0.2s intervals; CV population SD; three intervals,16.0,4.3195576179872495,14.242764830775196,local target-band PSD ratio; control is noise-only,0.0,sde,,,7,6,0,0,1.3572007422006498,0.7368106787051544,True,ok,14.251319268590716,-9.931761650603466,-9.923207212787949,4,True
chb02,chb02_16+.edf,0.0,4.0,0,FP1-F7,fhn_sde,eeg_component,0.5,1,0,9402003163809080458,FHN mean+SD peaks; >=0.2s intervals; CV population SD; three intervals,16.0,-10.4600468667789,14.242764830775196,local target-band PSD ratio; control is noise-only,0.0,sde,,,6,4,1,0,0.8015085788053077,1.2476472821919815,True,ok,14.251319268590716,-24.711366135369616,-24.702811697554097,4,True
chb02,chb02_16+.edf,0.0,4.0,0,FP1-F7,fhn_sde,eeg_component,0.5,1,1,12085535344281176406,FHN mean+SD peaks; >=0.2s intervals; CV population SD; three intervals,16.0,1.174817597443072,14.242764830775196,local target-band PSD ratio; control is noise-only,0.0,sde,,,4,3,0,0,0.1388383460783989,7.202621093133176,True,ok,14.251319268590716,-13.076501671147645,-13.067947233332124,4,True
chb02,chb02_16+.edf,0.0,4.0,0,FP1-F7,fhn_sde,eeg_component,0.5,1,2,9368513167783884136,FHN mean+SD peaks; >=0.2s intervals; CV population SD; three intervals,16.0,2.421115471477445,14.242764830775196,local target-band PSD ratio; control is noise-only,0.0,sde,,,6,5,0,0,1.0348960145719983,0.9662806561426072,True,ok,14.251319268590716,-11.830203797113269,-11.821649359297751,4,True
chb02,chb02_16+.edf,0.0,4.0,0,FP1-F7,fhn_sde,eeg_component,2.0,1,0,9402003163809080458,FHN mean+SD peaks; >=0.2s intervals; CV population SD; three intervals,16.0,-5.543788413506787,14.242764830775196,local target-band PSD ratio; control is noise-only,0.0,sde,,,5,3,1,0,0.3294442228442805,3.035415195223117,True,ok,14.251319268590716,-19.795107682097505,-19.786553244281983,4,True
chb02,chb02_16+.edf,0.0,4.0,0,FP1-F7,fhn_sde,eeg_component,2.0,1,1,12085535344281176406,FHN mean+SD peaks; >=0.2s intervals; CV population SD; three intervals,16.0,-0.4058301114128415,14.242764830775196,local target-band PSD ratio; control is noise-only,0.0,sde,,,4,3,0,0,0.1388383460783989,7.202621093133176,True,ok,14.251319268590716,-14.657149380003556,-14.64859494218804,4,True
chb02,chb02_16+.edf,0.0,4.0,0,FP1-F7,fhn_sde,eeg_component,2.0,1,2,9368513167783884136,FHN mean+SD peaks; >=0.2s intervals; CV population SD; three intervals,16.0,1.6493062038742394,14.242764830775196,local target-band PSD ratio; control is noise-only,0.0,sde,,,3,2,0,0,,,False,insufficient_intervals,14.251319268590716,-12.602013064716475,-12.593458626900958,4,True
chb02,chb02_16+.edf,0.0,4.0,0,FP1-F7,fhn_sde,eeg_component,0.0,2,0,4876076672079390368,FHN mean+SD peaks; >=0.2s intervals; CV population SD; three intervals,16.0,14.25131119134888,14.242764830775196,local target-band PSD ratio; control is noise-only,0.0,sde,,,4,3,0,0,0.0073275314112595,136.47160876900367,True,ok,14.25131119134888,0.0,0.0085463605736837,4,True
chb02,chb02_16+.edf,0.0,4.0,0,FP1-F7,fhn_sde,eeg_component,0.0,2,1,16113020808080507752,FHN mean+SD peaks; >=0.2s intervals; CV population SD; three intervals,16.0,14.25131119134888,14.242764830775196,local target-band PSD ratio; control is noise-only,0.0,sde,,,4,3,0,0,0.0073275314112595,136.47160876900367,True,ok,14.25131119134888,0.0,0.0085463605736837,4,True
chb02,chb02_16+.edf,0.0,4.0,0,FP1-F7,fhn_sde,eeg_component,0.0,2,2,1278254782589616476,FHN mean+SD peaks; >=0.2s intervals; CV population SD; three intervals,16.0,14.25131119134888,14.242764830775196,local target-band PSD ratio; control is noise-only,0.0,sde,,,4,3,0,0,0.0073275314112595,136.47160876900367,True,ok,14.25131119134888,0.0,0.0085463605736837,4,True
chb02,chb02_16+.edf,0.0,4.0,0,FP1-F7,fhn_sde,eeg_component,0.1,2,0,4876076672079390368,FHN mean+SD peaks; >=0.2s intervals; CV population SD; three intervals,16.0,3.942319325220838,14.242764830775196,local target-band PSD ratio; control is noise-only,0.0,sde,,,5,4,0,0,0.5988410640609836,1.6698921634040849,True,ok,14.25131119134888,-10.308991866128045,-10.30044550555436,4,True
chb02,chb02_16+.edf,0.0,4.0,0,FP1-F7,fhn_sde,eeg_component,0.1,2,1,16113020808080507752,FHN mean+SD peaks; >=0.2s intervals; CV population SD; three intervals,16.0,-7.1476840747887245,14.242764830775196,local target-band PSD ratio; control is noise-only,0.0,sde,,,5,4,0,0,0.1440329416416807,6.942856186939229,True,ok,14.25131119134888,-21.398995266137604,-21.39044890556392,4,True
chb02,chb02_16+.edf,0.0,4.0,0,FP1-F7,fhn_sde,eeg_component,0.1,2,2,1278254782589616476,FHN mean+SD peaks; >=0.2s intervals; CV population SD; three intervals,16.0,-9.182326126251198,14.242764830775196,local target-band PSD ratio; control is noise-only,0.0,sde,,,4,3,0,0,0.6145362958925995,1.6272431859334258,True,ok,14.25131119134888,-23.43363731760008,-23.425090957026395,4,True
chb02,chb02_16+.edf,0.0,4.0,0,FP1-F7,fhn_sde,eeg_component,0.5,2,0,4876076672079390368,FHN mean+SD peaks; >=0.2s intervals; CV population SD; three intervals,16.0,1.7304898562545867,14.242764830775196,local target-band PSD ratio; control is noise-only,0.0,sde,,,5,4,0,0,0.2905691959783935,3.4415210347154592,True,ok,14.25131119134888,-12.520821335094292,-12.512274974520611,4,True
chb02,chb02_16+.edf,0.0,4.0,0,FP1-F7,fhn_sde,eeg_component,0.5,2,1,16113020808080507752,FHN mean+SD peaks; >=0.2s intervals; CV population SD; three intervals,16.0,-5.593633058579016,14.242764830775196,local target-band PSD ratio; control is noise-only,0.0,sde,,,5,4,0,0,0.3837280676688864,2.606012132693108,True,ok,14.25131119134888,-19.8449442499279,-19.836397889354213,4,True
chb02,chb02_16+.edf,0.0,4.0,0,FP1-F7,fhn_sde,eeg_component,0.5,2,2,1278254782589616476,FHN mean+SD peaks; >=0.2s intervals; CV population SD; three intervals,16.0,-21.887090156132984,14.242764830775196,local target-band PSD ratio; control is noise-only,0.0,sde,,,5,4,0,0,0.8573135331906748,1.166434403850231,True,ok,14.25131119134888,-36.13840134748187,-36.129854986908185,4,True
chb02,chb02_16+.edf,0.0,4.0,0,FP1-F7,fhn_sde,eeg_component,2.0,2,0,4876076672079390368,FHN mean+SD peaks; >=0.2s intervals; CV population SD; three intervals,16.0,0.7719246674979412,14.242764830775196,local target-band PSD ratio; control is noise-only,0.0,sde,,,3,2,0,0,,,False,insufficient_intervals,14.25131119134888,-13.47938652385094,-13.470840163277256,4,True
chb02,chb02_16+.edf,0.0,4.0,0,FP1-F7,fhn_sde,eeg_component,2.0,2,1,16113020808080507752,FHN mean+SD peaks; >=0.2s intervals; CV population SD; three intervals,16.0,-2.85365472897015,14.242764830775196,local target-band PSD ratio; control is noise-only,0.0,sde,,,4,3,0,0,0.5471045168304675,1.8278043211803208,True,ok,14.25131119134888,-17.10496592031903,-17.096419559745346,4,True
chb02,chb02_16+.edf,0.0,4.0,0,FP1-F7,fhn_sde,eeg_component,2.0,2,2,1278254782589616476,FHN mean+SD peaks; >=0.2s intervals; CV population SD; three intervals,16.0,-12.346843333465362,14.242764830775196,local target-band PSD ratio; control is noise-only,0.0,sde,,,5,4,0,0,0.8573135331906748,1.166434403850231,True,ok,14.25131119134888,-26.59815452481424,-26.58960816424056,4,True
chb02,chb02_16+.edf,0.0,4.0,0,FP1-F7,fhn_sde,no_external_drive,0.0,1,0,9402003163809080458,FHN mean+SD peaks; >=0.2s intervals; CV population SD; three intervals,16.0,-0.5670379183563145,,local target-band PSD ratio; control is noise-only,0.0,sde,,,0,0,0,0,,,False,insufficient_intervals,-0.5670379183563145,0.0,,4,True
chb02,chb02_16+.edf,0.0,4.0,0,FP1-F7,fhn_sde,no_external_drive,0.0,1,1,12085535344281176406,FHN mean+SD peaks; >=0.2s intervals; CV population SD; three intervals,16.0,-0.5670379183563145,,local target-band PSD ratio; control is noise-only,0.0,sde,,,0,0,0,0,,,False,insufficient_intervals,-0.5670379183563145,0.0,,4,True
chb02,chb02_16+.edf,0.0,4.0,0,FP1-F7,fhn_sde,no_external_drive,0.0,1,2,9368513167783884136,FHN mean+SD peaks; >=0.2s intervals; CV population SD; three intervals,16.0,-0.5670379183563145,,local target-band PSD ratio; control is noise-only,0.0,sde,,,0,0,0,0,,,False,insufficient_intervals,-0.5670379183563145,0.0,,4,True
chb02,chb02_16+.edf,0.0,4.0,0,FP1-F7,fhn_sde,no_external_drive,0.1,1,0,9402003163809080458,FHN mean+SD peaks; >=0.2s intervals; CV population SD; three intervals,16.0,-2.3260443527783066,,local target-band PSD ratio; control is noise-only,0.0,sde,,,6,5,0,0,0.8005905493399521,1.249077947303339,True,ok,-0.5670379183563145,-1.759006434421992,,4,True
chb02,chb02_16+.edf,0.0,4.0,0,FP1-F7,fhn_sde,no_external_drive,0.1,1,1,12085535344281176406,FHN mean+SD peaks; >=0.2s intervals; CV population SD; three intervals,16.0,-2.1965675492845365,,local target-band PSD ratio; control is noise-only,0.0,sde,,,6,4,1,0,1.1275082709874156,0.8869114539836145,True,ok,-0.5670379183563145,-1.629529630928222,,4,True
chb02,chb02_16+.edf,0.0,4.0,0,FP1-F7,fhn_sde,no_external_drive,0.1,1,2,9368513167783884136,FHN mean+SD peaks; >=0.2s intervals; CV population SD; three intervals,16.0,1.0260076046177642,,local target-band PSD ratio; control is noise-only,0.0,sde,,,7,6,0,0,1.3572007422006498,0.7368106787051544,True,ok,-0.5670379183563145,1.5930455229740788,,4,True
chb02,chb02_16+.edf,0.0,4.0,0,FP1-F7,fhn_sde,no_external_drive,0.5,1,0,9402003163809080458,FHN mean+SD peaks; >=0.2s intervals; CV population SD; three intervals,16.0,-2.31128381103054,,local target-band PSD ratio; control is noise-only,0.0,sde,,,6,4,1,0,0.8015085788053077,1.2476472821919815,True,ok,-0.5670379183563145,-1.7442458926742257,,4,True
chb02,chb02_16+.edf,0.0,4.0,0,FP1-F7,fhn_sde,no_external_drive,0.5,1,1,12085535344281176406,FHN mean+SD peaks; >=0.2s intervals; CV population SD; three intervals,16.0,-2.245575778125948,,local target-band PSD ratio; control is noise-only,0.0,sde,,,4,3,0,0,0.1388383460783989,7.202621093133176,True,ok,-0.5670379183563145,-1.6785378597696337,,4,True
chb02,chb02_16+.edf,0.0,4.0,0,FP1-F7,fhn_sde,no_external_drive,0.5,1,2,9368513167783884136,FHN mean+SD peaks; >=0.2s intervals; CV population SD; three intervals,16.0,1.0308346699891346,,local target-band PSD ratio; control is noise-only,0.0,sde,,,6,5,0,0,1.0348960145719983,0.9662806561426072,True,ok,-0.5670379183563145,1.597872588345449,,4,True
chb02,chb02_16+.edf,0.0,4.0,0,FP1-F7,fhn_sde,no_external_drive,2.0,1,0,9402003163809080458,FHN mean+SD peaks; >=0.2s intervals; CV population SD; three intervals,16.0,-2.3223867015707085,,local target-band PSD ratio; control is noise-only,0.0,sde,,,5,3,1,0,0.3294442228442805,3.035415195223117,True,ok,-0.5670379183563145,-1.755348783214394,,4,True
chb02,chb02_16+.edf,0.0,4.0,0,FP1-F7,fhn_sde,no_external_drive,2.0,1,1,12085535344281176406,FHN mean+SD peaks; >=0.2s intervals; CV population SD; three intervals,16.0,-2.311080890569932,,local target-band PSD ratio; control is noise-only,0.0,sde,,,4,3,0,0,0.1388383460783989,7.202621093133176,True,ok,-0.5670379183563145,-1.7440429722136177,,4,True
chb02,chb02_16+.edf,0.0,4.0,0,FP1-F7,fhn_sde,no_external_drive,2.0,1,2,9368513167783884136,FHN mean+SD peaks; >=0.2s intervals; CV population SD; three intervals,16.0,1.006530062777793,,local target-band PSD ratio; control is noise-only,0.0,sde,,,3,2,0,0,,,False,insufficient_intervals,-0.5670379183563145,1.5735679811341077,,4,True
chb02,chb02_16+.edf,0.0,4.0,0,FP1-F7,fhn_sde,no_external_drive,0.0,2,0,4876076672079390368,FHN mean+SD peaks; >=0.2s intervals; CV population SD; three intervals,16.0,-0.5670378174600146,,local target-band PSD ratio; control is noise-only,0.0,sde,,,0,0,0,0,,,False,insufficient_intervals,-0.5670378174600146,0.0,,4,True
chb02,chb02_16+.edf,0.0,4.0,0,FP1-F7,fhn_sde,no_external_drive,0.0,2,1,16113020808080507752,FHN mean+SD peaks; >=0.2s intervals; CV population SD; three intervals,16.0,-0.5670378174600146,,local target-band PSD ratio; control is noise-only,0.0,sde,,,0,0,0,0,,,False,insufficient_intervals,-0.5670378174600146,0.0,,4,True
chb02,chb02_16+.edf,0.0,4.0,0,FP1-F7,fhn_sde,no_external_drive,0.0,2,2,1278254782589616476,FHN mean+SD peaks; >=0.2s intervals; CV population SD; three intervals,16.0,-0.5670378174600146,,local target-band PSD ratio; control is noise-only,0.0,sde,,,0,0,0,0,,,False,insufficient_intervals,-0.5670378174600146,0.0,,4,True
chb02,chb02_16+.edf,0.0,4.0,0,FP1-F7,fhn_sde,no_external_drive,0.1,2,0,4876076672079390368,FHN mean+SD peaks; >=0.2s intervals; CV population SD; three intervals,16.0,0.0139486034708026,,local target-band PSD ratio; control is noise-only,0.0,sde,,,6,5,0,0,0.5021484844791122,1.991442831968951,True,ok,-0.5670378174600146,0.5809864209308172,,4,True
chb02,chb02_16+.edf,0.0,4.0,0,FP1-F7,fhn_sde,no_external_drive,0.1,2,1,16113020808080507752,FHN mean+SD peaks; >=0.2s intervals; CV population SD; three intervals,16.0,-0.7456249783099271,,local target-band PSD ratio; control is noise-only,0.0,sde,,,5,4,0,0,0.1440329416416807,6.942856186939229,True,ok,-0.5670378174600146,-0.1785871608499125,,4,True
chb02,chb02_16+.edf,0.0,4.0,0,FP1-F7,fhn_sde,no_external_drive,0.1,2,2,1278254782589616476,FHN mean+SD peaks; >=0.2s intervals; CV population SD; three intervals,16.0,-8.256576720805539,,local target-band PSD ratio; control is noise-only,0.0,sde,,,4,3,0,0,0.6145362958925995,1.6272431859334258,True,ok,-0.5670378174600146,-7.689538903345524,,4,True
chb02,chb02_16+.edf,0.0,4.0,0,FP1-F7,fhn_sde,no_external_drive,0.5,2,0,4876076672079390368,FHN mean+SD peaks; >=0.2s intervals; CV population SD; three intervals,16.0,0.0074070018563466,,local target-band PSD ratio; control is noise-only,0.0,sde,,,5,4,0,0,0.2905691959783935,3.4415210347154592,True,ok,-0.5670378174600146,0.5744448193163613,,4,True
chb02,chb02_16+.edf,0.0,4.0,0,FP1-F7,fhn_sde,no_external_drive,0.5,2,1,16113020808080507752,FHN mean+SD peaks; >=0.2s intervals; CV population SD; three intervals,16.0,-0.6253135986870072,,local target-band PSD ratio; control is noise-only,0.0,sde,,,5,4,0,0,0.3837280676688864,2.606012132693108,True,ok,-0.5670378174600146,-0.0582757812269926,,4,True
chb02,chb02_16+.edf,0.0,4.0,0,FP1-F7,fhn_sde,no_external_drive,0.5,2,2,1278254782589616476,FHN mean+SD peaks; >=0.2s intervals; CV population SD; three intervals,16.0,-8.123504234084779,,local target-band PSD ratio; control is noise-only,0.0,sde,,,5,4,0,0,0.8573135331906748,1.166434403850231,True,ok,-0.5670378174600146,-7.556466416624764,,4,True
chb02,chb02_16+.edf,0.0,4.0,0,FP1-F7,fhn_sde,no_external_drive,2.0,2,0,4876076672079390368,FHN mean+SD peaks; >=0.2s intervals; CV population SD; three intervals,16.0,-0.0628558687460534,,local target-band PSD ratio; control is noise-only,0.0,sde,,,3,2,0,0,,,False,insufficient_intervals,-0.5670378174600146,0.5041819487139612,,4,True
chb02,chb02_16+.edf,0.0,4.0,0,FP1-F7,fhn_sde,no_external_drive,2.0,2,1,16113020808080507752,FHN mean+SD peaks; >=0.2s intervals; CV population SD; three intervals,16.0,-0.6072579494723124,,local target-band PSD ratio; control is noise-only,0.0,sde,,,4,3,0,0,0.5471045168304675,1.8278043211803208,True,ok,-0.5670378174600146,-0.0402201320122977,,4,True
chb02,chb02_16+.edf,0.0,4.0,0,FP1-F7,fhn_sde,no_external_drive,2.0,2,2,1278254782589616476,FHN mean+SD peaks; >=0.2s intervals; CV population SD; three intervals,16.0,-7.918100901417571,,local target-band PSD ratio; control is noise-only,0.0,sde,,,5,4,0,0,0.8573135331906748,1.166434403850231,True,ok,-0.5670378174600146,-7.351063083957556,,4,True
chb02,chb02_16+.edf,2980.0,2984.0,1,FP1-F7,bistable_driven_regularity,eeg_component,0.0,1,0,10591235666099491839,bistable hysteresis; CV sample SD; five intervals,2.5,10.035410993206469,10.722727674449963,local target-band PSD ratio; control is noise-only,0.0,sqrt(2Ddt),-1.0,3.0,0,0,0,1,,,False,insufficient_intervals,10.035410993206469,0.0,-0.6873166812434963,4,True
chb02,chb02_16+.edf,2980.0,2984.0,1,FP1-F7,bistable_driven_regularity,eeg_component,0.0,1,1,8310893708392434124,bistable hysteresis; CV sample SD; five intervals,2.5,10.035410993206469,10.722727674449963,local target-band PSD ratio; control is noise-only,0.0,sqrt(2Ddt),-1.0,3.0,0,0,0,1,,,False,insufficient_intervals,10.035410993206469,0.0,-0.6873166812434963,4,True
chb02,chb02_16+.edf,2980.0,2984.0,1,FP1-F7,bistable_driven_regularity,eeg_component,0.0,1,2,8725937310398778790,bistable hysteresis; CV sample SD; five intervals,2.5,10.035410993206469,10.722727674449963,local target-band PSD ratio; control is noise-only,0.0,sqrt(2Ddt),-1.0,3.0,0,0,0,1,,,False,insufficient_intervals,10.035410993206469,0.0,-0.6873166812434963,4,True
chb02,chb02_16+.edf,2980.0,2984.0,1,FP1-F7,bistable_driven_regularity,eeg_component,0.1,1,0,10591235666099491839,bistable hysteresis; CV sample SD; five intervals,2.5,-5.168917770263045,10.722727674449963,local target-band PSD ratio; control is noise-only,0.0,sqrt(2Ddt),-1.0,3.0,0,0,0,1,,,False,insufficient_intervals,10.035410993206469,-15.204328763469514,-15.89164544471301,4,True
chb02,chb02_16+.edf,2980.0,2984.0,1,FP1-F7,bistable_driven_regularity,eeg_component,0.1,1,1,8310893708392434124,bistable hysteresis; CV sample SD; five intervals,2.5,0.0039633994940461,10.722727674449963,local target-band PSD ratio; control is noise-only,0.0,sqrt(2Ddt),-1.0,3.0,0,0,0,1,,,False,insufficient_intervals,10.035410993206469,-10.031447593712423,-10.71876427495592,4,True
chb02,chb02_16+.edf,2980.0,2984.0,1,FP1-F7,bistable_driven_regularity,eeg_component,0.1,1,2,8725937310398778790,bistable hysteresis; CV sample SD; five intervals,2.5,-6.710682898430821,10.722727674449963,local target-band PSD ratio; control is noise-only,0.0,sqrt(2Ddt),-1.0,3.0,0,0,0,1,,,False,insufficient_intervals,10.035410993206469,-16.74609389163729,-17.433410572880785,4,True
chb02,chb02_16+.edf,2980.0,2984.0,1,FP1-F7,bistable_driven_regularity,eeg_component,0.5,1,0,10591235666099491839,bistable hysteresis; CV sample SD; five intervals,2.5,-8.01006232190831,10.722727674449963,local target-band PSD ratio; control is noise-only,0.0,sqrt(2Ddt),-1.0,3.0,2,1,0,1,,,False,insufficient_intervals,10.035410993206469,-18.045473315114776,-18.732789996358274,4,True
chb02,chb02_16+.edf,2980.0,2984.0,1,FP1-F7,bistable_driven_regularity,eeg_component,0.5,1,1,8310893708392434124,bistable hysteresis; CV sample SD; five intervals,2.5,-4.091440824279616,10.722727674449963,local target-band PSD ratio; control is noise-only,0.0,sqrt(2Ddt),-1.0,3.0,1,0,0,1,,,False,insufficient_intervals,10.035410993206469,-14.126851817486084,-14.81416849872958,4,True
chb02,chb02_16+.edf,2980.0,2984.0,1,FP1-F7,bistable_driven_regularity,eeg_component,0.5,1,2,8725937310398778790,bistable hysteresis; CV sample SD; five intervals,2.5,-6.236161145459467,10.722727674449963,local target-band PSD ratio; control is noise-only,0.0,sqrt(2Ddt),-1.0,3.0,0,0,0,1,,,False,insufficient_intervals,10.035410993206469,-16.271572138665935,-16.958888819909433,4,True
chb02,chb02_16+.edf,2980.0,2984.0,1,FP1-F7,bistable_driven_regularity,eeg_component,2.0,1,0,10591235666099491839,bistable hysteresis; CV sample SD; five intervals,2.5,-8.178401022139603,10.722727674449963,local target-band PSD ratio; control is noise-only,0.0,sqrt(2Ddt),-1.0,3.0,2,1,0,1,,,False,insufficient_intervals,10.035410993206469,-18.213812015346072,-18.901128696589566,4,True
chb02,chb02_16+.edf,2980.0,2984.0,1,FP1-F7,bistable_driven_regularity,eeg_component,2.0,1,1,8310893708392434124,bistable hysteresis; CV sample SD; five intervals,2.5,-1.9458917297800795,10.722727674449963,local target-band PSD ratio; control is noise-only,0.0,sqrt(2Ddt),-1.0,3.0,2,1,0,1,,,False,insufficient_intervals,10.035410993206469,-11.981302722986548,-12.668619404230045,4,True
chb02,chb02_16+.edf,2980.0,2984.0,1,FP1-F7,bistable_driven_regularity,eeg_component,2.0,1,2,8725937310398778790,bistable hysteresis; CV sample SD; five intervals,2.5,-6.614683229424594,10.722727674449963,local target-band PSD ratio; control is noise-only,0.0,sqrt(2Ddt),-1.0,3.0,7,6,0,1,0.6156901485400532,1.624193601881135,True,ok,10.035410993206469,-16.65009422263106,-17.33741090387456,4,True
chb02,chb02_16+.edf,2980.0,2984.0,1,FP1-F7,bistable_driven_regularity,eeg_component,0.0,2,0,780244885830089446,bistable hysteresis; CV sample SD; five intervals,2.5,10.03532802336873,10.722727674449963,local target-band PSD ratio; control is noise-only,0.0,sqrt(2Ddt),-1.0,3.0,0,0,0,1,,,False,insufficient_intervals,10.03532802336873,0.0,-0.6873996510812344,4,True
chb02,chb02_16+.edf,2980.0,2984.0,1,FP1-F7,bistable_driven_regularity,eeg_component,0.0,2,1,16443547023225810701,bistable hysteresis; CV sample SD; five intervals,2.5,10.03532802336873,10.722727674449963,local target-band PSD ratio; control is noise-only,0.0,sqrt(2Ddt),-1.0,3.0,0,0,0,1,,,False,insufficient_intervals,10.03532802336873,0.0,-0.6873996510812344,4,True
chb02,chb02_16+.edf,2980.0,2984.0,1,FP1-F7,bistable_driven_regularity,eeg_component,0.0,2,2,3713772953000144575,bistable hysteresis; CV sample SD; five intervals,2.5,10.03532802336873,10.722727674449963,local target-band PSD ratio; control is noise-only,0.0,sqrt(2Ddt),-1.0,3.0,0,0,0,1,,,False,insufficient_intervals,10.03532802336873,0.0,-0.6873996510812344,4,True
chb02,chb02_16+.edf,2980.0,2984.0,1,FP1-F7,bistable_driven_regularity,eeg_component,0.1,2,0,780244885830089446,bistable hysteresis; CV sample SD; five intervals,2.5,-10.256678705601058,10.722727674449963,local target-band PSD ratio; control is noise-only,0.0,sqrt(2Ddt),-1.0,3.0,0,0,0,1,,,False,insufficient_intervals,10.03532802336873,-20.29200672896979,-20.979406380051024,4,True
chb02,chb02_16+.edf,2980.0,2984.0,1,FP1-F7,bistable_driven_regularity,eeg_component,0.1,2,1,16443547023225810701,bistable hysteresis; CV sample SD; five intervals,2.5,-3.439803523456843,10.722727674449963,local target-band PSD ratio; control is noise-only,0.0,sqrt(2Ddt),-1.0,3.0,0,0,0,1,,,False,insufficient_intervals,10.03532802336873,-13.475131546825574,-14.162531197906809,4,True
chb02,chb02_16+.edf,2980.0,2984.0,1,FP1-F7,bistable_driven_regularity,eeg_component,0.1,2,2,3713772953000144575,bistable hysteresis; CV sample SD; five intervals,2.5,-11.063661269650453,10.722727674449963,local target-band PSD ratio; control is noise-only,0.0,sqrt(2Ddt),-1.0,3.0,0,0,0,1,,,False,insufficient_intervals,10.03532802336873,-21.09898929301918,-21.786388944100416,4,True
chb02,chb02_16+.edf,2980.0,2984.0,1,FP1-F7,bistable_driven_regularity,eeg_component,0.5,2,0,780244885830089446,bistable hysteresis; CV sample SD; five intervals,2.5,-10.101897887142442,10.722727674449963,local target-band PSD ratio; control is noise-only,0.0,sqrt(2Ddt),-1.0,3.0,0,0,0,1,,,False,insufficient_intervals,10.03532802336873,-20.137225910511173,-20.82462556159241,4,True
chb02,chb02_16+.edf,2980.0,2984.0,1,FP1-F7,bistable_driven_regularity,eeg_component,0.5,2,1,16443547023225810701,bistable hysteresis; CV sample SD; five intervals,2.5,-8.807927133282721,10.722727674449963,local target-band PSD ratio; control is noise-only,0.0,sqrt(2Ddt),-1.0,3.0,1,0,0,1,,,False,insufficient_intervals,10.03532802336873,-18.84325515665145,-19.530654807732688,4,True
chb02,chb02_16+.edf,2980.0,2984.0,1,FP1-F7,bistable_driven_regularity,eeg_component,0.5,2,2,3713772953000144575,bistable hysteresis; CV sample SD; five intervals,2.5,-7.710919892087297,10.722727674449963,local target-band PSD ratio; control is noise-only,0.0,sqrt(2Ddt),-1.0,3.0,0,0,0,1,,,False,insufficient_intervals,10.03532802336873,-17.746247915456028,-18.43364756653726,4,True
chb02,chb02_16+.edf,2980.0,2984.0,1,FP1-F7,bistable_driven_regularity,eeg_component,2.0,2,0,780244885830089446,bistable hysteresis; CV sample SD; five intervals,2.5,-8.63659189136111,10.722727674449963,local target-band PSD ratio; control is noise-only,0.0,sqrt(2Ddt),-1.0,3.0,0,0,0,1,,,False,insufficient_intervals,10.03532802336873,-18.67191991472984,-19.35931956581108,4,True
chb02,chb02_16+.edf,2980.0,2984.0,1,FP1-F7,bistable_driven_regularity,eeg_component,2.0,2,1,16443547023225810701,bistable hysteresis; CV sample SD; five intervals,2.5,-8.475694386368666,10.722727674449963,local target-band PSD ratio; control is noise-only,0.0,sqrt(2Ddt),-1.0,3.0,5,4,0,1,,,False,insufficient_intervals,10.03532802336873,-18.5110224097374,-19.19842206081863,4,True
chb02,chb02_16+.edf,2980.0,2984.0,1,FP1-F7,bistable_driven_regularity,eeg_component,2.0,2,2,3713772953000144575,bistable hysteresis; CV sample SD; five intervals,2.5,-8.46687385632794,10.722727674449963,local target-band PSD ratio; control is noise-only,0.0,sqrt(2Ddt),-1.0,3.0,2,1,0,1,,,False,insufficient_intervals,10.03532802336873,-18.50220187969667,-19.189601530777907,4,True
chb02,chb02_16+.edf,2980.0,2984.0,1,FP1-F7,bistable_driven_regularity,no_external_drive,0.0,1,0,10591235666099491839,bistable hysteresis; CV sample SD; five intervals,2.5,,,local target-band PSD ratio; control is noise-only,0.0,sqrt(2Ddt),-1.0,3.0,0,0,0,1,,,False,insufficient_intervals,,,,4,False
chb02,chb02_16+.edf,2980.0,2984.0,1,FP1-F7,bistable_driven_regularity,no_external_drive,0.0,1,1,8310893708392434124,bistable hysteresis; CV sample SD; five intervals,2.5,,,local target-band PSD ratio; control is noise-only,0.0,sqrt(2Ddt),-1.0,3.0,0,0,0,1,,,False,insufficient_intervals,,,,4,False
chb02,chb02_16+.edf,2980.0,2984.0,1,FP1-F7,bistable_driven_regularity,no_external_drive,0.0,1,2,8725937310398778790,bistable hysteresis; CV sample SD; five intervals,2.5,,,local target-band PSD ratio; control is noise-only,0.0,sqrt(2Ddt),-1.0,3.0,0,0,0,1,,,False,insufficient_intervals,,,,4,False
chb02,chb02_16+.edf,2980.0,2984.0,1,FP1-F7,bistable_driven_regularity,no_external_drive,0.1,1,0,10591235666099491839,bistable hysteresis; CV sample SD; five intervals,2.5,-11.56776559088171,,local target-band PSD ratio; control is noise-only,0.0,sqrt(2Ddt),-1.0,3.0,0,0,0,1,,,False,insufficient_intervals,,,,4,False
chb02,chb02_16+.edf,2980.0,2984.0,1,FP1-F7,bistable_driven_regularity,no_external_drive,0.1,1,1,8310893708392434124,bistable hysteresis; CV sample SD; five intervals,2.5,-1.9246691029987129,,local target-band PSD ratio; control is noise-only,0.0,sqrt(2Ddt),-1.0,3.0,0,0,0,1,,,False,insufficient_intervals,,,,4,False
chb02,chb02_16+.edf,2980.0,2984.0,1,FP1-F7,bistable_driven_regularity,no_external_drive,0.1,1,2,8725937310398778790,bistable hysteresis; CV sample SD; five intervals,2.5,-3.883312375335391,,local target-band PSD ratio; control is noise-only,0.0,sqrt(2Ddt),-1.0,3.0,0,0,0,1,,,False,insufficient_intervals,,,,4,False
chb02,chb02_16+.edf,2980.0,2984.0,1,FP1-F7,bistable_driven_regularity,no_external_drive,0.5,1,0,10591235666099491839,bistable hysteresis; CV sample SD; five intervals,2.5,-11.390718099431602,,local target-band PSD ratio; control is noise-only,0.0,sqrt(2Ddt),-1.0,3.0,2,1,0,1,,,False,insufficient_intervals,,,,4,False
chb02,chb02_16+.edf,2980.0,2984.0,1,FP1-F7,bistable_driven_regularity,no_external_drive,0.5,1,1,8310893708392434124,bistable hysteresis; CV sample SD; five intervals,2.5,-4.889052915424954,,local target-band PSD ratio; control is noise-only,0.0,sqrt(2Ddt),-1.0,3.0,1,0,0,1,,,False,insufficient_intervals,,,,4,False
chb02,chb02_16+.edf,2980.0,2984.0,1,FP1-F7,bistable_driven_regularity,no_external_drive,0.5,1,2,8725937310398778790,bistable hysteresis; CV sample SD; five intervals,2.5,-4.98199926188396,,local target-band PSD ratio; control is noise-only,0.0,sqrt(2Ddt),-1.0,3.0,0,0,0,1,,,False,insufficient_intervals,,,,4,False
chb02,chb02_16+.edf,2980.0,2984.0,1,FP1-F7,bistable_driven_regularity,no_external_drive,2.0,1,0,10591235666099491839,bistable hysteresis; CV sample SD; five intervals,2.5,-9.057728421608896,,local target-band PSD ratio; control is noise-only,0.0,sqrt(2Ddt),-1.0,3.0,2,1,0,1,,,False,insufficient_intervals,,,,4,False
chb02,chb02_16+.edf,2980.0,2984.0,1,FP1-F7,bistable_driven_regularity,no_external_drive,2.0,1,1,8310893708392434124,bistable hysteresis; CV sample SD; five intervals,2.5,-2.3374166531773524,,local target-band PSD ratio; control is noise-only,0.0,sqrt(2Ddt),-1.0,3.0,2,1,0,1,,,False,insufficient_intervals,,,,4,False
chb02,chb02_16+.edf,2980.0,2984.0,1,FP1-F7,bistable_driven_regularity,no_external_drive,2.0,1,2,8725937310398778790,bistable hysteresis; CV sample SD; five intervals,2.5,-5.973661039076696,,local target-band PSD ratio; control is noise-only,0.0,sqrt(2Ddt),-1.0,3.0,7,6,0,1,0.6164151142159511,1.6222833881546683,True,ok,,,,4,False
chb02,chb02_16+.edf,2980.0,2984.0,1,FP1-F7,bistable_driven_regularity,no_external_drive,0.0,2,0,780244885830089446,bistable hysteresis; CV sample SD; five intervals,2.5,,,local target-band PSD ratio; control is noise-only,0.0,sqrt(2Ddt),-1.0,3.0,0,0,0,1,,,False,insufficient_intervals,,,,4,False
chb02,chb02_16+.edf,2980.0,2984.0,1,FP1-F7,bistable_driven_regularity,no_external_drive,0.0,2,1,16443547023225810701,bistable hysteresis; CV sample SD; five intervals,2.5,,,local target-band PSD ratio; control is noise-only,0.0,sqrt(2Ddt),-1.0,3.0,0,0,0,1,,,False,insufficient_intervals,,,,4,False
chb02,chb02_16+.edf,2980.0,2984.0,1,FP1-F7,bistable_driven_regularity,no_external_drive,0.0,2,2,3713772953000144575,bistable hysteresis; CV sample SD; five intervals,2.5,,,local target-band PSD ratio; control is noise-only,0.0,sqrt(2Ddt),-1.0,3.0,0,0,0,1,,,False,insufficient_intervals,,,,4,False
chb02,chb02_16+.edf,2980.0,2984.0,1,FP1-F7,bistable_driven_regularity,no_external_drive,0.1,2,0,780244885830089446,bistable hysteresis; CV sample SD; five intervals,2.5,-6.89262301730772,,local target-band PSD ratio; control is noise-only,0.0,sqrt(2Ddt),-1.0,3.0,0,0,0,1,,,False,insufficient_intervals,,,,4,False
chb02,chb02_16+.edf,2980.0,2984.0,1,FP1-F7,bistable_driven_regularity,no_external_drive,0.1,2,1,16443547023225810701,bistable hysteresis; CV sample SD; five intervals,2.5,-7.0105473911708005,,local target-band PSD ratio; control is noise-only,0.0,sqrt(2Ddt),-1.0,3.0,0,0,0,1,,,False,insufficient_intervals,,,,4,False
chb02,chb02_16+.edf,2980.0,2984.0,1,FP1-F7,bistable_driven_regularity,no_external_drive,0.1,2,2,3713772953000144575,bistable hysteresis; CV sample SD; five intervals,2.5,-4.481776445274591,,local target-band PSD ratio; control is noise-only,0.0,sqrt(2Ddt),-1.0,3.0,0,0,0,1,,,False,insufficient_intervals,,,,4,False
chb02,chb02_16+.edf,2980.0,2984.0,1,FP1-F7,bistable_driven_regularity,no_external_drive,0.5,2,0,780244885830089446,bistable hysteresis; CV sample SD; five intervals,2.5,-6.758866080483972,,local target-band PSD ratio; control is noise-only,0.0,sqrt(2Ddt),-1.0,3.0,0,0,0,1,,,False,insufficient_intervals,,,,4,False
chb02,chb02_16+.edf,2980.0,2984.0,1,FP1-F7,bistable_driven_regularity,no_external_drive,0.5,2,1,16443547023225810701,bistable hysteresis; CV sample SD; five intervals,2.5,-11.062215293654802,,local target-band PSD ratio; control is noise-only,0.0,sqrt(2Ddt),-1.0,3.0,1,0,0,1,,,False,insufficient_intervals,,,,4,False
chb02,chb02_16+.edf,2980.0,2984.0,1,FP1-F7,bistable_driven_regularity,no_external_drive,0.5,2,2,3713772953000144575,bistable hysteresis; CV sample SD; five intervals,2.5,-5.1383023601676925,,local target-band PSD ratio; control is noise-only,0.0,sqrt(2Ddt),-1.0,3.0,0,0,0,1,,,False,insufficient_intervals,,,,4,False
chb02,chb02_16+.edf,2980.0,2984.0,1,FP1-F7,bistable_driven_regularity,no_external_drive,2.0,2,0,780244885830089446,bistable hysteresis; CV sample SD; five intervals,2.5,-6.8257362816930645,,local target-band PSD ratio; control is noise-only,0.0,sqrt(2Ddt),-1.0,3.0,0,0,0,1,,,False,insufficient_intervals,,,,4,False
chb02,chb02_16+.edf,2980.0,2984.0,1,FP1-F7,bistable_driven_regularity,no_external_drive,2.0,2,1,16443547023225810701,bistable hysteresis; CV sample SD; five intervals,2.5,-9.523262280897404,,local target-band PSD ratio; control is noise-only,0.0,sqrt(2Ddt),-1.0,3.0,5,4,0,1,,,False,insufficient_intervals,,,,4,False
chb02,chb02_16+.edf,2980.0,2984.0,1,FP1-F7,bistable_driven_regularity,no_external_drive,2.0,2,2,3713772953000144575,bistable hysteresis; CV sample SD; five intervals,2.5,-7.086116739053402,,local target-band PSD ratio; control is noise-only,0.0,sqrt(2Ddt),-1.0,3.0,2,1,0,1,,,False,insufficient_intervals,,,,4,False
chb02,chb02_16+.edf,2980.0,2984.0,1,FP1-F7,fhn_sde,eeg_component,0.0,1,0,841055959855507556,FHN mean+SD peaks; >=0.2s intervals; CV population SD; three intervals,2.5,8.818120088256101,10.722727674449963,local target-band PSD ratio; control is noise-only,0.0,sde,,,2,1,0,0,,,False,insufficient_intervals,8.818120088256101,0.0,-1.904607586193864,4,True
chb02,chb02_16+.edf,2980.0,2984.0,1,FP1-F7,fhn_sde,eeg_component,0.0,1,1,12174236181735188869,FHN mean+SD peaks; >=0.2s intervals; CV population SD; three intervals,2.5,8.818120088256101,10.722727674449963,local target-band PSD ratio; control is noise-only,0.0,sde,,,2,1,0,0,,,False,insufficient_intervals,8.818120088256101,0.0,-1.904607586193864,4,True
chb02,chb02_16+.edf,2980.0,2984.0,1,FP1-F7,fhn_sde,eeg_component,0.0,1,2,137198160552411983,FHN mean+SD peaks; >=0.2s intervals; CV population SD; three intervals,2.5,8.818120088256101,10.722727674449963,local target-band PSD ratio; control is noise-only,0.0,sde,,,2,1,0,0,,,False,insufficient_intervals,8.818120088256101,0.0,-1.904607586193864,4,True
chb02,chb02_16+.edf,2980.0,2984.0,1,FP1-F7,fhn_sde,eeg_component,0.1,1,0,841055959855507556,FHN mean+SD peaks; >=0.2s intervals; CV population SD; three intervals,2.5,0.7420003345348596,10.722727674449963,local target-band PSD ratio; control is noise-only,0.0,sde,,,4,3,0,0,0.0624390541054462,16.01561737804697,True,ok,8.818120088256101,-8.076119753721242,-9.980727339915106,4,True
chb02,chb02_16+.edf,2980.0,2984.0,1,FP1-F7,fhn_sde,eeg_component,0.1,1,1,12174236181735188869,FHN mean+SD peaks; >=0.2s intervals; CV population SD; three intervals,2.5,-5.124481485849101,10.722727674449963,local target-band PSD ratio; control is noise-only,0.0,sde,,,6,5,0,0,0.3756591866702795,2.6619873424730374,True,ok,8.818120088256101,-13.942601574105202,-15.847209160299066,4,True
chb02,chb02_16+.edf,2980.0,2984.0,1,FP1-F7,fhn_sde,eeg_component,0.1,1,2,137198160552411983,FHN mean+SD peaks; >=0.2s intervals; CV population SD; three intervals,2.5,-10.094175595867124,10.722727674449963,local target-band PSD ratio; control is noise-only,0.0,sde,,,6,5,0,0,0.2624647697805998,3.810035155712222,True,ok,8.818120088256101,-18.912295684123222,-20.81690327031709,4,True
chb02,chb02_16+.edf,2980.0,2984.0,1,FP1-F7,fhn_sde,eeg_component,0.5,1,0,841055959855507556,FHN mean+SD peaks; >=0.2s intervals; CV population SD; three intervals,2.5,-1.704355998649281,10.722727674449963,local target-band PSD ratio; control is noise-only,0.0,sde,,,3,2,0,0,,,False,insufficient_intervals,8.818120088256101,-10.522476086905382,-12.427083673099244,4,True
chb02,chb02_16+.edf,2980.0,2984.0,1,FP1-F7,fhn_sde,eeg_component,0.5,1,1,12174236181735188869,FHN mean+SD peaks; >=0.2s intervals; CV population SD; three intervals,2.5,-7.850926547375426,10.722727674449963,local target-band PSD ratio; control is noise-only,0.0,sde,,,5,4,0,0,0.3217888904173865,3.1076274842892126,True,ok,8.818120088256101,-16.669046635631528,-18.573654221825397,4,True
chb02,chb02_16+.edf,2980.0,2984.0,1,FP1-F7,fhn_sde,eeg_component,0.5,1,2,137198160552411983,FHN mean+SD peaks; >=0.2s intervals; CV population SD; three intervals,2.5,-21.57924341764844,10.722727674449963,local target-band PSD ratio; control is noise-only,0.0,sde,,,6,5,0,0,0.1562913085979628,6.398308447031805,True,ok,8.818120088256101,-30.397363505904544,-32.301971092098405,4,True
chb02,chb02_16+.edf,2980.0,2984.0,1,FP1-F7,fhn_sde,eeg_component,2.0,1,0,841055959855507556,FHN mean+SD peaks; >=0.2s intervals; CV population SD; three intervals,2.5,-2.514698017734631,10.722727674449963,local target-band PSD ratio; control is noise-only,0.0,sde,,,4,3,0,0,0.686810439554945,1.4560058240349445,True,ok,8.818120088256101,-11.332818105990732,-13.237425692184596,4,True
chb02,chb02_16+.edf,2980.0,2984.0,1,FP1-F7,fhn_sde,eeg_component,2.0,1,1,12174236181735188869,FHN mean+SD peaks; >=0.2s intervals; CV population SD; three intervals,2.5,-8.337790373994121,10.722727674449963,local target-band PSD ratio; control is noise-only,0.0,sde,,,5,4,0,0,0.2836663076228798,3.525268856847991,True,ok,8.818120088256101,-17.155910462250223,-19.060518048444088,4,True
chb02,chb02_16+.edf,2980.0,2984.0,1,FP1-F7,fhn_sde,eeg_component,2.0,1,2,137198160552411983,FHN mean+SD peaks; >=0.2s intervals; CV population SD; three intervals,2.5,-34.94199082823686,10.722727674449963,local target-band PSD ratio; control is noise-only,0.0,sde,,,7,5,1,0,0.2558695597111516,3.908241375523095,True,ok,8.818120088256101,-43.76011091649296,-45.66471850268682,4,True
chb02,chb02_16+.edf,2980.0,2984.0,1,FP1-F7,fhn_sde,eeg_component,0.0,2,0,7107564706441515154,FHN mean+SD peaks; >=0.2s intervals; CV population SD; three intervals,2.5,8.81809890201549,10.722727674449963,local target-band PSD ratio; control is noise-only,0.0,sde,,,2,1,0,0,,,False,insufficient_intervals,8.81809890201549,0.0,-1.9046287724344744,4,True
chb02,chb02_16+.edf,2980.0,2984.0,1,FP1-F7,fhn_sde,eeg_component,0.0,2,1,13899437103298598713,FHN mean+SD peaks; >=0.2s intervals; CV population SD; three intervals,2.5,8.81809890201549,10.722727674449963,local target-band PSD ratio; control is noise-only,0.0,sde,,,2,1,0,0,,,False,insufficient_intervals,8.81809890201549,0.0,-1.9046287724344744,4,True
chb02,chb02_16+.edf,2980.0,2984.0,1,FP1-F7,fhn_sde,eeg_component,0.0,2,2,6034776140875043317,FHN mean+SD peaks; >=0.2s intervals; CV population SD; three intervals,2.5,8.81809890201549,10.722727674449963,local target-band PSD ratio; control is noise-only,0.0,sde,,,2,1,0,0,,,False,insufficient_intervals,8.81809890201549,0.0,-1.9046287724344744,4,True
chb02,chb02_16+.edf,2980.0,2984.0,1,FP1-F7,fhn_sde,eeg_component,0.1,2,0,7107564706441515154,FHN mean+SD peaks; >=0.2s intervals; CV population SD; three intervals,2.5,-2.2747021496086237,10.722727674449963,local target-band PSD ratio; control is noise-only,0.0,sde,,,5,4,0,0,0.6163639459677123,1.622418064103289,True,ok,8.81809890201549,-11.092801051624114,-12.997429824058589,4,True
chb02,chb02_16+.edf,2980.0,2984.0,1,FP1-F7,fhn_sde,eeg_component,0.1,2,1,13899437103298598713,FHN mean+SD peaks; >=0.2s intervals; CV population SD; three intervals,2.5,-2.318585051119822,10.722727674449963,local target-band PSD ratio; control is noise-only,0.0,sde,,,4,3,0,0,0.3321342024112783,3.01083114217099,True,ok,8.81809890201549,-11.136683953135313,-13.041312725569789,4,True
chb02,chb02_16+.edf,2980.0,2984.0,1,FP1-F7,fhn_sde,eeg_component,0.1,2,2,6034776140875043317,FHN mean+SD peaks; >=0.2s intervals; CV population SD; three intervals,2.5,-11.78418210738025,10.722727674449963,local target-band PSD ratio; control is noise-only,0.0,sde,,,7,5,1,0,1.2717406342167803,0.786323856527447,True,ok,8.81809890201549,-20.60228100939574,-22.506909781830217,4,True
chb02,chb02_16+.edf,2980.0,2984.0,1,FP1-F7,fhn_sde,eeg_component,0.5,2,0,7107564706441515154,FHN mean+SD peaks; >=0.2s intervals; CV population SD; three intervals,2.5,-6.9120311079245935,10.722727674449963,local target-band PSD ratio; control is noise-only,0.0,sde,,,7,6,0,0,0.8385798386756823,1.1924922993369822,True,ok,8.81809890201549,-15.730130009940083,-17.634758782374558,4,True
chb02,chb02_16+.edf,2980.0,2984.0,1,FP1-F7,fhn_sde,eeg_component,0.5,2,1,13899437103298598713,FHN mean+SD peaks; >=0.2s intervals; CV population SD; three intervals,2.5,-5.028219230402973,10.722727674449963,local target-band PSD ratio; control is noise-only,0.0,sde,,,5,4,0,0,0.4674378166531954,2.1393219897352176,True,ok,8.81809890201549,-13.846318132418464,-15.750946904852938,4,True
chb02,chb02_16+.edf,2980.0,2984.0,1,FP1-F7,fhn_sde,eeg_component,0.5,2,2,6034776140875043317,FHN mean+SD peaks; >=0.2s intervals; CV population SD; three intervals,2.5,-11.088044233664434,10.722727674449963,local target-band PSD ratio; control is noise-only,0.0,sde,,,5,4,0,0,0.1576770424763841,6.342077351874313,True,ok,8.81809890201549,-19.90614313567993,-21.8107719081144,4,True
chb02,chb02_16+.edf,2980.0,2984.0,1,FP1-F7,fhn_sde,eeg_component,2.0,2,0,7107564706441515154,FHN mean+SD peaks; >=0.2s intervals; CV population SD; three intervals,2.5,-9.525444178007923,10.722727674449963,local target-band PSD ratio; control is noise-only,0.0,sde,,,7,5,1,0,0.5603739284553382,1.7845227074651455,True,ok,8.81809890201549,-18.343543080023416,-20.248171852457887,4,True
chb02,chb02_16+.edf,2980.0,2984.0,1,FP1-F7,fhn_sde,eeg_component,2.0,2,1,13899437103298598713,FHN mean+SD peaks; >=0.2s intervals; CV population SD; three intervals,2.5,-6.530136778522955,10.722727674449963,local target-band PSD ratio; control is noise-only,0.0,sde,,,6,5,0,0,0.8448609945782057,1.1836266633415204,True,ok,8.81809890201549,-15.348235680538446,-17.252864452972922,4,True
chb02,chb02_16+.edf,2980.0,2984.0,1,FP1-F7,fhn_sde,eeg_component,2.0,2,2,6034776140875043317,FHN mean+SD peaks; >=0.2s intervals; CV population SD; three intervals,2.5,-10.004650147513724,10.722727674449963,local target-band PSD ratio; control is noise-only,0.0,sde,,,6,5,0,0,0.1602462685617281,6.240394918242931,True,ok,8.81809890201549,-18.82274904952921,-20.72737782196369,4,True
chb02,chb02_16+.edf,2980.0,2984.0,1,FP1-F7,fhn_sde,no_external_drive,0.0,1,0,841055959855507556,FHN mean+SD peaks; >=0.2s intervals; CV population SD; three intervals,2.5,-34.28684086866537,,local target-band PSD ratio; control is noise-only,0.0,sde,,,0,0,0,0,,,False,insufficient_intervals,-34.28684086866537,0.0,,4,True
chb02,chb02_16+.edf,2980.0,2984.0,1,FP1-F7,fhn_sde,no_external_drive,0.0,1,1,12174236181735188869,FHN mean+SD peaks; >=0.2s intervals; CV population SD; three intervals,2.5,-34.28684086866537,,local target-band PSD ratio; control is noise-only,0.0,sde,,,0,0,0,0,,,False,insufficient_intervals,-34.28684086866537,0.0,,4,True
chb02,chb02_16+.edf,2980.0,2984.0,1,FP1-F7,fhn_sde,no_external_drive,0.0,1,2,137198160552411983,FHN mean+SD peaks; >=0.2s intervals; CV population SD; three intervals,2.5,-34.28684086866537,,local target-band PSD ratio; control is noise-only,0.0,sde,,,0,0,0,0,,,False,insufficient_intervals,-34.28684086866537,0.0,,4,True
chb02,chb02_16+.edf,2980.0,2984.0,1,FP1-F7,fhn_sde,no_external_drive,0.1,1,0,841055959855507556,FHN mean+SD peaks; >=0.2s intervals; CV population SD; three intervals,2.5,-3.728061692111474,,local target-band PSD ratio; control is noise-only,0.0,sde,,,4,3,0,0,0.0582323231565392,17.172593257387582,True,ok,-34.28684086866537,30.558779176553895,,4,True
chb02,chb02_16+.edf,2980.0,2984.0,1,FP1-F7,fhn_sde,no_external_drive,0.1,1,1,12174236181735188869,FHN mean+SD peaks; >=0.2s intervals; CV population SD; three intervals,2.5,-6.68777131848422,,local target-band PSD ratio; control is noise-only,0.0,sde,,,6,5,0,0,0.5035926454496019,1.985731938374936,True,ok,-34.28684086866537,27.599069550181152,,4,True
chb02,chb02_16+.edf,2980.0,2984.0,1,FP1-F7,fhn_sde,no_external_drive,0.1,1,2,137198160552411983,FHN mean+SD peaks; >=0.2s intervals; CV population SD; three intervals,2.5,-21.34500574589471,,local target-band PSD ratio; control is noise-only,0.0,sde,,,6,5,0,0,0.257299668765495,3.886518800424138,True,ok,-34.28684086866537,12.941835122770662,,4,True
chb02,chb02_16+.edf,2980.0,2984.0,1,FP1-F7,fhn_sde,no_external_drive,0.5,1,0,841055959855507556,FHN mean+SD peaks; >=0.2s intervals; CV population SD; three intervals,2.5,-3.6607280015724393,,local target-band PSD ratio; control is noise-only,0.0,sde,,,3,2,0,0,,,False,insufficient_intervals,-34.28684086866537,30.62611286709293,,4,True
chb02,chb02_16+.edf,2980.0,2984.0,1,FP1-F7,fhn_sde,no_external_drive,0.5,1,1,12174236181735188869,FHN mean+SD peaks; >=0.2s intervals; CV population SD; three intervals,2.5,-6.826451123899137,,local target-band PSD ratio; control is noise-only,0.0,sde,,,5,4,0,0,0.3217888904173865,3.1076274842892126,True,ok,-34.28684086866537,27.46038974476624,,4,True
chb02,chb02_16+.edf,2980.0,2984.0,1,FP1-F7,fhn_sde,no_external_drive,0.5,1,2,137198160552411983,FHN mean+SD peaks; >=0.2s intervals; CV population SD; three intervals,2.5,-21.55881631354135,,local target-band PSD ratio; control is noise-only,0.0,sde,,,6,5,0,0,0.1562913085979628,6.398308447031805,True,ok,-34.28684086866537,12.728024555124025,,4,True
chb02,chb02_16+.edf,2980.0,2984.0,1,FP1-F7,fhn_sde,no_external_drive,2.0,1,0,841055959855507556,FHN mean+SD peaks; >=0.2s intervals; CV population SD; three intervals,2.5,-3.47056701353287,,local target-band PSD ratio; control is noise-only,0.0,sde,,,3,2,0,0,,,False,insufficient_intervals,-34.28684086866537,30.8162738551325,,4,True
chb02,chb02_16+.edf,2980.0,2984.0,1,FP1-F7,fhn_sde,no_external_drive,2.0,1,1,12174236181735188869,FHN mean+SD peaks; >=0.2s intervals; CV population SD; three intervals,2.5,-7.486196351668147,,local target-band PSD ratio; control is noise-only,0.0,sde,,,5,4,0,0,0.2836663076228798,3.525268856847991,True,ok,-34.28684086866537,26.800644516997224,,4,True
chb02,chb02_16+.edf,2980.0,2984.0,1,FP1-F7,fhn_sde,no_external_drive,2.0,1,2,137198160552411983,FHN mean+SD peaks; >=0.2s intervals; CV population SD; three intervals,2.5,-20.29388015651337,,local target-band PSD ratio; control is noise-only,0.0,sde,,,7,5,1,0,0.2558695597111516,3.908241375523095,True,ok,-34.28684086866537,13.992960712151998,,4,True
chb02,chb02_16+.edf,2980.0,2984.0,1,FP1-F7,fhn_sde,no_external_drive,0.0,2,0,7107564706441515154,FHN mean+SD peaks; >=0.2s intervals; CV population SD; three intervals,2.5,-34.283670808803414,,local target-band PSD ratio; control is noise-only,0.0,sde,,,0,0,0,0,,,False,insufficient_intervals,-34.283670808803414,0.0,,4,True
chb02,chb02_16+.edf,2980.0,2984.0,1,FP1-F7,fhn_sde,no_external_drive,0.0,2,1,13899437103298598713,FHN mean+SD peaks; >=0.2s intervals; CV population SD; three intervals,2.5,-34.283670808803414,,local target-band PSD ratio; control is noise-only,0.0,sde,,,0,0,0,0,,,False,insufficient_intervals,-34.283670808803414,0.0,,4,True
chb02,chb02_16+.edf,2980.0,2984.0,1,FP1-F7,fhn_sde,no_external_drive,0.0,2,2,6034776140875043317,FHN mean+SD peaks; >=0.2s intervals; CV population SD; three intervals,2.5,-34.283670808803414,,local target-band PSD ratio; control is noise-only,0.0,sde,,,0,0,0,0,,,False,insufficient_intervals,-34.283670808803414,0.0,,4,True
chb02,chb02_16+.edf,2980.0,2984.0,1,FP1-F7,fhn_sde,no_external_drive,0.1,2,0,7107564706441515154,FHN mean+SD peaks; >=0.2s intervals; CV population SD; three intervals,2.5,-13.653468274802432,,local target-band PSD ratio; control is noise-only,0.0,sde,,,5,4,0,0,0.6163639459677123,1.622418064103289,True,ok,-34.283670808803414,20.63020253400098,,4,True
chb02,chb02_16+.edf,2980.0,2984.0,1,FP1-F7,fhn_sde,no_external_drive,0.1,2,1,13899437103298598713,FHN mean+SD peaks; >=0.2s intervals; CV population SD; three intervals,2.5,-9.876962148144065,,local target-band PSD ratio; control is noise-only,0.0,sde,,,4,3,0,0,0.3927969631043566,2.5458445302040795,True,ok,-34.283670808803414,24.40670866065935,,4,True
chb02,chb02_16+.edf,2980.0,2984.0,1,FP1-F7,fhn_sde,no_external_drive,0.1,2,2,6034776140875043317,FHN mean+SD peaks; >=0.2s intervals; CV population SD; three intervals,2.5,-8.305369992284634,,local target-band PSD ratio; control is noise-only,0.0,sde,,,8,7,0,0,1.0316131629235223,0.9693556033795336,True,ok,-34.283670808803414,25.978300816518782,,4,True
chb02,chb02_16+.edf,2980.0,2984.0,1,FP1-F7,fhn_sde,no_external_drive,0.5,2,0,7107564706441515154,FHN mean+SD peaks; >=0.2s intervals; CV population SD; three intervals,2.5,-13.896353407476754,,local target-band PSD ratio; control is noise-only,0.0,sde,,,7,6,0,0,0.7924858700107319,1.26185215136575,True,ok,-34.283670808803414,20.387317401326666,,4,True
chb02,chb02_16+.edf,2980.0,2984.0,1,FP1-F7,fhn_sde,no_external_drive,0.5,2,1,13899437103298598713,FHN mean+SD peaks; >=0.2s intervals; CV population SD; three intervals,2.5,-9.239865101151803,,local target-band PSD ratio; control is noise-only,0.0,sde,,,5,4,0,0,0.4674378166531954,2.1393219897352176,True,ok,-34.283670808803414,25.04380570765161,,4,True
chb02,chb02_16+.edf,2980.0,2984.0,1,FP1-F7,fhn_sde,no_external_drive,0.5,2,2,6034776140875043317,FHN mean+SD peaks; >=0.2s intervals; CV population SD; three intervals,2.5,-8.053750336669387,,local target-band PSD ratio; control is noise-only,0.0,sde,,,5,4,0,0,0.1576770424763841,6.342077351874313,True,ok,-34.283670808803414,26.229920472134022,,4,True
chb02,chb02_16+.edf,2980.0,2984.0,1,FP1-F7,fhn_sde,no_external_drive,2.0,2,0,7107564706441515154,FHN mean+SD peaks; >=0.2s intervals; CV population SD; three intervals,2.5,-13.777548216307956,,local target-band PSD ratio; control is noise-only,0.0,sde,,,7,5,1,0,0.5603739284553382,1.7845227074651455,True,ok,-34.283670808803414,20.50612259249546,,4,True
chb02,chb02_16+.edf,2980.0,2984.0,1,FP1-F7,fhn_sde,no_external_drive,2.0,2,1,13899437103298598713,FHN mean+SD peaks; >=0.2s intervals; CV population SD; three intervals,2.5,-8.904868370540616,,local target-band PSD ratio; control is noise-only,0.0,sde,,,6,5,0,0,0.8448609945782057,1.1836266633415204,True,ok,-34.283670808803414,25.3788024382628,,4,True
chb02,chb02_16+.edf,2980.0,2984.0,1,FP1-F7,fhn_sde,no_external_drive,2.0,2,2,6034776140875043317,FHN mean+SD peaks; >=0.2s intervals; CV population SD; three intervals,2.5,-8.541178738534276,,local target-band PSD ratio; control is noise-only,0.0,sde,,,6,5,0,0,0.1602462685617281,6.240394918242931,True,ok,-34.283670808803414,25.742492070269137,,4,True
chb08,chb08_21.edf,0.0,4.0,0,FP1-F7,bistable_driven_regularity,eeg_component,0.0,1,0,11246914186339654880,bistable hysteresis; CV sample SD; five intervals,2.25,11.46455637153226,11.724495682205,local target-band PSD ratio; control is noise-only,0.0,sqrt(2Ddt),-1.0,3.0,0,0,0,1,,,False,insufficient_intervals,11.46455637153226,0.0,-0.2599393106727419,4,True
chb08,chb08_21.edf,0.0,4.0,0,FP1-F7,bistable_driven_regularity,eeg_component,0.0,1,1,6035664361125705715,bistable hysteresis; CV sample SD; five intervals,2.25,11.46455637153226,11.724495682205,local target-band PSD ratio; control is noise-only,0.0,sqrt(2Ddt),-1.0,3.0,0,0,0,1,,,False,insufficient_intervals,11.46455637153226,0.0,-0.2599393106727419,4,True
chb08,chb08_21.edf,0.0,4.0,0,FP1-F7,bistable_driven_regularity,eeg_component,0.0,1,2,4510323369277704900,bistable hysteresis; CV sample SD; five intervals,2.25,11.46455637153226,11.724495682205,local target-band PSD ratio; control is noise-only,0.0,sqrt(2Ddt),-1.0,3.0,0,0,0,1,,,False,insufficient_intervals,11.46455637153226,0.0,-0.2599393106727419,4,True
chb08,chb08_21.edf,0.0,4.0,0,FP1-F7,bistable_driven_regularity,eeg_component,0.1,1,0,11246914186339654880,bistable hysteresis; CV sample SD; five intervals,2.25,-4.873657442976343,11.724495682205,local target-band PSD ratio; control is noise-only,0.0,sqrt(2Ddt),-1.0,3.0,0,0,0,1,,,False,insufficient_intervals,11.46455637153226,-16.338213814508602,-16.598153125181344,4,True
chb08,chb08_21.edf,0.0,4.0,0,FP1-F7,bistable_driven_regularity,eeg_component,0.1,1,1,6035664361125705715,bistable hysteresis; CV sample SD; five intervals,2.25,-2.580179084854956,11.724495682205,local target-band PSD ratio; control is noise-only,0.0,sqrt(2Ddt),-1.0,3.0,0,0,0,1,,,False,insufficient_intervals,11.46455637153226,-14.044735456387215,-14.304674767059955,4,True
chb08,chb08_21.edf,0.0,4.0,0,FP1-F7,bistable_driven_regularity,eeg_component,0.1,1,2,4510323369277704900,bistable hysteresis; CV sample SD; five intervals,2.25,-15.547413704291788,11.724495682205,local target-band PSD ratio; control is noise-only,0.0,sqrt(2Ddt),-1.0,3.0,0,0,0,1,,,False,insufficient_intervals,11.46455637153226,-27.01197007582405,-27.271909386496787,4,True
chb08,chb08_21.edf,0.0,4.0,0,FP1-F7,bistable_driven_regularity,eeg_component,0.5,1,0,11246914186339654880,bistable hysteresis; CV sample SD; five intervals,2.25,-9.880652789431725,11.724495682205,local target-band PSD ratio; control is noise-only,0.0,sqrt(2Ddt),-1.0,3.0,1,0,0,1,,,False,insufficient_intervals,11.46455637153226,-21.345209160963982,-21.605148471636724,4,True
chb08,chb08_21.edf,0.0,4.0,0,FP1-F7,bistable_driven_regularity,eeg_component,0.5,1,1,6035664361125705715,bistable hysteresis; CV sample SD; five intervals,2.25,-5.365884938080453,11.724495682205,local target-band PSD ratio; control is noise-only,0.0,sqrt(2Ddt),-1.0,3.0,1,0,0,1,,,False,insufficient_intervals,11.46455637153226,-16.830441309612713,-17.090380620285455,4,True
chb08,chb08_21.edf,0.0,4.0,0,FP1-F7,bistable_driven_regularity,eeg_component,0.5,1,2,4510323369277704900,bistable hysteresis; CV sample SD; five intervals,2.25,-15.240653120699331,11.724495682205,local target-band PSD ratio; control is noise-only,0.0,sqrt(2Ddt),-1.0,3.0,0,0,0,1,,,False,insufficient_intervals,11.46455637153226,-26.70520949223159,-26.96514880290433,4,True
chb08,chb08_21.edf,0.0,4.0,0,FP1-F7,bistable_driven_regularity,eeg_component,2.0,1,0,11246914186339654880,bistable hysteresis; CV sample SD; five intervals,2.25,-7.252386046803815,11.724495682205,local target-band PSD ratio; control is noise-only,0.0,sqrt(2Ddt),-1.0,3.0,3,2,0,1,,,False,insufficient_intervals,11.46455637153226,-18.716942418336075,-18.976881729008817,4,True
chb08,chb08_21.edf,0.0,4.0,0,FP1-F7,bistable_driven_regularity,eeg_component,2.0,1,1,6035664361125705715,bistable hysteresis; CV sample SD; five intervals,2.25,-5.698404405806351,11.724495682205,local target-band PSD ratio; control is noise-only,0.0,sqrt(2Ddt),-1.0,3.0,3,2,0,1,,,False,insufficient_intervals,11.46455637153226,-17.16296077733861,-17.422900088011353,4,True
chb08,chb08_21.edf,0.0,4.0,0,FP1-F7,bistable_driven_regularity,eeg_component,2.0,1,2,4510323369277704900,bistable hysteresis; CV sample SD; five intervals,2.25,-12.950419165443073,11.724495682205,local target-band PSD ratio; control is noise-only,0.0,sqrt(2Ddt),-1.0,3.0,2,1,0,1,,,False,insufficient_intervals,11.46455637153226,-24.414975536975334,-24.67491484764808,4,True
chb08,chb08_21.edf,0.0,4.0,0,FP1-F7,bistable_driven_regularity,eeg_component,0.0,2,0,5467364685018783524,bistable hysteresis; CV sample SD; five intervals,2.25,11.463562777230038,11.724495682205,local target-band PSD ratio; control is noise-only,0.0,sqrt(2Ddt),-1.0,3.0,0,0,0,1,,,False,insufficient_intervals,11.463562777230038,0.0,-0.2609329049749629,4,True
chb08,chb08_21.edf,0.0,4.0,0,FP1-F7,bistable_driven_regularity,eeg_component,0.0,2,1,5039564222463091381,bistable hysteresis; CV sample SD; five intervals,2.25,11.463562777230038,11.724495682205,local target-band PSD ratio; control is noise-only,0.0,sqrt(2Ddt),-1.0,3.0,0,0,0,1,,,False,insufficient_intervals,11.463562777230038,0.0,-0.2609329049749629,4,True
chb08,chb08_21.edf,0.0,4.0,0,FP1-F7,bistable_driven_regularity,eeg_component,0.0,2,2,6150676883091691409,bistable hysteresis; CV sample SD; five intervals,2.25,11.463562777230038,11.724495682205,local target-band PSD ratio; control is noise-only,0.0,sqrt(2Ddt),-1.0,3.0,0,0,0,1,,,False,insufficient_intervals,11.463562777230038,0.0,-0.2609329049749629,4,True
chb08,chb08_21.edf,0.0,4.0,0,FP1-F7,bistable_driven_regularity,eeg_component,0.1,2,0,5467364685018783524,bistable hysteresis; CV sample SD; five intervals,2.25,-6.369832102918243,11.724495682205,local target-band PSD ratio; control is noise-only,0.0,sqrt(2Ddt),-1.0,3.0,0,0,0,1,,,False,insufficient_intervals,11.463562777230038,-17.833394880148283,-18.094327785123244,4,True
chb08,chb08_21.edf,0.0,4.0,0,FP1-F7,bistable_driven_regularity,eeg_component,0.1,2,1,5039564222463091381,bistable hysteresis; CV sample SD; five intervals,2.25,-5.697795916816329,11.724495682205,local target-band PSD ratio; control is noise-only,0.0,sqrt(2Ddt),-1.0,3.0,0,0,0,1,,,False,insufficient_intervals,11.463562777230038,-17.161358694046367,-17.422291599021328,4,True
chb08,chb08_21.edf,0.0,4.0,0,FP1-F7,bistable_driven_regularity,eeg_component,0.1,2,2,6150676883091691409,bistable hysteresis; CV sample SD; five intervals,2.25,-20.04065577668,11.724495682205,local target-band PSD ratio; control is noise-only,0.0,sqrt(2Ddt),-1.0,3.0,0,0,0,1,,,False,insufficient_intervals,11.463562777230038,-31.50421855391004,-31.765151458885,4,True
chb08,chb08_21.edf,0.0,4.0,0,FP1-F7,bistable_driven_regularity,eeg_component,0.5,2,0,5467364685018783524,bistable hysteresis; CV sample SD; five intervals,2.25,-8.937867792130332,11.724495682205,local target-band PSD ratio; control is noise-only,0.0,sqrt(2Ddt),-1.0,3.0,0,0,0,1,,,False,insufficient_intervals,11.463562777230038,-20.40143056936037,-20.662363474335333,4,True
chb08,chb08_21.edf,0.0,4.0,0,FP1-F7,bistable_driven_regularity,eeg_component,0.5,2,1,5039564222463091381,bistable hysteresis; CV sample SD; five intervals,2.25,-3.344979759645758,11.724495682205,local target-band PSD ratio; control is noise-only,0.0,sqrt(2Ddt),-1.0,3.0,0,0,0,1,,,False,insufficient_intervals,11.463562777230038,-14.808542536875796,-15.06947544185076,4,True
chb08,chb08_21.edf,0.0,4.0,0,FP1-F7,bistable_driven_regularity,eeg_component,0.5,2,2,6150676883091691409,bistable hysteresis; CV sample SD; five intervals,2.25,-30.72158200560317,11.724495682205,local target-band PSD ratio; control is noise-only,0.0,sqrt(2Ddt),-1.0,3.0,2,1,0,1,,,False,insufficient_intervals,11.463562777230038,-42.18514478283321,-42.44607768780818,4,True
chb08,chb08_21.edf,0.0,4.0,0,FP1-F7,bistable_driven_regularity,eeg_component,2.0,2,0,5467364685018783524,bistable hysteresis; CV sample SD; five intervals,2.25,-10.111150546474027,11.724495682205,local target-band PSD ratio; control is noise-only,0.0,sqrt(2Ddt),-1.0,3.0,3,2,0,1,,,False,insufficient_intervals,11.463562777230038,-21.574713323704067,-21.835646228679032,4,True
chb08,chb08_21.edf,0.0,4.0,0,FP1-F7,bistable_driven_regularity,eeg_component,2.0,2,1,5039564222463091381,bistable hysteresis; CV sample SD; five intervals,2.25,-3.474073717749182,11.724495682205,local target-band PSD ratio; control is noise-only,0.0,sqrt(2Ddt),-1.0,3.0,1,0,0,1,,,False,insufficient_intervals,11.463562777230038,-14.93763649497922,-15.198569399954184,4,True
chb08,chb08_21.edf,0.0,4.0,0,FP1-F7,bistable_driven_regularity,eeg_component,2.0,2,2,6150676883091691409,bistable hysteresis; CV sample SD; five intervals,2.25,-20.747752746568917,11.724495682205,local target-band PSD ratio; control is noise-only,0.0,sqrt(2Ddt),-1.0,3.0,2,1,0,1,,,False,insufficient_intervals,11.463562777230038,-32.21131552379895,-32.47224842877392,4,True
chb08,chb08_21.edf,0.0,4.0,0,FP1-F7,bistable_driven_regularity,no_external_drive,0.0,1,0,11246914186339654880,bistable hysteresis; CV sample SD; five intervals,2.25,,,local target-band PSD ratio; control is noise-only,0.0,sqrt(2Ddt),-1.0,3.0,0,0,0,1,,,False,insufficient_intervals,,,,4,False
chb08,chb08_21.edf,0.0,4.0,0,FP1-F7,bistable_driven_regularity,no_external_drive,0.0,1,1,6035664361125705715,bistable hysteresis; CV sample SD; five intervals,2.25,,,local target-band PSD ratio; control is noise-only,0.0,sqrt(2Ddt),-1.0,3.0,0,0,0,1,,,False,insufficient_intervals,,,,4,False
chb08,chb08_21.edf,0.0,4.0,0,FP1-F7,bistable_driven_regularity,no_external_drive,0.0,1,2,4510323369277704900,bistable hysteresis; CV sample SD; five intervals,2.25,,,local target-band PSD ratio; control is noise-only,0.0,sqrt(2Ddt),-1.0,3.0,0,0,0,1,,,False,insufficient_intervals,,,,4,False
chb08,chb08_21.edf,0.0,4.0,0,FP1-F7,bistable_driven_regularity,no_external_drive,0.1,1,0,11246914186339654880,bistable hysteresis; CV sample SD; five intervals,2.25,-7.937133682172643,,local target-band PSD ratio; control is noise-only,0.0,sqrt(2Ddt),-1.0,3.0,0,0,0,1,,,False,insufficient_intervals,,,,4,False
chb08,chb08_21.edf,0.0,4.0,0,FP1-F7,bistable_driven_regularity,no_external_drive,0.1,1,1,6035664361125705715,bistable hysteresis; CV sample SD; five intervals,2.25,-5.3219131269201725,,local target-band PSD ratio; control is noise-only,0.0,sqrt(2Ddt),-1.0,3.0,0,0,0,1,,,False,insufficient_intervals,,,,4,False
chb08,chb08_21.edf,0.0,4.0,0,FP1-F7,bistable_driven_regularity,no_external_drive,0.1,1,2,4510323369277704900,bistable hysteresis; CV sample SD; five intervals,2.25,-11.259182807402176,,local target-band PSD ratio; control is noise-only,0.0,sqrt(2Ddt),-1.0,3.0,0,0,0,1,,,False,insufficient_intervals,,,,4,False
chb08,chb08_21.edf,0.0,4.0,0,FP1-F7,bistable_driven_regularity,no_external_drive,0.5,1,0,11246914186339654880,bistable hysteresis; CV sample SD; five intervals,2.25,-11.417685751842026,,local target-band PSD ratio; control is noise-only,0.0,sqrt(2Ddt),-1.0,3.0,1,0,0,1,,,False,insufficient_intervals,,,,4,False
chb08,chb08_21.edf,0.0,4.0,0,FP1-F7,bistable_driven_regularity,no_external_drive,0.5,1,1,6035664361125705715,bistable hysteresis; CV sample SD; five intervals,2.25,-6.674271326006408,,local target-band PSD ratio; control is noise-only,0.0,sqrt(2Ddt),-1.0,3.0,1,0,0,1,,,False,insufficient_intervals,,,,4,False
chb08,chb08_21.edf,0.0,4.0,0,FP1-F7,bistable_driven_regularity,no_external_drive,0.5,1,2,4510323369277704900,bistable hysteresis; CV sample SD; five intervals,2.25,-12.813415842778229,,local target-band PSD ratio; control is noise-only,0.0,sqrt(2Ddt),-1.0,3.0,0,0,0,1,,,False,insufficient_intervals,,,,4,False
chb08,chb08_21.edf,0.0,4.0,0,FP1-F7,bistable_driven_regularity,no_external_drive,2.0,1,0,11246914186339654880,bistable hysteresis; CV sample SD; five intervals,2.25,-8.138756518854759,,local target-band PSD ratio; control is noise-only,0.0,sqrt(2Ddt),-1.0,3.0,1,0,0,1,,,False,insufficient_intervals,,,,4,False
chb08,chb08_21.edf,0.0,4.0,0,FP1-F7,bistable_driven_regularity,no_external_drive,2.0,1,1,6035664361125705715,bistable hysteresis; CV sample SD; five intervals,2.25,-6.411926875622623,,local target-band PSD ratio; control is noise-only,0.0,sqrt(2Ddt),-1.0,3.0,3,2,0,1,,,False,insufficient_intervals,,,,4,False
chb08,chb08_21.edf,0.0,4.0,0,FP1-F7,bistable_driven_regularity,no_external_drive,2.0,1,2,4510323369277704900,bistable hysteresis; CV sample SD; five intervals,2.25,-11.777917236632158,,local target-band PSD ratio; control is noise-only,0.0,sqrt(2Ddt),-1.0,3.0,2,1,0,1,,,False,insufficient_intervals,,,,4,False
chb08,chb08_21.edf,0.0,4.0,0,FP1-F7,bistable_driven_regularity,no_external_drive,0.0,2,0,5467364685018783524,bistable hysteresis; CV sample SD; five intervals,2.25,,,local target-band PSD ratio; control is noise-only,0.0,sqrt(2Ddt),-1.0,3.0,0,0,0,1,,,False,insufficient_intervals,,,,4,False
chb08,chb08_21.edf,0.0,4.0,0,FP1-F7,bistable_driven_regularity,no_external_drive,0.0,2,1,5039564222463091381,bistable hysteresis; CV sample SD; five intervals,2.25,,,local target-band PSD ratio; control is noise-only,0.0,sqrt(2Ddt),-1.0,3.0,0,0,0,1,,,False,insufficient_intervals,,,,4,False
chb08,chb08_21.edf,0.0,4.0,0,FP1-F7,bistable_driven_regularity,no_external_drive,0.0,2,2,6150676883091691409,bistable hysteresis; CV sample SD; five intervals,2.25,,,local target-band PSD ratio; control is noise-only,0.0,sqrt(2Ddt),-1.0,3.0,0,0,0,1,,,False,insufficient_intervals,,,,4,False
chb08,chb08_21.edf,0.0,4.0,0,FP1-F7,bistable_driven_regularity,no_external_drive,0.1,2,0,5467364685018783524,bistable hysteresis; CV sample SD; five intervals,2.25,-8.311977958854506,,local target-band PSD ratio; control is noise-only,0.0,sqrt(2Ddt),-1.0,3.0,0,0,0,1,,,False,insufficient_intervals,,,,4,False
chb08,chb08_21.edf,0.0,4.0,0,FP1-F7,bistable_driven_regularity,no_external_drive,0.1,2,1,5039564222463091381,bistable hysteresis; CV sample SD; five intervals,2.25,-0.9794256478615436,,local target-band PSD ratio; control is noise-only,0.0,sqrt(2Ddt),-1.0,3.0,0,0,0,1,,,False,insufficient_intervals,,,,4,False
chb08,chb08_21.edf,0.0,4.0,0,FP1-F7,bistable_driven_regularity,no_external_drive,0.1,2,2,6150676883091691409,bistable hysteresis; CV sample SD; five intervals,2.25,-25.170320543171503,,local target-band PSD ratio; control is noise-only,0.0,sqrt(2Ddt),-1.0,3.0,0,0,0,1,,,False,insufficient_intervals,,,,4,False
chb08,chb08_21.edf,0.0,4.0,0,FP1-F7,bistable_driven_regularity,no_external_drive,0.5,2,0,5467364685018783524,bistable hysteresis; CV sample SD; five intervals,2.25,-9.869218445664163,,local target-band PSD ratio; control is noise-only,0.0,sqrt(2Ddt),-1.0,3.0,0,0,0,1,,,False,insufficient_intervals,,,,4,False
chb08,chb08_21.edf,0.0,4.0,0,FP1-F7,bistable_driven_regularity,no_external_drive,0.5,2,1,5039564222463091381,bistable hysteresis; CV sample SD; five intervals,2.25,-1.5148784944235332,,local target-band PSD ratio; control is noise-only,0.0,sqrt(2Ddt),-1.0,3.0,0,0,0,1,,,False,insufficient_intervals,,,,4,False
chb08,chb08_21.edf,0.0,4.0,0,FP1-F7,bistable_driven_regularity,no_external_drive,0.5,2,2,6150676883091691409,bistable hysteresis; CV sample SD; five intervals,2.25,-23.56576702570952,,local target-band PSD ratio; control is noise-only,0.0,sqrt(2Ddt),-1.0,3.0,2,1,0,1,,,False,insufficient_intervals,,,,4,False
chb08,chb08_21.edf,0.0,4.0,0,FP1-F7,bistable_driven_regularity,no_external_drive,2.0,2,0,5467364685018783524,bistable hysteresis; CV sample SD; five intervals,2.25,-10.388900004315287,,local target-band PSD ratio; control is noise-only,0.0,sqrt(2Ddt),-1.0,3.0,3,2,0,1,,,False,insufficient_intervals,,,,4,False
chb08,chb08_21.edf,0.0,4.0,0,FP1-F7,bistable_driven_regularity,no_external_drive,2.0,2,1,5039564222463091381,bistable hysteresis; CV sample SD; five intervals,2.25,-2.5607873923715614,,local target-band PSD ratio; control is noise-only,0.0,sqrt(2Ddt),-1.0,3.0,1,0,0,1,,,False,insufficient_intervals,,,,4,False
chb08,chb08_21.edf,0.0,4.0,0,FP1-F7,bistable_driven_regularity,no_external_drive,2.0,2,2,6150676883091691409,bistable hysteresis; CV sample SD; five intervals,2.25,-18.541261610452523,,local target-band PSD ratio; control is noise-only,0.0,sqrt(2Ddt),-1.0,3.0,2,1,0,1,,,False,insufficient_intervals,,,,4,False
chb08,chb08_21.edf,0.0,4.0,0,FP1-F7,fhn_sde,eeg_component,0.0,1,0,6173266222930575267,FHN mean+SD peaks; >=0.2s intervals; CV population SD; three intervals,2.25,3.4226136789093218,11.724495682205,local target-band PSD ratio; control is noise-only,0.0,sde,,,2,1,0,0,,,False,insufficient_intervals,3.4226136789093218,0.0,-8.30188200329568,4,True
chb08,chb08_21.edf,0.0,4.0,0,FP1-F7,fhn_sde,eeg_component,0.0,1,1,15096000637201056860,FHN mean+SD peaks; >=0.2s intervals; CV population SD; three intervals,2.25,3.4226136789093218,11.724495682205,local target-band PSD ratio; control is noise-only,0.0,sde,,,2,1,0,0,,,False,insufficient_intervals,3.4226136789093218,0.0,-8.30188200329568,4,True
chb08,chb08_21.edf,0.0,4.0,0,FP1-F7,fhn_sde,eeg_component,0.0,1,2,8343842141920088809,FHN mean+SD peaks; >=0.2s intervals; CV population SD; three intervals,2.25,3.4226136789093218,11.724495682205,local target-band PSD ratio; control is noise-only,0.0,sde,,,2,1,0,0,,,False,insufficient_intervals,3.4226136789093218,0.0,-8.30188200329568,4,True
chb08,chb08_21.edf,0.0,4.0,0,FP1-F7,fhn_sde,eeg_component,0.1,1,0,6173266222930575267,FHN mean+SD peaks; >=0.2s intervals; CV population SD; three intervals,2.25,-2.7321972768598752,11.724495682205,local target-band PSD ratio; control is noise-only,0.0,sde,,,6,5,0,0,0.7957309902542649,1.2567061133065385,True,ok,3.4226136789093218,-6.154810955769197,-14.456692959064876,4,True
chb08,chb08_21.edf,0.0,4.0,0,FP1-F7,fhn_sde,eeg_component,0.1,1,1,15096000637201056860,FHN mean+SD peaks; >=0.2s intervals; CV population SD; three intervals,2.25,3.7144370590704727,11.724495682205,local target-band PSD ratio; control is noise-only,0.0,sde,,,4,3,0,0,0.9983281206634488,1.0016746791980975,True,ok,3.4226136789093218,0.2918233801611509,-8.010058623134528,4,True
chb08,chb08_21.edf,0.0,4.0,0,FP1-F7,fhn_sde,eeg_component,0.1,1,2,8343842141920088809,FHN mean+SD peaks; >=0.2s intervals; CV population SD; three intervals,2.25,-19.708583894719087,11.724495682205,local target-band PSD ratio; control is noise-only,0.0,sde,,,7,6,0,0,0.4601174221793377,2.1733582598622725,True,ok,3.4226136789093218,-23.13119757362841,-31.433079576924086,4,True
chb08,chb08_21.edf,0.0,4.0,0,FP1-F7,fhn_sde,eeg_component,0.5,1,0,6173266222930575267,FHN mean+SD peaks; >=0.2s intervals; CV population SD; three intervals,2.25,-8.351543038614501,11.724495682205,local target-band PSD ratio; control is noise-only,0.0,sde,,,4,3,0,0,0.1076032058327355,9.29340340988034,True,ok,3.4226136789093218,-11.774156717523825,-20.076038720819504,4,True
chb08,chb08_21.edf,0.0,4.0,0,FP1-F7,fhn_sde,eeg_component,0.5,1,1,15096000637201056860,FHN mean+SD peaks; >=0.2s intervals; CV population SD; three intervals,2.25,4.27179153252857,11.724495682205,local target-band PSD ratio; control is noise-only,0.0,sde,,,7,6,0,0,0.6108382450734352,1.637094612305717,True,ok,3.4226136789093218,0.8491778536192482,-7.452704149676431,4,True
chb08,chb08_21.edf,0.0,4.0,0,FP1-F7,fhn_sde,eeg_component,0.5,1,2,8343842141920088809,FHN mean+SD peaks; >=0.2s intervals; CV population SD; three intervals,2.25,-8.929360037278304,11.724495682205,local target-band PSD ratio; control is noise-only,0.0,sde,,,8,7,0,0,0.5432917473110437,1.8406316770857984,True,ok,3.4226136789093218,-12.351973716187626,-20.653855719483303,4,True
chb08,chb08_21.edf,0.0,4.0,0,FP1-F7,fhn_sde,eeg_component,2.0,1,0,6173266222930575267,FHN mean+SD peaks; >=0.2s intervals; CV population SD; three intervals,2.25,-9.624081379276108,11.724495682205,local target-band PSD ratio; control is noise-only,0.0,sde,,,4,3,0,0,0.6353446711798802,1.573948827087711,True,ok,3.4226136789093218,-13.04669505818543,-21.34857706148111,4,True
chb08,chb08_21.edf,0.0,4.0,0,FP1-F7,fhn_sde,eeg_component,2.0,1,1,15096000637201056860,FHN mean+SD peaks; >=0.2s intervals; CV population SD; three intervals,2.25,4.922240089140536,11.724495682205,local target-band PSD ratio; control is noise-only,0.0,sde,,,8,7,0,0,0.7229174886825479,1.3832837296859564,True,ok,3.4226136789093218,1.4996264102312145,-6.802255593064465,4,True
chb08,chb08_21.edf,0.0,4.0,0,FP1-F7,fhn_sde,eeg_component,2.0,1,2,8343842141920088809,FHN mean+SD peaks; >=0.2s intervals; CV population SD; three intervals,2.25,-7.4097299636595455,11.724495682205,local target-band PSD ratio; control is noise-only,0.0,sde,,,6,5,0,0,0.5055728215656566,1.9779544258395905,True,ok,3.4226136789093218,-10.832343642568867,-19.134225645864547,4,True
chb08,chb08_21.edf,0.0,4.0,0,FP1-F7,fhn_sde,eeg_component,0.0,2,0,7738138755767798467,FHN mean+SD peaks; >=0.2s intervals; CV population SD; three intervals,2.25,3.420688485021377,11.724495682205,local target-band PSD ratio; control is noise-only,0.0,sde,,,2,1,0,0,,,False,insufficient_intervals,3.420688485021377,0.0,-8.303807197183623,4,True
chb08,chb08_21.edf,0.0,4.0,0,FP1-F7,fhn_sde,eeg_component,0.0,2,1,10431830874568711072,FHN mean+SD peaks; >=0.2s intervals; CV population SD; three intervals,2.25,3.420688485021377,11.724495682205,local target-band PSD ratio; control is noise-only,0.0,sde,,,2,1,0,0,,,False,insufficient_intervals,3.420688485021377,0.0,-8.303807197183623,4,True
chb08,chb08_21.edf,0.0,4.0,0,FP1-F7,fhn_sde,eeg_component,0.0,2,2,22049746362159392,FHN mean+SD peaks; >=0.2s intervals; CV population SD; three intervals,2.25,3.420688485021377,11.724495682205,local target-band PSD ratio; control is noise-only,0.0,sde,,,2,1,0,0,,,False,insufficient_intervals,3.420688485021377,0.0,-8.303807197183623,4,True
chb08,chb08_21.edf,0.0,4.0,0,FP1-F7,fhn_sde,eeg_component,0.1,2,0,7738138755767798467,FHN mean+SD peaks; >=0.2s intervals; CV population SD; three intervals,2.25,-5.692338360270204,11.724495682205,local target-band PSD ratio; control is noise-only,0.0,sde,,,7,6,0,0,0.4738016836936145,2.110587687667766,True,ok,3.420688485021377,-9.113026845291582,-17.416834042475205,4,True
chb08,chb08_21.edf,0.0,4.0,0,FP1-F7,fhn_sde,eeg_component,0.1,2,1,10431830874568711072,FHN mean+SD peaks; >=0.2s intervals; CV population SD; three intervals,2.25,-6.754751273118769,11.724495682205,local target-band PSD ratio; control is noise-only,0.0,sde,,,5,4,0,0,0.202012069069119,4.950199285656775,True,ok,3.420688485021377,-10.175439758140149,-18.47924695532377,4,True
chb08,chb08_21.edf,0.0,4.0,0,FP1-F7,fhn_sde,eeg_component,0.1,2,2,22049746362159392,FHN mean+SD peaks; >=0.2s intervals; CV population SD; three intervals,2.25,-9.402664119849108,11.724495682205,local target-band PSD ratio; control is noise-only,0.0,sde,,,3,2,0,0,,,False,insufficient_intervals,3.420688485021377,-12.823352604870486,-21.12715980205411,4,True
chb08,chb08_21.edf,0.0,4.0,0,FP1-F7,fhn_sde,eeg_component,0.5,2,0,7738138755767798467,FHN mean+SD peaks; >=0.2s intervals; CV population SD; three intervals,2.25,-7.695962872620839,11.724495682205,local target-band PSD ratio; control is noise-only,0.0,sde,,,6,4,1,0,0.6093261075420611,1.6411573172760716,True,ok,3.420688485021377,-11.116651357642215,-19.42045855482584,4,True
chb08,chb08_21.edf,0.0,4.0,0,FP1-F7,fhn_sde,eeg_component,0.5,2,1,10431830874568711072,FHN mean+SD peaks; >=0.2s intervals; CV population SD; three intervals,2.25,-10.588709015513633,11.724495682205,local target-band PSD ratio; control is noise-only,0.0,sde,,,4,3,0,0,0.5576528360640323,1.793230367226493,True,ok,3.420688485021377,-14.009397500535009,-22.313204697718632,4,True
chb08,chb08_21.edf,0.0,4.0,0,FP1-F7,fhn_sde,eeg_component,0.5,2,2,22049746362159392,FHN mean+SD peaks; >=0.2s intervals; CV population SD; three intervals,2.25,-11.70984681904374,11.724495682205,local target-band PSD ratio; control is noise-only,0.0,sde,,,4,3,0,0,0.2254813445380656,4.43495670140099,True,ok,3.420688485021377,-15.130535304065116,-23.434342501248743,4,True
chb08,chb08_21.edf,0.0,4.0,0,FP1-F7,fhn_sde,eeg_component,2.0,2,0,7738138755767798467,FHN mean+SD peaks; >=0.2s intervals; CV population SD; three intervals,2.25,-8.32722628592889,11.724495682205,local target-band PSD ratio; control is noise-only,0.0,sde,,,7,5,1,0,0.4655212878531383,2.148129475693232,True,ok,3.420688485021377,-11.747914770950269,-20.05172196813389,4,True
chb08,chb08_21.edf,0.0,4.0,0,FP1-F7,fhn_sde,eeg_component,2.0,2,1,10431830874568711072,FHN mean+SD peaks; >=0.2s intervals; CV population SD; three intervals,2.25,-6.4537453319849325,11.724495682205,local target-band PSD ratio; control is noise-only,0.0,sde,,,5,4,0,0,0.5166612138185811,1.9355042980856252,True,ok,3.420688485021377,-9.87443381700631,-18.178241014189933,4,True
chb08,chb08_21.edf,0.0,4.0,0,FP1-F7,fhn_sde,eeg_component,2.0,2,2,22049746362159392,FHN mean+SD peaks; >=0.2s intervals; CV population SD; three intervals,2.25,-8.981352799984968,11.724495682205,local target-band PSD ratio; control is noise-only,0.0,sde,,,7,5,1,0,0.7533533101803069,1.327398428448746,True,ok,3.420688485021377,-12.402041285006344,-20.70584848218997,4,True
chb08,chb08_21.edf,0.0,4.0,0,FP1-F7,fhn_sde,no_external_drive,0.0,1,0,6173266222930575267,FHN mean+SD peaks; >=0.2s intervals; CV population SD; three intervals,2.25,-43.510378403707165,,local target-band PSD ratio; control is noise-only,0.0,sde,,,0,0,0,0,,,False,insufficient_intervals,-43.510378403707165,0.0,,4,True
chb08,chb08_21.edf,0.0,4.0,0,FP1-F7,fhn_sde,no_external_drive,0.0,1,1,15096000637201056860,FHN mean+SD peaks; >=0.2s intervals; CV population SD; three intervals,2.25,-43.510378403707165,,local target-band PSD ratio; control is noise-only,0.0,sde,,,0,0,0,0,,,False,insufficient_intervals,-43.510378403707165,0.0,,4,True
chb08,chb08_21.edf,0.0,4.0,0,FP1-F7,fhn_sde,no_external_drive,0.0,1,2,8343842141920088809,FHN mean+SD peaks; >=0.2s intervals; CV population SD; three intervals,2.25,-43.510378403707165,,local target-band PSD ratio; control is noise-only,0.0,sde,,,0,0,0,0,,,False,insufficient_intervals,-43.510378403707165,0.0,,4,True
chb08,chb08_21.edf,0.0,4.0,0,FP1-F7,fhn_sde,no_external_drive,0.1,1,0,6173266222930575267,FHN mean+SD peaks; >=0.2s intervals; CV population SD; three intervals,2.25,-10.883122308699738,,local target-band PSD ratio; control is noise-only,0.0,sde,,,6,5,0,0,0.8131397856521873,1.2298008505363436,True,ok,-43.510378403707165,32.627256095007425,,4,True
chb08,chb08_21.edf,0.0,4.0,0,FP1-F7,fhn_sde,no_external_drive,0.1,1,1,15096000637201056860,FHN mean+SD peaks; >=0.2s intervals; CV population SD; three intervals,2.25,1.4445079459507282,,local target-band PSD ratio; control is noise-only,0.0,sde,,,2,1,0,0,,,False,insufficient_intervals,-43.510378403707165,44.95488634965789,,4,True
chb08,chb08_21.edf,0.0,4.0,0,FP1-F7,fhn_sde,no_external_drive,0.1,1,2,8343842141920088809,FHN mean+SD peaks; >=0.2s intervals; CV population SD; three intervals,2.25,-4.975941058512168,,local target-band PSD ratio; control is noise-only,0.0,sde,,,8,7,0,0,0.5115669128116034,1.954778495160952,True,ok,-43.510378403707165,38.534437345195,,4,True
chb08,chb08_21.edf,0.0,4.0,0,FP1-F7,fhn_sde,no_external_drive,0.5,1,0,6173266222930575267,FHN mean+SD peaks; >=0.2s intervals; CV population SD; three intervals,2.25,-13.703635537527887,,local target-band PSD ratio; control is noise-only,0.0,sde,,,4,3,0,0,0.1015733497837029,9.845102107289623,True,ok,-43.510378403707165,29.80674286617928,,4,True
chb08,chb08_21.edf,0.0,4.0,0,FP1-F7,fhn_sde,no_external_drive,0.5,1,1,15096000637201056860,FHN mean+SD peaks; >=0.2s intervals; CV population SD; three intervals,2.25,3.5261198289765283,,local target-band PSD ratio; control is noise-only,0.0,sde,,,6,5,0,0,0.7995995537104917,1.2506260106819251,True,ok,-43.510378403707165,47.03649823268369,,4,True
chb08,chb08_21.edf,0.0,4.0,0,FP1-F7,fhn_sde,no_external_drive,0.5,1,2,8343842141920088809,FHN mean+SD peaks; >=0.2s intervals; CV population SD; three intervals,2.25,-4.955386157833559,,local target-band PSD ratio; control is noise-only,0.0,sde,,,9,8,0,0,0.5590649019573276,1.788701090873217,True,ok,-43.510378403707165,38.554992245873606,,4,True
chb08,chb08_21.edf,0.0,4.0,0,FP1-F7,fhn_sde,no_external_drive,2.0,1,0,6173266222930575267,FHN mean+SD peaks; >=0.2s intervals; CV population SD; three intervals,2.25,-12.38670377009128,,local target-band PSD ratio; control is noise-only,0.0,sde,,,5,4,0,0,0.686847617405033,1.4559270130077506,True,ok,-43.510378403707165,31.123674633615884,,4,True
chb08,chb08_21.edf,0.0,4.0,0,FP1-F7,fhn_sde,no_external_drive,2.0,1,1,15096000637201056860,FHN mean+SD peaks; >=0.2s intervals; CV population SD; three intervals,2.25,4.654010038235366,,local target-band PSD ratio; control is noise-only,0.0,sde,,,8,7,0,0,0.7229174886825479,1.3832837296859564,True,ok,-43.510378403707165,48.164388441942535,,4,True
chb08,chb08_21.edf,0.0,4.0,0,FP1-F7,fhn_sde,no_external_drive,2.0,1,2,8343842141920088809,FHN mean+SD peaks; >=0.2s intervals; CV population SD; three intervals,2.25,-5.56980610647866,,local target-band PSD ratio; control is noise-only,0.0,sde,,,6,5,0,0,0.5055728215656566,1.9779544258395905,True,ok,-43.510378403707165,37.940572297228506,,4,True
chb08,chb08_21.edf,0.0,4.0,0,FP1-F7,fhn_sde,no_external_drive,0.0,2,0,7738138755767798467,FHN mean+SD peaks; >=0.2s intervals; CV population SD; three intervals,2.25,-43.50867537763301,,local target-band PSD ratio; control is noise-only,0.0,sde,,,0,0,0,0,,,False,insufficient_intervals,-43.50867537763301,0.0,,4,True
chb08,chb08_21.edf,0.0,4.0,0,FP1-F7,fhn_sde,no_external_drive,0.0,2,1,10431830874568711072,FHN mean+SD peaks; >=0.2s intervals; CV population SD; three intervals,2.25,-43.50867537763301,,local target-band PSD ratio; control is noise-only,0.0,sde,,,0,0,0,0,,,False,insufficient_intervals,-43.50867537763301,0.0,,4,True
chb08,chb08_21.edf,0.0,4.0,0,FP1-F7,fhn_sde,no_external_drive,0.0,2,2,22049746362159392,FHN mean+SD peaks; >=0.2s intervals; CV population SD; three intervals,2.25,-43.50867537763301,,local target-band PSD ratio; control is noise-only,0.0,sde,,,0,0,0,0,,,False,insufficient_intervals,-43.50867537763301,0.0,,4,True
chb08,chb08_21.edf,0.0,4.0,0,FP1-F7,fhn_sde,no_external_drive,0.1,2,0,7738138755767798467,FHN mean+SD peaks; >=0.2s intervals; CV population SD; three intervals,2.25,-4.821971159503382,,local target-band PSD ratio; control is noise-only,0.0,sde,,,8,6,1,0,0.5609026161353338,1.7828406772107503,True,ok,-43.50867537763301,38.68670421812962,,4,True
chb08,chb08_21.edf,0.0,4.0,0,FP1-F7,fhn_sde,no_external_drive,0.1,2,1,10431830874568711072,FHN mean+SD peaks; >=0.2s intervals; CV population SD; three intervals,2.25,-11.022500317920548,,local target-band PSD ratio; control is noise-only,0.0,sde,,,5,4,0,0,0.202012069069119,4.950199285656775,True,ok,-43.50867537763301,32.48617505971246,,4,True
chb08,chb08_21.edf,0.0,4.0,0,FP1-F7,fhn_sde,no_external_drive,0.1,2,2,22049746362159392,FHN mean+SD peaks; >=0.2s intervals; CV population SD; three intervals,2.25,-15.010827712136429,,local target-band PSD ratio; control is noise-only,0.0,sde,,,4,3,0,0,0.565737212626145,1.7676051312905734,True,ok,-43.50867537763301,28.49784766549658,,4,True
chb08,chb08_21.edf,0.0,4.0,0,FP1-F7,fhn_sde,no_external_drive,0.5,2,0,7738138755767798467,FHN mean+SD peaks; >=0.2s intervals; CV population SD; three intervals,2.25,-5.659721127012332,,local target-band PSD ratio; control is noise-only,0.0,sde,,,6,4,1,0,0.6093261075420611,1.6411573172760716,True,ok,-43.50867537763301,37.84895425062067,,4,True
chb08,chb08_21.edf,0.0,4.0,0,FP1-F7,fhn_sde,no_external_drive,0.5,2,1,10431830874568711072,FHN mean+SD peaks; >=0.2s intervals; CV population SD; three intervals,2.25,-12.73696902202689,,local target-band PSD ratio; control is noise-only,0.0,sde,,,4,3,0,0,0.594407882635214,1.682346464798981,True,ok,-43.50867537763301,30.771706355606117,,4,True
chb08,chb08_21.edf,0.0,4.0,0,FP1-F7,fhn_sde,no_external_drive,0.5,2,2,22049746362159392,FHN mean+SD peaks; >=0.2s intervals; CV population SD; three intervals,2.25,-13.707506183231455,,local target-band PSD ratio; control is noise-only,0.0,sde,,,5,3,1,0,0.1292333886532085,7.737938395188656,True,ok,-43.50867537763301,29.80116919440155,,4,True
chb08,chb08_21.edf,0.0,4.0,0,FP1-F7,fhn_sde,no_external_drive,2.0,2,0,7738138755767798467,FHN mean+SD peaks; >=0.2s intervals; CV population SD; three intervals,2.25,-7.010304136943316,,local target-band PSD ratio; control is noise-only,0.0,sde,,,7,5,1,0,0.4640271334260051,2.155046392690014,True,ok,-43.50867537763301,36.498371240689686,,4,True
chb08,chb08_21.edf,0.0,4.0,0,FP1-F7,fhn_sde,no_external_drive,2.0,2,1,10431830874568711072,FHN mean+SD peaks; >=0.2s intervals; CV population SD; three intervals,2.25,-7.3964746466288815,,local target-band PSD ratio; control is noise-only,0.0,sde,,,5,4,0,0,0.5166612138185811,1.9355042980856252,True,ok,-43.50867537763301,36.11220073100412,,4,True
chb08,chb08_21.edf,0.0,4.0,0,FP1-F7,fhn_sde,no_external_drive,2.0,2,2,22049746362159392,FHN mean+SD peaks; >=0.2s intervals; CV population SD; three intervals,2.25,-10.100326127584315,,local target-band PSD ratio; control is noise-only,0.0,sde,,,7,5,1,0,0.7533533101803069,1.327398428448746,True,ok,-43.50867537763301,33.40834925004869,,4,True
chb08,chb08_21.edf,2140.0,2144.0,1,FP1-F7,bistable_driven_regularity,eeg_component,0.0,1,0,3455556794382999071,bistable hysteresis; CV sample SD; five intervals,1.0,2.881668063935026,6.092521170559766,local target-band PSD ratio; control is noise-only,0.0,sqrt(2Ddt),-1.0,3.0,0,0,0,1,,,False,insufficient_intervals,2.881668063935026,0.0,-3.21085310662474,4,True
chb08,chb08_21.edf,2140.0,2144.0,1,FP1-F7,bistable_driven_regularity,eeg_component,0.0,1,1,11383262729531432962,bistable hysteresis; CV sample SD; five intervals,1.0,2.881668063935026,6.092521170559766,local target-band PSD ratio; control is noise-only,0.0,sqrt(2Ddt),-1.0,3.0,0,0,0,1,,,False,insufficient_intervals,2.881668063935026,0.0,-3.21085310662474,4,True
chb08,chb08_21.edf,2140.0,2144.0,1,FP1-F7,bistable_driven_regularity,eeg_component,0.0,1,2,12286230788570882037,bistable hysteresis; CV sample SD; five intervals,1.0,2.881668063935026,6.092521170559766,local target-band PSD ratio; control is noise-only,0.0,sqrt(2Ddt),-1.0,3.0,0,0,0,1,,,False,insufficient_intervals,2.881668063935026,0.0,-3.21085310662474,4,True
chb08,chb08_21.edf,2140.0,2144.0,1,FP1-F7,bistable_driven_regularity,eeg_component,0.1,1,0,3455556794382999071,bistable hysteresis; CV sample SD; five intervals,1.0,-11.67215659565895,6.092521170559766,local target-band PSD ratio; control is noise-only,0.0,sqrt(2Ddt),-1.0,3.0,0,0,0,1,,,False,insufficient_intervals,2.881668063935026,-14.553824659593976,-17.764677766218718,4,True
chb08,chb08_21.edf,2140.0,2144.0,1,FP1-F7,bistable_driven_regularity,eeg_component,0.1,1,1,11383262729531432962,bistable hysteresis; CV sample SD; five intervals,1.0,-0.4917549984203906,6.092521170559766,local target-band PSD ratio; control is noise-only,0.0,sqrt(2Ddt),-1.0,3.0,0,0,0,1,,,False,insufficient_intervals,2.881668063935026,-3.3734230623554167,-6.584276168980157,4,True
chb08,chb08_21.edf,2140.0,2144.0,1,FP1-F7,bistable_driven_regularity,eeg_component,0.1,1,2,12286230788570882037,bistable hysteresis; CV sample SD; five intervals,1.0,-19.19742308147253,6.092521170559766,local target-band PSD ratio; control is noise-only,0.0,sqrt(2Ddt),-1.0,3.0,0,0,0,1,,,False,insufficient_intervals,2.881668063935026,-22.07909114540756,-25.2899442520323,4,True
chb08,chb08_21.edf,2140.0,2144.0,1,FP1-F7,bistable_driven_regularity,eeg_component,0.5,1,0,3455556794382999071,bistable hysteresis; CV sample SD; five intervals,1.0,-13.516751947118014,6.092521170559766,local target-band PSD ratio; control is noise-only,0.0,sqrt(2Ddt),-1.0,3.0,0,0,0,1,,,False,insufficient_intervals,2.881668063935026,-16.39842001105304,-19.60927311767778,4,True
chb08,chb08_21.edf,2140.0,2144.0,1,FP1-F7,bistable_driven_regularity,eeg_component,0.5,1,1,11383262729531432962,bistable hysteresis; CV sample SD; five intervals,1.0,0.1043991740155198,6.092521170559766,local target-band PSD ratio; control is noise-only,0.0,sqrt(2Ddt),-1.0,3.0,2,1,0,1,,,False,insufficient_intervals,2.881668063935026,-2.7772688899195064,-5.988121996544246,4,True
chb08,chb08_21.edf,2140.0,2144.0,1,FP1-F7,bistable_driven_regularity,eeg_component,0.5,1,2,12286230788570882037,bistable hysteresis; CV sample SD; five intervals,1.0,-16.31064172119139,6.092521170559766,local target-band PSD ratio; control is noise-only,0.0,sqrt(2Ddt),-1.0,3.0,3,2,0,1,,,False,insufficient_intervals,2.881668063935026,-19.19230978512642,-22.40316289175116,4,True
chb08,chb08_21.edf,2140.0,2144.0,1,FP1-F7,bistable_driven_regularity,eeg_component,2.0,1,0,3455556794382999071,bistable hysteresis; CV sample SD; five intervals,1.0,-9.37191351134841,6.092521170559766,local target-band PSD ratio; control is noise-only,0.0,sqrt(2Ddt),-1.0,3.0,7,6,0,1,0.8747944445649996,1.1431256865117156,True,ok,2.881668063935026,-12.253581575283436,-15.464434681908177,4,True
chb08,chb08_21.edf,2140.0,2144.0,1,FP1-F7,bistable_driven_regularity,eeg_component,2.0,1,1,11383262729531432962,bistable hysteresis; CV sample SD; five intervals,1.0,1.7674655669329886,6.092521170559766,local target-band PSD ratio; control is noise-only,0.0,sqrt(2Ddt),-1.0,3.0,2,1,0,1,,,False,insufficient_intervals,2.881668063935026,-1.1142024970020374,-4.325055603626778,4,True
chb08,chb08_21.edf,2140.0,2144.0,1,FP1-F7,bistable_driven_regularity,eeg_component,2.0,1,2,12286230788570882037,bistable hysteresis; CV sample SD; five intervals,1.0,-15.413257721389176,6.092521170559766,local target-band PSD ratio; control is noise-only,0.0,sqrt(2Ddt),-1.0,3.0,3,2,0,1,,,False,insufficient_intervals,2.881668063935026,-18.294925785324203,-21.505778891948943,4,True
chb08,chb08_21.edf,2140.0,2144.0,1,FP1-F7,bistable_driven_regularity,eeg_component,0.0,2,0,2905568787839655025,bistable hysteresis; CV sample SD; five intervals,1.0,2.879542266657966,6.092521170559766,local target-band PSD ratio; control is noise-only,0.0,sqrt(2Ddt),-1.0,3.0,0,0,0,1,,,False,insufficient_intervals,2.879542266657966,0.0,-3.2129789039017997,4,True
chb08,chb08_21.edf,2140.0,2144.0,1,FP1-F7,bistable_driven_regularity,eeg_component,0.0,2,1,432724919376054970,bistable hysteresis; CV sample SD; five intervals,1.0,2.879542266657966,6.092521170559766,local target-band PSD ratio; control is noise-only,0.0,sqrt(2Ddt),-1.0,3.0,0,0,0,1,,,False,insufficient_intervals,2.879542266657966,0.0,-3.2129789039017997,4,True
chb08,chb08_21.edf,2140.0,2144.0,1,FP1-F7,bistable_driven_regularity,eeg_component,0.0,2,2,4096820444594902719,bistable hysteresis; CV sample SD; five intervals,1.0,2.879542266657966,6.092521170559766,local target-band PSD ratio; control is noise-only,0.0,sqrt(2Ddt),-1.0,3.0,0,0,0,1,,,False,insufficient_intervals,2.879542266657966,0.0,-3.2129789039017997,4,True
chb08,chb08_21.edf,2140.0,2144.0,1,FP1-F7,bistable_driven_regularity,eeg_component,0.1,2,0,2905568787839655025,bistable hysteresis; CV sample SD; five intervals,1.0,0.381013979251116,6.092521170559766,local target-band PSD ratio; control is noise-only,0.0,sqrt(2Ddt),-1.0,3.0,0,0,0,1,,,False,insufficient_intervals,2.879542266657966,-2.49852828740685,-5.71150719130865,4,True
chb08,chb08_21.edf,2140.0,2144.0,1,FP1-F7,bistable_driven_regularity,eeg_component,0.1,2,1,432724919376054970,bistable hysteresis; CV sample SD; five intervals,1.0,5.334184991787283,6.092521170559766,local target-band PSD ratio; control is noise-only,0.0,sqrt(2Ddt),-1.0,3.0,0,0,0,1,,,False,insufficient_intervals,2.879542266657966,2.4546427251293164,-0.7583361787724829,4,True
chb08,chb08_21.edf,2140.0,2144.0,1,FP1-F7,bistable_driven_regularity,eeg_component,0.1,2,2,4096820444594902719,bistable hysteresis; CV sample SD; five intervals,1.0,-2.7719068358633985,6.092521170559766,local target-band PSD ratio; control is noise-only,0.0,sqrt(2Ddt),-1.0,3.0,0,0,0,1,,,False,insufficient_intervals,2.879542266657966,-5.651449102521365,-8.864428006423164,4,True
chb08,chb08_21.edf,2140.0,2144.0,1,FP1-F7,bistable_driven_regularity,eeg_component,0.5,2,0,2905568787839655025,bistable hysteresis; CV sample SD; five intervals,1.0,-1.0926726498171069,6.092521170559766,local target-band PSD ratio; control is noise-only,0.0,sqrt(2Ddt),-1.0,3.0,0,0,0,1,,,False,insufficient_intervals,2.879542266657966,-3.972214916475073,-7.185193820376872,4,True
chb08,chb08_21.edf,2140.0,2144.0,1,FP1-F7,bistable_driven_regularity,eeg_component,0.5,2,1,432724919376054970,bistable hysteresis; CV sample SD; five intervals,1.0,6.4697572650544775,6.092521170559766,local target-band PSD ratio; control is noise-only,0.0,sqrt(2Ddt),-1.0,3.0,0,0,0,1,,,False,insufficient_intervals,2.879542266657966,3.590214998396511,0.3772360944947115,4,True
chb08,chb08_21.edf,2140.0,2144.0,1,FP1-F7,bistable_driven_regularity,eeg_component,0.5,2,2,4096820444594902719,bistable hysteresis; CV sample SD; five intervals,1.0,-5.137831547687765,6.092521170559766,local target-band PSD ratio; control is noise-only,0.0,sqrt(2Ddt),-1.0,3.0,1,0,0,1,,,False,insufficient_intervals,2.879542266657966,-8.017373814345731,-11.23035271824753,4,True
chb08,chb08_21.edf,2140.0,2144.0,1,FP1-F7,bistable_driven_regularity,eeg_component,2.0,2,0,2905568787839655025,bistable hysteresis; CV sample SD; five intervals,1.0,-2.8964281156050307,6.092521170559766,local target-band PSD ratio; control is noise-only,0.0,sqrt(2Ddt),-1.0,3.0,2,1,0,1,,,False,insufficient_intervals,2.879542266657966,-5.775970382262997,-8.988949286164797,4,True
chb08,chb08_21.edf,2140.0,2144.0,1,FP1-F7,bistable_driven_regularity,eeg_component,2.0,2,1,432724919376054970,bistable hysteresis; CV sample SD; five intervals,1.0,6.647990641383018,6.092521170559766,local target-band PSD ratio; control is noise-only,0.0,sqrt(2Ddt),-1.0,3.0,2,1,0,1,,,False,insufficient_intervals,2.879542266657966,3.7684483747250512,0.5554694708232519,4,True
chb08,chb08_21.edf,2140.0,2144.0,1,FP1-F7,bistable_driven_regularity,eeg_component,2.0,2,2,4096820444594902719,bistable hysteresis; CV sample SD; five intervals,1.0,-0.3639773707633634,6.092521170559766,local target-band PSD ratio; control is noise-only,0.0,sqrt(2Ddt),-1.0,3.0,3,2,0,1,,,False,insufficient_intervals,2.879542266657966,-3.24351963742133,-6.456498541323129,4,True
chb08,chb08_21.edf,2140.0,2144.0,1,FP1-F7,bistable_driven_regularity,no_external_drive,0.0,1,0,3455556794382999071,bistable hysteresis; CV sample SD; five intervals,1.0,,,local target-band PSD ratio; control is noise-only,0.0,sqrt(2Ddt),-1.0,3.0,0,0,0,1,,,False,insufficient_intervals,,,,4,False
chb08,chb08_21.edf,2140.0,2144.0,1,FP1-F7,bistable_driven_regularity,no_external_drive,0.0,1,1,11383262729531432962,bistable hysteresis; CV sample SD; five intervals,1.0,,,local target-band PSD ratio; control is noise-only,0.0,sqrt(2Ddt),-1.0,3.0,0,0,0,1,,,False,insufficient_intervals,,,,4,False
chb08,chb08_21.edf,2140.0,2144.0,1,FP1-F7,bistable_driven_regularity,no_external_drive,0.0,1,2,12286230788570882037,bistable hysteresis; CV sample SD; five intervals,1.0,,,local target-band PSD ratio; control is noise-only,0.0,sqrt(2Ddt),-1.0,3.0,0,0,0,1,,,False,insufficient_intervals,,,,4,False
chb08,chb08_21.edf,2140.0,2144.0,1,FP1-F7,bistable_driven_regularity,no_external_drive,0.1,1,0,3455556794382999071,bistable hysteresis; CV sample SD; five intervals,1.0,-11.57985924840206,,local target-band PSD ratio; control is noise-only,0.0,sqrt(2Ddt),-1.0,3.0,0,0,0,1,,,False,insufficient_intervals,,,,4,False
chb08,chb08_21.edf,2140.0,2144.0,1,FP1-F7,bistable_driven_regularity,no_external_drive,0.1,1,1,11383262729531432962,bistable hysteresis; CV sample SD; five intervals,1.0,1.39535662447432,,local target-band PSD ratio; control is noise-only,0.0,sqrt(2Ddt),-1.0,3.0,0,0,0,1,,,False,insufficient_intervals,,,,4,False
chb08,chb08_21.edf,2140.0,2144.0,1,FP1-F7,bistable_driven_regularity,no_external_drive,0.1,1,2,12286230788570882037,bistable hysteresis; CV sample SD; five intervals,1.0,-22.01034066231184,,local target-band PSD ratio; control is noise-only,0.0,sqrt(2Ddt),-1.0,3.0,0,0,0,1,,,False,insufficient_intervals,,,,4,False
chb08,chb08_21.edf,2140.0,2144.0,1,FP1-F7,bistable_driven_regularity,no_external_drive,0.5,1,0,3455556794382999071,bistable hysteresis; CV sample SD; five intervals,1.0,-11.10831105179951,,local target-band PSD ratio; control is noise-only,0.0,sqrt(2Ddt),-1.0,3.0,0,0,0,1,,,False,insufficient_intervals,,,,4,False
chb08,chb08_21.edf,2140.0,2144.0,1,FP1-F7,bistable_driven_regularity,no_external_drive,0.5,1,1,11383262729531432962,bistable hysteresis; CV sample SD; five intervals,1.0,0.6261768454607095,,local target-band PSD ratio; control is noise-only,0.0,sqrt(2Ddt),-1.0,3.0,2,1,0,1,,,False,insufficient_intervals,,,,4,False
chb08,chb08_21.edf,2140.0,2144.0,1,FP1-F7,bistable_driven_regularity,no_external_drive,0.5,1,2,12286230788570882037,bistable hysteresis; CV sample SD; five intervals,1.0,-18.229631368587864,,local target-band PSD ratio; control is noise-only,0.0,sqrt(2Ddt),-1.0,3.0,3,2,0,1,,,False,insufficient_intervals,,,,4,False
chb08,chb08_21.edf,2140.0,2144.0,1,FP1-F7,bistable_driven_regularity,no_external_drive,2.0,1,0,3455556794382999071,bistable hysteresis; CV sample SD; five intervals,1.0,-8.431040830651055,,local target-band PSD ratio; control is noise-only,0.0,sqrt(2Ddt),-1.0,3.0,5,4,0,1,,,False,insufficient_intervals,,,,4,False
chb08,chb08_21.edf,2140.0,2144.0,1,FP1-F7,bistable_driven_regularity,no_external_drive,2.0,1,1,11383262729531432962,bistable hysteresis; CV sample SD; five intervals,1.0,2.2368260493282164,,local target-band PSD ratio; control is noise-only,0.0,sqrt(2Ddt),-1.0,3.0,2,1,0,1,,,False,insufficient_intervals,,,,4,False
chb08,chb08_21.edf,2140.0,2144.0,1,FP1-F7,bistable_driven_regularity,no_external_drive,2.0,1,2,12286230788570882037,bistable hysteresis; CV sample SD; five intervals,1.0,-16.772246343824182,,local target-band PSD ratio; control is noise-only,0.0,sqrt(2Ddt),-1.0,3.0,3,2,0,1,,,False,insufficient_intervals,,,,4,False
chb08,chb08_21.edf,2140.0,2144.0,1,FP1-F7,bistable_driven_regularity,no_external_drive,0.0,2,0,2905568787839655025,bistable hysteresis; CV sample SD; five intervals,1.0,,,local target-band PSD ratio; control is noise-only,0.0,sqrt(2Ddt),-1.0,3.0,0,0,0,1,,,False,insufficient_intervals,,,,4,False
chb08,chb08_21.edf,2140.0,2144.0,1,FP1-F7,bistable_driven_regularity,no_external_drive,0.0,2,1,432724919376054970,bistable hysteresis; CV sample SD; five intervals,1.0,,,local target-band PSD ratio; control is noise-only,0.0,sqrt(2Ddt),-1.0,3.0,0,0,0,1,,,False,insufficient_intervals,,,,4,False
chb08,chb08_21.edf,2140.0,2144.0,1,FP1-F7,bistable_driven_regularity,no_external_drive,0.0,2,2,4096820444594902719,bistable hysteresis; CV sample SD; five intervals,1.0,,,local target-band PSD ratio; control is noise-only,0.0,sqrt(2Ddt),-1.0,3.0,0,0,0,1,,,False,insufficient_intervals,,,,4,False
chb08,chb08_21.edf,2140.0,2144.0,1,FP1-F7,bistable_driven_regularity,no_external_drive,0.1,2,0,2905568787839655025,bistable hysteresis; CV sample SD; five intervals,1.0,-0.2415739647445278,,local target-band PSD ratio; control is noise-only,0.0,sqrt(2Ddt),-1.0,3.0,0,0,0,1,,,False,insufficient_intervals,,,,4,False
chb08,chb08_21.edf,2140.0,2144.0,1,FP1-F7,bistable_driven_regularity,no_external_drive,0.1,2,1,432724919376054970,bistable hysteresis; CV sample SD; five intervals,1.0,7.673253113796555,,local target-band PSD ratio; control is noise-only,0.0,sqrt(2Ddt),-1.0,3.0,0,0,0,1,,,False,insufficient_intervals,,,,4,False
chb08,chb08_21.edf,2140.0,2144.0,1,FP1-F7,bistable_driven_regularity,no_external_drive,0.1,2,2,4096820444594902719,bistable hysteresis; CV sample SD; five intervals,1.0,-3.7411176899197063,,local target-band PSD ratio; control is noise-only,0.0,sqrt(2Ddt),-1.0,3.0,0,0,0,1,,,False,insufficient_intervals,,,,4,False
chb08,chb08_21.edf,2140.0,2144.0,1,FP1-F7,bistable_driven_regularity,no_external_drive,0.5,2,0,2905568787839655025,bistable hysteresis; CV sample SD; five intervals,1.0,-1.2215406499705586,,local target-band PSD ratio; control is noise-only,0.0,sqrt(2Ddt),-1.0,3.0,0,0,0,1,,,False,insufficient_intervals,,,,4,False
chb08,chb08_21.edf,2140.0,2144.0,1,FP1-F7,bistable_driven_regularity,no_external_drive,0.5,2,1,432724919376054970,bistable hysteresis; CV sample SD; five intervals,1.0,7.453456900903529,,local target-band PSD ratio; control is noise-only,0.0,sqrt(2Ddt),-1.0,3.0,0,0,0,1,,,False,insufficient_intervals,,,,4,False
chb08,chb08_21.edf,2140.0,2144.0,1,FP1-F7,bistable_driven_regularity,no_external_drive,0.5,2,2,4096820444594902719,bistable hysteresis; CV sample SD; five intervals,1.0,-5.35989128458225,,local target-band PSD ratio; control is noise-only,0.0,sqrt(2Ddt),-1.0,3.0,1,0,0,1,,,False,insufficient_intervals,,,,4,False
chb08,chb08_21.edf,2140.0,2144.0,1,FP1-F7,bistable_driven_regularity,no_external_drive,2.0,2,0,2905568787839655025,bistable hysteresis; CV sample SD; five intervals,1.0,-2.7793853557591355,,local target-band PSD ratio; control is noise-only,0.0,sqrt(2Ddt),-1.0,3.0,2,1,0,1,,,False,insufficient_intervals,,,,4,False
chb08,chb08_21.edf,2140.0,2144.0,1,FP1-F7,bistable_driven_regularity,no_external_drive,2.0,2,1,432724919376054970,bistable hysteresis; CV sample SD; five intervals,1.0,7.2068336120150525,,local target-band PSD ratio; control is noise-only,0.0,sqrt(2Ddt),-1.0,3.0,2,1,0,1,,,False,insufficient_intervals,,,,4,False
chb08,chb08_21.edf,2140.0,2144.0,1,FP1-F7,bistable_driven_regularity,no_external_drive,2.0,2,2,4096820444594902719,bistable hysteresis; CV sample SD; five intervals,1.0,-0.6974520156803818,,local target-band PSD ratio; control is noise-only,0.0,sqrt(2Ddt),-1.0,3.0,3,2,0,1,,,False,insufficient_intervals,,,,4,False
chb08,chb08_21.edf,2140.0,2144.0,1,FP1-F7,fhn_sde,eeg_component,0.0,1,0,11470831439718158010,FHN mean+SD peaks; >=0.2s intervals; CV population SD; three intervals,1.0,1.1128940181498743,6.092521170559766,local target-band PSD ratio; control is noise-only,0.0,sde,,,1,0,0,0,,,False,insufficient_intervals,1.1128940181498743,0.0,-4.979627152409892,4,True
chb08,chb08_21.edf,2140.0,2144.0,1,FP1-F7,fhn_sde,eeg_component,0.0,1,1,4621335362385912673,FHN mean+SD peaks; >=0.2s intervals; CV population SD; three intervals,1.0,1.1128940181498743,6.092521170559766,local target-band PSD ratio; control is noise-only,0.0,sde,,,1,0,0,0,,,False,insufficient_intervals,1.1128940181498743,0.0,-4.979627152409892,4,True
chb08,chb08_21.edf,2140.0,2144.0,1,FP1-F7,fhn_sde,eeg_component,0.0,1,2,12624524378241472309,FHN mean+SD peaks; >=0.2s intervals; CV population SD; three intervals,1.0,1.1128940181498743,6.092521170559766,local target-band PSD ratio; control is noise-only,0.0,sde,,,1,0,0,0,,,False,insufficient_intervals,1.1128940181498743,0.0,-4.979627152409892,4,True
chb08,chb08_21.edf,2140.0,2144.0,1,FP1-F7,fhn_sde,eeg_component,0.1,1,0,11470831439718158010,FHN mean+SD peaks; >=0.2s intervals; CV population SD; three intervals,1.0,-2.824499323886161,6.092521170559766,local target-band PSD ratio; control is noise-only,0.0,sde,,,5,4,0,0,0.8402827780725939,1.1900755627691892,True,ok,1.1128940181498743,-3.937393342036035,-8.917020494445927,4,True
chb08,chb08_21.edf,2140.0,2144.0,1,FP1-F7,fhn_sde,eeg_component,0.1,1,1,4621335362385912673,FHN mean+SD peaks; >=0.2s intervals; CV population SD; three intervals,1.0,-11.137292054446483,6.092521170559766,local target-band PSD ratio; control is noise-only,0.0,sde,,,5,4,0,0,1.0293203351804563,0.9715148587098338,True,ok,1.1128940181498743,-12.250186072596357,-17.22981322500625,4,True
chb08,chb08_21.edf,2140.0,2144.0,1,FP1-F7,fhn_sde,eeg_component,0.1,1,2,12624524378241472309,FHN mean+SD peaks; >=0.2s intervals; CV population SD; three intervals,1.0,-3.1063526220850504,6.092521170559766,local target-band PSD ratio; control is noise-only,0.0,sde,,,5,4,0,0,1.0360353357718224,0.9652180437021708,True,ok,1.1128940181498743,-4.219246640234925,-9.198873792644816,4,True
chb08,chb08_21.edf,2140.0,2144.0,1,FP1-F7,fhn_sde,eeg_component,0.5,1,0,11470831439718158010,FHN mean+SD peaks; >=0.2s intervals; CV population SD; three intervals,1.0,-4.327012089303032,6.092521170559766,local target-band PSD ratio; control is noise-only,0.0,sde,,,7,6,0,0,0.4706933792465568,2.1245253153989743,True,ok,1.1128940181498743,-5.439906107452906,-10.419533259862796,4,True
chb08,chb08_21.edf,2140.0,2144.0,1,FP1-F7,fhn_sde,eeg_component,0.5,1,1,4621335362385912673,FHN mean+SD peaks; >=0.2s intervals; CV population SD; three intervals,1.0,-5.559470914109552,6.092521170559766,local target-band PSD ratio; control is noise-only,0.0,sde,,,3,2,0,0,,,False,insufficient_intervals,1.1128940181498743,-6.672364932259426,-11.651992084669317,4,True
chb08,chb08_21.edf,2140.0,2144.0,1,FP1-F7,fhn_sde,eeg_component,0.5,1,2,12624524378241472309,FHN mean+SD peaks; >=0.2s intervals; CV population SD; three intervals,1.0,-4.479048138464531,6.092521170559766,local target-band PSD ratio; control is noise-only,0.0,sde,,,7,5,1,0,0.964942815067098,1.0363308419789252,True,ok,1.1128940181498743,-5.591942156614405,-10.571569309024298,4,True
chb08,chb08_21.edf,2140.0,2144.0,1,FP1-F7,fhn_sde,eeg_component,2.0,1,0,11470831439718158010,FHN mean+SD peaks; >=0.2s intervals; CV population SD; three intervals,1.0,-4.033743992835678,6.092521170559766,local target-band PSD ratio; control is noise-only,0.0,sde,,,5,4,0,0,0.639490040906681,1.5637460101523726,True,ok,1.1128940181498743,-5.146638010985552,-10.126265163395445,4,True
chb08,chb08_21.edf,2140.0,2144.0,1,FP1-F7,fhn_sde,eeg_component,2.0,1,1,4621335362385912673,FHN mean+SD peaks; >=0.2s intervals; CV population SD; three intervals,1.0,-3.93696732708305,6.092521170559766,local target-band PSD ratio; control is noise-only,0.0,sde,,,5,4,0,0,0.5546952984481125,1.8027915556481724,True,ok,1.1128940181498743,-5.049861345232925,-10.029488497642816,4,True
chb08,chb08_21.edf,2140.0,2144.0,1,FP1-F7,fhn_sde,eeg_component,2.0,1,2,12624524378241472309,FHN mean+SD peaks; >=0.2s intervals; CV population SD; three intervals,1.0,-5.930567248924311,6.092521170559766,local target-band PSD ratio; control is noise-only,0.0,sde,,,6,4,1,0,1.123458016216531,0.8901089186827822,True,ok,1.1128940181498743,-7.043461267074186,-12.023088419484075,4,True
chb08,chb08_21.edf,2140.0,2144.0,1,FP1-F7,fhn_sde,eeg_component,0.0,2,0,9402335511040766655,FHN mean+SD peaks; >=0.2s intervals; CV population SD; three intervals,1.0,1.1116525137413822,6.092521170559766,local target-band PSD ratio; control is noise-only,0.0,sde,,,1,0,0,0,,,False,insufficient_intervals,1.1116525137413822,0.0,-4.980868656818384,4,True
chb08,chb08_21.edf,2140.0,2144.0,1,FP1-F7,fhn_sde,eeg_component,0.0,2,1,9439229488520533140,FHN mean+SD peaks; >=0.2s intervals; CV population SD; three intervals,1.0,1.1116525137413822,6.092521170559766,local target-band PSD ratio; control is noise-only,0.0,sde,,,1,0,0,0,,,False,insufficient_intervals,1.1116525137413822,0.0,-4.980868656818384,4,True
chb08,chb08_21.edf,2140.0,2144.0,1,FP1-F7,fhn_sde,eeg_component,0.0,2,2,9725441191095363844,FHN mean+SD peaks; >=0.2s intervals; CV population SD; three intervals,1.0,1.1116525137413822,6.092521170559766,local target-band PSD ratio; control is noise-only,0.0,sde,,,1,0,0,0,,,False,insufficient_intervals,1.1116525137413822,0.0,-4.980868656818384,4,True
chb08,chb08_21.edf,2140.0,2144.0,1,FP1-F7,fhn_sde,eeg_component,0.1,2,0,9402335511040766655,FHN mean+SD peaks; >=0.2s intervals; CV population SD; three intervals,1.0,-17.4346886372557,6.092521170559766,local target-band PSD ratio; control is noise-only,0.0,sde,,,2,1,0,0,,,False,insufficient_intervals,1.1116525137413822,-18.546341150997083,-23.527209807815467,4,True
chb08,chb08_21.edf,2140.0,2144.0,1,FP1-F7,fhn_sde,eeg_component,0.1,2,1,9439229488520533140,FHN mean+SD peaks; >=0.2s intervals; CV population SD; three intervals,1.0,6.0711606653637045,6.092521170559766,local target-band PSD ratio; control is noise-only,0.0,sde,,,5,4,0,0,1.129422391893511,0.8854083354266331,True,ok,1.1116525137413822,4.959508151622322,-0.0213605051960614,4,True
chb08,chb08_21.edf,2140.0,2144.0,1,FP1-F7,fhn_sde,eeg_component,0.1,2,2,9725441191095363844,FHN mean+SD peaks; >=0.2s intervals; CV population SD; three intervals,1.0,-1.2289832375254393,6.092521170559766,local target-band PSD ratio; control is noise-only,0.0,sde,,,3,2,0,0,,,False,insufficient_intervals,1.1116525137413822,-2.340635751266821,-7.321504408085206,4,True
chb08,chb08_21.edf,2140.0,2144.0,1,FP1-F7,fhn_sde,eeg_component,0.5,2,0,9402335511040766655,FHN mean+SD peaks; >=0.2s intervals; CV population SD; three intervals,1.0,-9.08266692117913,6.092521170559766,local target-band PSD ratio; control is noise-only,0.0,sde,,,4,3,0,0,0.3694538565301827,2.7066979605836226,True,ok,1.1116525137413822,-10.194319434920512,-15.175188091738896,4,True
chb08,chb08_21.edf,2140.0,2144.0,1,FP1-F7,fhn_sde,eeg_component,0.5,2,1,9439229488520533140,FHN mean+SD peaks; >=0.2s intervals; CV population SD; three intervals,1.0,5.838429236101295,6.092521170559766,local target-band PSD ratio; control is noise-only,0.0,sde,,,5,4,0,0,0.5972401465879319,1.6743683520156152,True,ok,1.1116525137413822,4.726776722359912,-0.2540919344584713,4,True
chb08,chb08_21.edf,2140.0,2144.0,1,FP1-F7,fhn_sde,eeg_component,0.5,2,2,9725441191095363844,FHN mean+SD peaks; >=0.2s intervals; CV population SD; three intervals,1.0,-3.900813742121602,6.092521170559766,local target-band PSD ratio; control is noise-only,0.0,sde,,,5,4,0,0,0.2045031091132289,4.8899012065695375,True,ok,1.1116525137413822,-5.012466255862984,-9.993334912681368,4,True
chb08,chb08_21.edf,2140.0,2144.0,1,FP1-F7,fhn_sde,eeg_component,2.0,2,0,9402335511040766655,FHN mean+SD peaks; >=0.2s intervals; CV population SD; three intervals,1.0,-8.590001158535864,6.092521170559766,local target-band PSD ratio; control is noise-only,0.0,sde,,,6,5,0,0,0.4247681927230777,2.3542252389221088,True,ok,1.1116525137413822,-9.701653672277246,-14.68252232909563,4,True
chb08,chb08_21.edf,2140.0,2144.0,1,FP1-F7,fhn_sde,eeg_component,2.0,2,1,9439229488520533140,FHN mean+SD peaks; >=0.2s intervals; CV population SD; three intervals,1.0,5.270490370222115,6.092521170559766,local target-band PSD ratio; control is noise-only,0.0,sde,,,3,2,0,0,,,False,insufficient_intervals,1.1116525137413822,4.158837856480733,-0.8220308003376511,4,True
chb08,chb08_21.edf,2140.0,2144.0,1,FP1-F7,fhn_sde,eeg_component,2.0,2,2,9725441191095363844,FHN mean+SD peaks; >=0.2s intervals; CV population SD; three intervals,1.0,-3.145246337230147,6.092521170559766,local target-band PSD ratio; control is noise-only,0.0,sde,,,4,3,0,0,0.2375668793398488,4.209340977070547,True,ok,1.1116525137413822,-4.256898850971529,-9.237767507789911,4,True
chb08,chb08_21.edf,2140.0,2144.0,1,FP1-F7,fhn_sde,no_external_drive,0.0,1,0,11470831439718158010,FHN mean+SD peaks; >=0.2s intervals; CV population SD; three intervals,1.0,-23.340004008745066,,local target-band PSD ratio; control is noise-only,0.0,sde,,,0,0,0,0,,,False,insufficient_intervals,-23.340004008745066,0.0,,4,True
chb08,chb08_21.edf,2140.0,2144.0,1,FP1-F7,fhn_sde,no_external_drive,0.0,1,1,4621335362385912673,FHN mean+SD peaks; >=0.2s intervals; CV population SD; three intervals,1.0,-23.340004008745066,,local target-band PSD ratio; control is noise-only,0.0,sde,,,0,0,0,0,,,False,insufficient_intervals,-23.340004008745066,0.0,,4,True
chb08,chb08_21.edf,2140.0,2144.0,1,FP1-F7,fhn_sde,no_external_drive,0.0,1,2,12624524378241472309,FHN mean+SD peaks; >=0.2s intervals; CV population SD; three intervals,1.0,-23.340004008745066,,local target-band PSD ratio; control is noise-only,0.0,sde,,,0,0,0,0,,,False,insufficient_intervals,-23.340004008745066,0.0,,4,True
chb08,chb08_21.edf,2140.0,2144.0,1,FP1-F7,fhn_sde,no_external_drive,0.1,1,0,11470831439718158010,FHN mean+SD peaks; >=0.2s intervals; CV population SD; three intervals,1.0,-2.0469609113008147,,local target-band PSD ratio; control is noise-only,0.0,sde,,,7,6,0,0,0.6688043898748972,1.4952054967627446,True,ok,-23.340004008745066,21.293043097444247,,4,True
chb08,chb08_21.edf,2140.0,2144.0,1,FP1-F7,fhn_sde,no_external_drive,0.1,1,1,4621335362385912673,FHN mean+SD peaks; >=0.2s intervals; CV population SD; three intervals,1.0,-1.105995167228676,,local target-band PSD ratio; control is noise-only,0.0,sde,,,6,5,0,0,0.4960661818913064,2.0158600535666245,True,ok,-23.340004008745066,22.234008841516385,,4,True
chb08,chb08_21.edf,2140.0,2144.0,1,FP1-F7,fhn_sde,no_external_drive,0.1,1,2,12624524378241472309,FHN mean+SD peaks; >=0.2s intervals; CV population SD; three intervals,1.0,-6.69795000396808,,local target-band PSD ratio; control is noise-only,0.0,sde,,,7,5,1,0,0.963343164536008,1.03805169000358,True,ok,-23.340004008745066,16.64205400477698,,4,True
chb08,chb08_21.edf,2140.0,2144.0,1,FP1-F7,fhn_sde,no_external_drive,0.5,1,0,11470831439718158010,FHN mean+SD peaks; >=0.2s intervals; CV population SD; three intervals,1.0,-2.614808281787182,,local target-band PSD ratio; control is noise-only,0.0,sde,,,7,6,0,0,0.4706933792465568,2.1245253153989743,True,ok,-23.340004008745066,20.72519572695788,,4,True
chb08,chb08_21.edf,2140.0,2144.0,1,FP1-F7,fhn_sde,no_external_drive,0.5,1,1,4621335362385912673,FHN mean+SD peaks; >=0.2s intervals; CV population SD; three intervals,1.0,-2.0575165610534034,,local target-band PSD ratio; control is noise-only,0.0,sde,,,5,4,0,0,0.5455581896374936,1.8329850398991696,True,ok,-23.340004008745066,21.282487447691658,,4,True
chb08,chb08_21.edf,2140.0,2144.0,1,FP1-F7,fhn_sde,no_external_drive,0.5,1,2,12624524378241472309,FHN mean+SD peaks; >=0.2s intervals; CV population SD; three intervals,1.0,-6.551881734405938,,local target-band PSD ratio; control is noise-only,0.0,sde,,,7,5,1,0,0.964942815067098,1.0363308419789252,True,ok,-23.340004008745066,16.788122274339123,,4,True
chb08,chb08_21.edf,2140.0,2144.0,1,FP1-F7,fhn_sde,no_external_drive,2.0,1,0,11470831439718158010,FHN mean+SD peaks; >=0.2s intervals; CV population SD; three intervals,1.0,-2.795664282045865,,local target-band PSD ratio; control is noise-only,0.0,sde,,,6,5,0,0,0.718581129928999,1.3916313111350518,True,ok,-23.340004008745066,20.5443397266992,,4,True
chb08,chb08_21.edf,2140.0,2144.0,1,FP1-F7,fhn_sde,no_external_drive,2.0,1,1,4621335362385912673,FHN mean+SD peaks; >=0.2s intervals; CV population SD; three intervals,1.0,-2.7106325698118794,,local target-band PSD ratio; control is noise-only,0.0,sde,,,5,4,0,0,0.5907258798912414,1.6928325540504678,True,ok,-23.340004008745066,20.629371438933184,,4,True
chb08,chb08_21.edf,2140.0,2144.0,1,FP1-F7,fhn_sde,no_external_drive,2.0,1,2,12624524378241472309,FHN mean+SD peaks; >=0.2s intervals; CV population SD; three intervals,1.0,-7.3805138280865235,,local target-band PSD ratio; control is noise-only,0.0,sde,,,7,5,1,0,1.289968874961225,0.7752125027280669,True,ok,-23.340004008745066,15.959490180658538,,4,True
chb08,chb08_21.edf,2140.0,2144.0,1,FP1-F7,fhn_sde,no_external_drive,0.0,2,0,9402335511040766655,FHN mean+SD peaks; >=0.2s intervals; CV population SD; three intervals,1.0,-23.338458312474533,,local target-band PSD ratio; control is noise-only,0.0,sde,,,0,0,0,0,,,False,insufficient_intervals,-23.338458312474533,0.0,,4,True
chb08,chb08_21.edf,2140.0,2144.0,1,FP1-F7,fhn_sde,no_external_drive,0.0,2,1,9439229488520533140,FHN mean+SD peaks; >=0.2s intervals; CV population SD; three intervals,1.0,-23.338458312474533,,local target-band PSD ratio; control is noise-only,0.0,sde,,,0,0,0,0,,,False,insufficient_intervals,-23.338458312474533,0.0,,4,True
chb08,chb08_21.edf,2140.0,2144.0,1,FP1-F7,fhn_sde,no_external_drive,0.0,2,2,9725441191095363844,FHN mean+SD peaks; >=0.2s intervals; CV population SD; three intervals,1.0,-23.338458312474533,,local target-band PSD ratio; control is noise-only,0.0,sde,,,0,0,0,0,,,False,insufficient_intervals,-23.338458312474533,0.0,,4,True
chb08,chb08_21.edf,2140.0,2144.0,1,FP1-F7,fhn_sde,no_external_drive,0.1,2,0,9402335511040766655,FHN mean+SD peaks; >=0.2s intervals; CV population SD; three intervals,1.0,-19.993230736346057,,local target-band PSD ratio; control is noise-only,0.0,sde,,,2,1,0,0,,,False,insufficient_intervals,-23.338458312474533,3.345227576128476,,4,True
chb08,chb08_21.edf,2140.0,2144.0,1,FP1-F7,fhn_sde,no_external_drive,0.1,2,1,9439229488520533140,FHN mean+SD peaks; >=0.2s intervals; CV population SD; three intervals,1.0,2.754086671095197,,local target-band PSD ratio; control is noise-only,0.0,sde,,,6,5,0,0,1.3250877512749724,0.7546670015158018,True,ok,-23.338458312474533,26.09254498356973,,4,True
chb08,chb08_21.edf,2140.0,2144.0,1,FP1-F7,fhn_sde,no_external_drive,0.1,2,2,9725441191095363844,FHN mean+SD peaks; >=0.2s intervals; CV population SD; three intervals,1.0,-3.024770171540349,,local target-band PSD ratio; control is noise-only,0.0,sde,,,4,3,0,0,0.2370576612198972,4.2183829657898695,True,ok,-23.338458312474533,20.313688140934183,,4,True
chb08,chb08_21.edf,2140.0,2144.0,1,FP1-F7,fhn_sde,no_external_drive,0.5,2,0,9402335511040766655,FHN mean+SD peaks; >=0.2s intervals; CV population SD; three intervals,1.0,-11.19616992870711,,local target-band PSD ratio; control is noise-only,0.0,sde,,,4,3,0,0,0.3694538565301827,2.7066979605836226,True,ok,-23.338458312474533,12.142288383767422,,4,True
chb08,chb08_21.edf,2140.0,2144.0,1,FP1-F7,fhn_sde,no_external_drive,0.5,2,1,9439229488520533140,FHN mean+SD peaks; >=0.2s intervals; CV population SD; three intervals,1.0,4.078384715832012,,local target-band PSD ratio; control is noise-only,0.0,sde,,,5,4,0,0,0.5865798362009588,1.7047977756559056,True,ok,-23.338458312474533,27.416843028306545,,4,True
chb08,chb08_21.edf,2140.0,2144.0,1,FP1-F7,fhn_sde,no_external_drive,0.5,2,2,9725441191095363844,FHN mean+SD peaks; >=0.2s intervals; CV population SD; three intervals,1.0,-5.007408445522193,,local target-band PSD ratio; control is noise-only,0.0,sde,,,5,4,0,0,0.2045031091132289,4.8899012065695375,True,ok,-23.338458312474533,18.33104986695234,,4,True
chb08,chb08_21.edf,2140.0,2144.0,1,FP1-F7,fhn_sde,no_external_drive,2.0,2,0,9402335511040766655,FHN mean+SD peaks; >=0.2s intervals; CV population SD; three intervals,1.0,-10.067364650350584,,local target-band PSD ratio; control is noise-only,0.0,sde,,,6,5,0,0,0.4247681927230777,2.3542252389221088,True,ok,-23.338458312474533,13.271093662123947,,4,True
chb08,chb08_21.edf,2140.0,2144.0,1,FP1-F7,fhn_sde,no_external_drive,2.0,2,1,9439229488520533140,FHN mean+SD peaks; >=0.2s intervals; CV population SD; three intervals,1.0,4.3893899631184965,,local target-band PSD ratio; control is noise-only,0.0,sde,,,3,2,0,0,,,False,insufficient_intervals,-23.338458312474533,27.72784827559303,,4,True
chb08,chb08_21.edf,2140.0,2144.0,1,FP1-F7,fhn_sde,no_external_drive,2.0,2,2,9725441191095363844,FHN mean+SD peaks; >=0.2s intervals; CV population SD; three intervals,1.0,-3.4742933967460887,,local target-band PSD ratio; control is noise-only,0.0,sde,,,4,3,0,0,0.3421660807501478,2.9225573669010383,True,ok,-23.338458312474533,19.864164915728445,,4,True
chb01,chb01_03.edf,0.0,10.0,0,FP1-F7,bistable_driven_regularity,eeg_component,0.0,1,0,11304019352729495866,bistable hysteresis; CV sample SD; five intervals,1.0,12.73626702035121,11.236068963744197,local target-band PSD ratio; control is noise-only,0.0,sqrt(2Ddt),-1.0,3.0,0,0,0,1,,,False,insufficient_intervals,12.73626702035121,0.0,1.5001980566070152,10,True
chb01,chb01_03.edf,0.0,10.0,0,FP1-F7,bistable_driven_regularity,eeg_component,0.0,1,1,12186661973940802804,bistable hysteresis; CV sample SD; five intervals,1.0,12.73626702035121,11.236068963744197,local target-band PSD ratio; control is noise-only,0.0,sqrt(2Ddt),-1.0,3.0,0,0,0,1,,,False,insufficient_intervals,12.73626702035121,0.0,1.5001980566070152,10,True
chb01,chb01_03.edf,0.0,10.0,0,FP1-F7,bistable_driven_regularity,eeg_component,0.0,1,2,6258755330517710887,bistable hysteresis; CV sample SD; five intervals,1.0,12.73626702035121,11.236068963744197,local target-band PSD ratio; control is noise-only,0.0,sqrt(2Ddt),-1.0,3.0,0,0,0,1,,,False,insufficient_intervals,12.73626702035121,0.0,1.5001980566070152,10,True
chb01,chb01_03.edf,0.0,10.0,0,FP1-F7,bistable_driven_regularity,eeg_component,0.1,1,0,11304019352729495866,bistable hysteresis; CV sample SD; five intervals,1.0,0.0340706535653083,11.236068963744197,local target-band PSD ratio; control is noise-only,0.0,sqrt(2Ddt),-1.0,3.0,0,0,0,1,,,False,insufficient_intervals,12.73626702035121,-12.702196366785902,-11.201998310178888,10,True
chb01,chb01_03.edf,0.0,10.0,0,FP1-F7,bistable_driven_regularity,eeg_component,0.1,1,1,12186661973940802804,bistable hysteresis; CV sample SD; five intervals,1.0,0.4520688848240911,11.236068963744197,local target-band PSD ratio; control is noise-only,0.0,sqrt(2Ddt),-1.0,3.0,0,0,0,1,,,False,insufficient_intervals,12.73626702035121,-12.284198135527118,-10.784000078920103,10,True
chb01,chb01_03.edf,0.0,10.0,0,FP1-F7,bistable_driven_regularity,eeg_component,0.1,1,2,6258755330517710887,bistable hysteresis; CV sample SD; five intervals,1.0,-7.354920968327136,11.236068963744197,local target-band PSD ratio; control is noise-only,0.0,sqrt(2Ddt),-1.0,3.0,0,0,0,1,,,False,insufficient_intervals,12.73626702035121,-20.091187988678342,-18.59098993207133,10,True
chb01,chb01_03.edf,0.0,10.0,0,FP1-F7,bistable_driven_regularity,eeg_component,0.5,1,0,11304019352729495866,bistable hysteresis; CV sample SD; five intervals,1.0,-1.7030443556444124,11.236068963744197,local target-band PSD ratio; control is noise-only,0.0,sqrt(2Ddt),-1.0,3.0,8,7,0,1,1.0406140611164056,0.960971062535102,True,ok,12.73626702035121,-14.439311375995622,-12.939113319388609,10,True
chb01,chb01_03.edf,0.0,10.0,0,FP1-F7,bistable_driven_regularity,eeg_component,0.5,1,1,12186661973940802804,bistable hysteresis; CV sample SD; five intervals,1.0,-3.3381723765509896,11.236068963744197,local target-band PSD ratio; control is noise-only,0.0,sqrt(2Ddt),-1.0,3.0,3,2,0,1,,,False,insufficient_intervals,12.73626702035121,-16.0744393969022,-14.574241340295185,10,True
chb01,chb01_03.edf,0.0,10.0,0,FP1-F7,bistable_driven_regularity,eeg_component,0.5,1,2,6258755330517710887,bistable hysteresis; CV sample SD; five intervals,1.0,-7.542625299972431,11.236068963744197,local target-band PSD ratio; control is noise-only,0.0,sqrt(2Ddt),-1.0,3.0,3,2,0,1,,,False,insufficient_intervals,12.73626702035121,-20.27889232032364,-18.778694263716627,10,True
chb01,chb01_03.edf,0.0,10.0,0,FP1-F7,bistable_driven_regularity,eeg_component,2.0,1,0,11304019352729495866,bistable hysteresis; CV sample SD; five intervals,1.0,-0.7301103807392111,11.236068963744197,local target-band PSD ratio; control is noise-only,0.0,sqrt(2Ddt),-1.0,3.0,12,11,0,1,0.6286839501991558,1.5906243505710904,True,ok,12.73626702035121,-13.46637740109042,-11.966179344483406,10,True
chb01,chb01_03.edf,0.0,10.0,0,FP1-F7,bistable_driven_regularity,eeg_component,2.0,1,1,12186661973940802804,bistable hysteresis; CV sample SD; five intervals,1.0,-0.3896548232032462,11.236068963744197,local target-band PSD ratio; control is noise-only,0.0,sqrt(2Ddt),-1.0,3.0,12,11,0,1,1.0793491658680343,0.9264842477510786,True,ok,12.73626702035121,-13.125921843554456,-11.62572378694744,10,True
chb01,chb01_03.edf,0.0,10.0,0,FP1-F7,bistable_driven_regularity,eeg_component,2.0,1,2,6258755330517710887,bistable hysteresis; CV sample SD; five intervals,1.0,-5.341195505050898,11.236068963744197,local target-band PSD ratio; control is noise-only,0.0,sqrt(2Ddt),-1.0,3.0,12,11,0,1,0.9887525557866744,1.0113753882581642,True,ok,12.73626702035121,-18.077462525402108,-16.577264468795093,10,True
chb01,chb01_03.edf,0.0,10.0,0,FP1-F7,bistable_driven_regularity,eeg_component,0.0,2,0,9422344356864014506,bistable hysteresis; CV sample SD; five intervals,1.0,12.73662572308034,11.236068963744197,local target-band PSD ratio; control is noise-only,0.0,sqrt(2Ddt),-1.0,3.0,0,0,0,1,,,False,insufficient_intervals,12.73662572308034,0.0,1.5005567593361435,10,True
chb01,chb01_03.edf,0.0,10.0,0,FP1-F7,bistable_driven_regularity,eeg_component,0.0,2,1,15318821279060036402,bistable hysteresis; CV sample SD; five intervals,1.0,12.73662572308034,11.236068963744197,local target-band PSD ratio; control is noise-only,0.0,sqrt(2Ddt),-1.0,3.0,0,0,0,1,,,False,insufficient_intervals,12.73662572308034,0.0,1.5005567593361435,10,True
chb01,chb01_03.edf,0.0,10.0,0,FP1-F7,bistable_driven_regularity,eeg_component,0.0,2,2,1745580357121653389,bistable hysteresis; CV sample SD; five intervals,1.0,12.73662572308034,11.236068963744197,local target-band PSD ratio; control is noise-only,0.0,sqrt(2Ddt),-1.0,3.0,0,0,0,1,,,False,insufficient_intervals,12.73662572308034,0.0,1.5005567593361435,10,True
chb01,chb01_03.edf,0.0,10.0,0,FP1-F7,bistable_driven_regularity,eeg_component,0.1,2,0,9422344356864014506,bistable hysteresis; CV sample SD; five intervals,1.0,-3.8811967921168704,11.236068963744197,local target-band PSD ratio; control is noise-only,0.0,sqrt(2Ddt),-1.0,3.0,0,0,0,1,,,False,insufficient_intervals,12.73662572308034,-16.617822515197208,-15.117265755861066,10,True
chb01,chb01_03.edf,0.0,10.0,0,FP1-F7,bistable_driven_regularity,eeg_component,0.1,2,1,15318821279060036402,bistable hysteresis; CV sample SD; five intervals,1.0,2.269852742813736,11.236068963744197,local target-band PSD ratio; control is noise-only,0.0,sqrt(2Ddt),-1.0,3.0,0,0,0,1,,,False,insufficient_intervals,12.73662572308034,-10.466772980266605,-8.966216220930459,10,True
chb01,chb01_03.edf,0.0,10.0,0,FP1-F7,bistable_driven_regularity,eeg_component,0.1,2,2,1745580357121653389,bistable hysteresis; CV sample SD; five intervals,1.0,-2.699101674207763,11.236068963744197,local target-band PSD ratio; control is noise-only,0.0,sqrt(2Ddt),-1.0,3.0,0,0,0,1,,,False,insufficient_intervals,12.73662572308034,-15.4357273972881,-13.93517063795196,10,True
chb01,chb01_03.edf,0.0,10.0,0,FP1-F7,bistable_driven_regularity,eeg_component,0.5,2,0,9422344356864014506,bistable hysteresis; CV sample SD; five intervals,1.0,-5.616657115606865,11.236068963744197,local target-band PSD ratio; control is noise-only,0.0,sqrt(2Ddt),-1.0,3.0,2,1,0,1,,,False,insufficient_intervals,12.73662572308034,-18.353282838687203,-16.85272607935106,10,True
chb01,chb01_03.edf,0.0,10.0,0,FP1-F7,bistable_driven_regularity,eeg_component,0.5,2,1,15318821279060036402,bistable hysteresis; CV sample SD; five intervals,1.0,0.5061954164353278,11.236068963744197,local target-band PSD ratio; control is noise-only,0.0,sqrt(2Ddt),-1.0,3.0,4,3,0,1,,,False,insufficient_intervals,12.73662572308034,-12.230430306645012,-10.729873547308868,10,True
chb01,chb01_03.edf,0.0,10.0,0,FP1-F7,bistable_driven_regularity,eeg_component,0.5,2,2,1745580357121653389,bistable hysteresis; CV sample SD; five intervals,1.0,-6.174767109712747,11.236068963744197,local target-band PSD ratio; control is noise-only,0.0,sqrt(2Ddt),-1.0,3.0,2,1,0,1,,,False,insufficient_intervals,12.73662572308034,-18.911392832793084,-17.41083607345694,10,True
chb01,chb01_03.edf,0.0,10.0,0,FP1-F7,bistable_driven_regularity,eeg_component,2.0,2,0,9422344356864014506,bistable hysteresis; CV sample SD; five intervals,1.0,-3.237082562846508,11.236068963744197,local target-band PSD ratio; control is noise-only,0.0,sqrt(2Ddt),-1.0,3.0,12,11,0,1,0.7973747099386032,1.2541155212672832,True,ok,12.73662572308034,-15.973708285926849,-14.473151526590703,10,True
chb01,chb01_03.edf,0.0,10.0,0,FP1-F7,bistable_driven_regularity,eeg_component,2.0,2,1,15318821279060036402,bistable hysteresis; CV sample SD; five intervals,1.0,-0.0703737650642715,11.236068963744197,local target-band PSD ratio; control is noise-only,0.0,sqrt(2Ddt),-1.0,3.0,11,10,0,1,1.1640884496560384,0.8590412526603775,True,ok,12.73662572308034,-12.80699948814461,-11.306442728808468,10,True
chb01,chb01_03.edf,0.0,10.0,0,FP1-F7,bistable_driven_regularity,eeg_component,2.0,2,2,1745580357121653389,bistable hysteresis; CV sample SD; five intervals,1.0,-5.945761244903348,11.236068963744197,local target-band PSD ratio; control is noise-only,0.0,sqrt(2Ddt),-1.0,3.0,7,6,0,1,0.6722138559595779,1.4876218202502105,True,ok,12.73662572308034,-18.68238696798369,-17.181830208647543,10,True
chb01,chb01_03.edf,0.0,10.0,0,FP1-F7,bistable_driven_regularity,no_external_drive,0.0,1,0,11304019352729495866,bistable hysteresis; CV sample SD; five intervals,1.0,,,local target-band PSD ratio; control is noise-only,0.0,sqrt(2Ddt),-1.0,3.0,0,0,0,1,,,False,insufficient_intervals,,,,10,False
chb01,chb01_03.edf,0.0,10.0,0,FP1-F7,bistable_driven_regularity,no_external_drive,0.0,1,1,12186661973940802804,bistable hysteresis; CV sample SD; five intervals,1.0,,,local target-band PSD ratio; control is noise-only,0.0,sqrt(2Ddt),-1.0,3.0,0,0,0,1,,,False,insufficient_intervals,,,,10,False
chb01,chb01_03.edf,0.0,10.0,0,FP1-F7,bistable_driven_regularity,no_external_drive,0.0,1,2,6258755330517710887,bistable hysteresis; CV sample SD; five intervals,1.0,,,local target-band PSD ratio; control is noise-only,0.0,sqrt(2Ddt),-1.0,3.0,0,0,0,1,,,False,insufficient_intervals,,,,10,False
chb01,chb01_03.edf,0.0,10.0,0,FP1-F7,bistable_driven_regularity,no_external_drive,0.1,1,0,11304019352729495866,bistable hysteresis; CV sample SD; five intervals,1.0,-2.7999862184699404,,local target-band PSD ratio; control is noise-only,0.0,sqrt(2Ddt),-1.0,3.0,0,0,0,1,,,False,insufficient_intervals,,,,10,False
chb01,chb01_03.edf,0.0,10.0,0,FP1-F7,bistable_driven_regularity,no_external_drive,0.1,1,1,12186661973940802804,bistable hysteresis; CV sample SD; five intervals,1.0,-1.7012174672363334,,local target-band PSD ratio; control is noise-only,0.0,sqrt(2Ddt),-1.0,3.0,0,0,0,1,,,False,insufficient_intervals,,,,10,False
chb01,chb01_03.edf,0.0,10.0,0,FP1-F7,bistable_driven_regularity,no_external_drive,0.1,1,2,6258755330517710887,bistable hysteresis; CV sample SD; five intervals,1.0,-8.847178546102288,,local target-band PSD ratio; control is noise-only,0.0,sqrt(2Ddt),-1.0,3.0,0,0,0,1,,,False,insufficient_intervals,,,,10,False
chb01,chb01_03.edf,0.0,10.0,0,FP1-F7,bistable_driven_regularity,no_external_drive,0.5,1,0,11304019352729495866,bistable hysteresis; CV sample SD; five intervals,1.0,-3.532213519122852,,local target-band PSD ratio; control is noise-only,0.0,sqrt(2Ddt),-1.0,3.0,6,5,0,1,0.9708529938218172,1.0300220593268643,True,ok,,,,10,False
chb01,chb01_03.edf,0.0,10.0,0,FP1-F7,bistable_driven_regularity,no_external_drive,0.5,1,1,12186661973940802804,bistable hysteresis; CV sample SD; five intervals,1.0,-3.876047647752294,,local target-band PSD ratio; control is noise-only,0.0,sqrt(2Ddt),-1.0,3.0,3,2,0,1,,,False,insufficient_intervals,,,,10,False
chb01,chb01_03.edf,0.0,10.0,0,FP1-F7,bistable_driven_regularity,no_external_drive,0.5,1,2,6258755330517710887,bistable hysteresis; CV sample SD; five intervals,1.0,-8.032063612529488,,local target-band PSD ratio; control is noise-only,0.0,sqrt(2Ddt),-1.0,3.0,3,2,0,1,,,False,insufficient_intervals,,,,10,False
chb01,chb01_03.edf,0.0,10.0,0,FP1-F7,bistable_driven_regularity,no_external_drive,2.0,1,0,11304019352729495866,bistable hysteresis; CV sample SD; five intervals,1.0,-1.6041089181573716,,local target-band PSD ratio; control is noise-only,0.0,sqrt(2Ddt),-1.0,3.0,12,11,0,1,0.6148718428797046,1.6263551690976408,True,ok,,,,10,False
chb01,chb01_03.edf,0.0,10.0,0,FP1-F7,bistable_driven_regularity,no_external_drive,2.0,1,1,12186661973940802804,bistable hysteresis; CV sample SD; five intervals,1.0,-0.8453644696751271,,local target-band PSD ratio; control is noise-only,0.0,sqrt(2Ddt),-1.0,3.0,14,13,0,1,1.2517847361164325,0.7988593974251711,True,ok,,,,10,False
chb01,chb01_03.edf,0.0,10.0,0,FP1-F7,bistable_driven_regularity,no_external_drive,2.0,1,2,6258755330517710887,bistable hysteresis; CV sample SD; five intervals,1.0,-5.319571301164449,,local target-band PSD ratio; control is noise-only,0.0,sqrt(2Ddt),-1.0,3.0,10,9,0,1,1.0044592867830686,0.9955605101752304,True,ok,,,,10,False
chb01,chb01_03.edf,0.0,10.0,0,FP1-F7,bistable_driven_regularity,no_external_drive,0.0,2,0,9422344356864014506,bistable hysteresis; CV sample SD; five intervals,1.0,,,local target-band PSD ratio; control is noise-only,0.0,sqrt(2Ddt),-1.0,3.0,0,0,0,1,,,False,insufficient_intervals,,,,10,False
chb01,chb01_03.edf,0.0,10.0,0,FP1-F7,bistable_driven_regularity,no_external_drive,0.0,2,1,15318821279060036402,bistable hysteresis; CV sample SD; five intervals,1.0,,,local target-band PSD ratio; control is noise-only,0.0,sqrt(2Ddt),-1.0,3.0,0,0,0,1,,,False,insufficient_intervals,,,,10,False
chb01,chb01_03.edf,0.0,10.0,0,FP1-F7,bistable_driven_regularity,no_external_drive,0.0,2,2,1745580357121653389,bistable hysteresis; CV sample SD; five intervals,1.0,,,local target-band PSD ratio; control is noise-only,0.0,sqrt(2Ddt),-1.0,3.0,0,0,0,1,,,False,insufficient_intervals,,,,10,False
chb01,chb01_03.edf,0.0,10.0,0,FP1-F7,bistable_driven_regularity,no_external_drive,0.1,2,0,9422344356864014506,bistable hysteresis; CV sample SD; five intervals,1.0,-6.0653302895141294,,local target-band PSD ratio; control is noise-only,0.0,sqrt(2Ddt),-1.0,3.0,0,0,0,1,,,False,insufficient_intervals,,,,10,False
chb01,chb01_03.edf,0.0,10.0,0,FP1-F7,bistable_driven_regularity,no_external_drive,0.1,2,1,15318821279060036402,bistable hysteresis; CV sample SD; five intervals,1.0,1.0871191655741317,,local target-band PSD ratio; control is noise-only,0.0,sqrt(2Ddt),-1.0,3.0,0,0,0,1,,,False,insufficient_intervals,,,,10,False
chb01,chb01_03.edf,0.0,10.0,0,FP1-F7,bistable_driven_regularity,no_external_drive,0.1,2,2,1745580357121653389,bistable hysteresis; CV sample SD; five intervals,1.0,-4.2420035576039545,,local target-band PSD ratio; control is noise-only,0.0,sqrt(2Ddt),-1.0,3.0,0,0,0,1,,,False,insufficient_intervals,,,,10,False
chb01,chb01_03.edf,0.0,10.0,0,FP1-F7,bistable_driven_regularity,no_external_drive,0.5,2,0,9422344356864014506,bistable hysteresis; CV sample SD; five intervals,1.0,-5.679761314825362,,local target-band PSD ratio; control is noise-only,0.0,sqrt(2Ddt),-1.0,3.0,2,1,0,1,,,False,insufficient_intervals,,,,10,False
chb01,chb01_03.edf,0.0,10.0,0,FP1-F7,bistable_driven_regularity,no_external_drive,0.5,2,1,15318821279060036402,bistable hysteresis; CV sample SD; five intervals,1.0,0.2160518182822614,,local target-band PSD ratio; control is noise-only,0.0,sqrt(2Ddt),-1.0,3.0,2,1,0,1,,,False,insufficient_intervals,,,,10,False
chb01,chb01_03.edf,0.0,10.0,0,FP1-F7,bistable_driven_regularity,no_external_drive,0.5,2,2,1745580357121653389,bistable hysteresis; CV sample SD; five intervals,1.0,-6.902612744021831,,local target-band PSD ratio; control is noise-only,0.0,sqrt(2Ddt),-1.0,3.0,2,1,0,1,,,False,insufficient_intervals,,,,10,False
chb01,chb01_03.edf,0.0,10.0,0,FP1-F7,bistable_driven_regularity,no_external_drive,2.0,2,0,9422344356864014506,bistable hysteresis; CV sample SD; five intervals,1.0,-3.1911988204337964,,local target-band PSD ratio; control is noise-only,0.0,sqrt(2Ddt),-1.0,3.0,12,11,0,1,0.796207494276025,1.2559540159933804,True,ok,,,,10,False
chb01,chb01_03.edf,0.0,10.0,0,FP1-F7,bistable_driven_regularity,no_external_drive,2.0,2,1,15318821279060036402,bistable hysteresis; CV sample SD; five intervals,1.0,-0.2237096872881466,,local target-band PSD ratio; control is noise-only,0.0,sqrt(2Ddt),-1.0,3.0,11,10,0,1,1.168254953454673,0.8559775390148168,True,ok,,,,10,False
chb01,chb01_03.edf,0.0,10.0,0,FP1-F7,bistable_driven_regularity,no_external_drive,2.0,2,2,1745580357121653389,bistable hysteresis; CV sample SD; five intervals,1.0,-6.0406712674594285,,local target-band PSD ratio; control is noise-only,0.0,sqrt(2Ddt),-1.0,3.0,7,6,0,1,0.6722138559595779,1.4876218202502105,True,ok,,,,10,False
chb01,chb01_03.edf,0.0,10.0,0,FP1-F7,fhn_sde,eeg_component,0.0,1,0,17777416889544131463,FHN mean+SD peaks; >=0.2s intervals; CV population SD; three intervals,1.0,6.8855192949536885,11.236068963744197,local target-band PSD ratio; control is noise-only,0.0,sde,,,3,2,0,0,,,False,insufficient_intervals,6.8855192949536885,0.0,-4.3505496687905065,10,True
chb01,chb01_03.edf,0.0,10.0,0,FP1-F7,fhn_sde,eeg_component,0.0,1,1,12051207879173044993,FHN mean+SD peaks; >=0.2s intervals; CV population SD; three intervals,1.0,6.8855192949536885,11.236068963744197,local target-band PSD ratio; control is noise-only,0.0,sde,,,3,2,0,0,,,False,insufficient_intervals,6.8855192949536885,0.0,-4.3505496687905065,10,True
chb01,chb01_03.edf,0.0,10.0,0,FP1-F7,fhn_sde,eeg_component,0.0,1,2,4220282177024835350,FHN mean+SD peaks; >=0.2s intervals; CV population SD; three intervals,1.0,6.8855192949536885,11.236068963744197,local target-band PSD ratio; control is noise-only,0.0,sde,,,3,2,0,0,,,False,insufficient_intervals,6.8855192949536885,0.0,-4.3505496687905065,10,True
chb01,chb01_03.edf,0.0,10.0,0,FP1-F7,fhn_sde,eeg_component,0.1,1,0,17777416889544131463,FHN mean+SD peaks; >=0.2s intervals; CV population SD; three intervals,1.0,-9.380221841922328,11.236068963744197,local target-band PSD ratio; control is noise-only,0.0,sde,,,8,6,1,0,0.0714285714285714,14.0,True,ok,6.8855192949536885,-16.265741136876017,-20.616290805666523,10,True
chb01,chb01_03.edf,0.0,10.0,0,FP1-F7,fhn_sde,eeg_component,0.1,1,1,12051207879173044993,FHN mean+SD peaks; >=0.2s intervals; CV population SD; three intervals,1.0,-6.377955436795169,11.236068963744197,local target-band PSD ratio; control is noise-only,0.0,sde,,,12,10,1,0,1.0360953687595142,0.9651621174576523,True,ok,6.8855192949536885,-13.263474731748856,-17.614024400539364,10,True
chb01,chb01_03.edf,0.0,10.0,0,FP1-F7,fhn_sde,eeg_component,0.1,1,2,4220282177024835350,FHN mean+SD peaks; >=0.2s intervals; CV population SD; three intervals,1.0,-2.462967598951134,11.236068963744197,local target-band PSD ratio; control is noise-only,0.0,sde,,,7,6,0,0,1.8119228898064457,0.551899865952255,True,ok,6.8855192949536885,-9.348486893904823,-13.69903656269533,10,True
chb01,chb01_03.edf,0.0,10.0,0,FP1-F7,fhn_sde,eeg_component,0.5,1,0,17777416889544131463,FHN mean+SD peaks; >=0.2s intervals; CV population SD; three intervals,1.0,-9.86373914710518,11.236068963744197,local target-band PSD ratio; control is noise-only,0.0,sde,,,13,9,3,0,0.5983124930462175,1.6713674068690283,True,ok,6.8855192949536885,-16.749258442058867,-21.099808110849374,10,True
chb01,chb01_03.edf,0.0,10.0,0,FP1-F7,fhn_sde,eeg_component,0.5,1,1,12051207879173044993,FHN mean+SD peaks; >=0.2s intervals; CV population SD; three intervals,1.0,-8.170453597139648,11.236068963744197,local target-band PSD ratio; control is noise-only,0.0,sde,,,14,12,1,0,0.6005030957467994,1.6652703492833407,True,ok,6.8855192949536885,-15.055972892093337,-19.406522560883843,10,True
chb01,chb01_03.edf,0.0,10.0,0,FP1-F7,fhn_sde,eeg_component,0.5,1,2,4220282177024835350,FHN mean+SD peaks; >=0.2s intervals; CV population SD; three intervals,1.0,-5.854353087103309,11.236068963744197,local target-band PSD ratio; control is noise-only,0.0,sde,,,12,10,1,0,2.044846099638428,0.4890343582222746,True,ok,6.8855192949536885,-12.739872382056998,-17.090422050847504,10,True
chb01,chb01_03.edf,0.0,10.0,0,FP1-F7,fhn_sde,eeg_component,2.0,1,0,17777416889544131463,FHN mean+SD peaks; >=0.2s intervals; CV population SD; three intervals,1.0,-6.934907362302218,11.236068963744197,local target-band PSD ratio; control is noise-only,0.0,sde,,,12,10,1,0,0.616483736702881,1.6221028073640125,True,ok,6.8855192949536885,-13.820426657255908,-18.17097632604641,10,True
chb01,chb01_03.edf,0.0,10.0,0,FP1-F7,fhn_sde,eeg_component,2.0,1,1,12051207879173044993,FHN mean+SD peaks; >=0.2s intervals; CV population SD; three intervals,1.0,-2.1615783375598765,11.236068963744197,local target-band PSD ratio; control is noise-only,0.0,sde,,,15,13,1,0,0.9652043403391556,1.0360500447486776,True,ok,6.8855192949536885,-9.047097632513566,-13.397647301304072,10,True
chb01,chb01_03.edf,0.0,10.0,0,FP1-F7,fhn_sde,eeg_component,2.0,1,2,4220282177024835350,FHN mean+SD peaks; >=0.2s intervals; CV population SD; three intervals,1.0,-3.1843709303984253,11.236068963744197,local target-band PSD ratio; control is noise-only,0.0,sde,,,9,7,1,0,0.9706630091464524,1.0302236621537115,True,ok,6.8855192949536885,-10.069890225352117,-14.42043989414262,10,True
chb01,chb01_03.edf,0.0,10.0,0,FP1-F7,fhn_sde,eeg_component,0.0,2,0,12197140845732147655,FHN mean+SD peaks; >=0.2s intervals; CV population SD; three intervals,1.0,6.882180858337282,11.236068963744197,local target-band PSD ratio; control is noise-only,0.0,sde,,,3,2,0,0,,,False,insufficient_intervals,6.882180858337282,0.0,-4.353888105406913,10,True
chb01,chb01_03.edf,0.0,10.0,0,FP1-F7,fhn_sde,eeg_component,0.0,2,1,10169787300851805037,FHN mean+SD peaks; >=0.2s intervals; CV population SD; three intervals,1.0,6.882180858337282,11.236068963744197,local target-band PSD ratio; control is noise-only,0.0,sde,,,3,2,0,0,,,False,insufficient_intervals,6.882180858337282,0.0,-4.353888105406913,10,True
chb01,chb01_03.edf,0.0,10.0,0,FP1-F7,fhn_sde,eeg_component,0.0,2,2,8486039138680595051,FHN mean+SD peaks; >=0.2s intervals; CV population SD; three intervals,1.0,6.882180858337282,11.236068963744197,local target-band PSD ratio; control is noise-only,0.0,sde,,,3,2,0,0,,,False,insufficient_intervals,6.882180858337282,0.0,-4.353888105406913,10,True
chb01,chb01_03.edf,0.0,10.0,0,FP1-F7,fhn_sde,eeg_component,0.1,2,0,12197140845732147655,FHN mean+SD peaks; >=0.2s intervals; CV population SD; three intervals,1.0,-1.9986378606363384,11.236068963744197,local target-band PSD ratio; control is noise-only,0.0,sde,,,13,11,1,0,1.0238942540835096,0.9766633575799316,True,ok,6.882180858337282,-8.880818718973622,-13.234706824380536,10,True
chb01,chb01_03.edf,0.0,10.0,0,FP1-F7,fhn_sde,eeg_component,0.1,2,1,10169787300851805037,FHN mean+SD peaks; >=0.2s intervals; CV population SD; three intervals,1.0,-3.175969572591444,11.236068963744197,local target-band PSD ratio; control is noise-only,0.0,sde,,,13,12,0,0,1.2305683297112928,0.8126326477414,True,ok,6.882180858337282,-10.058150430928729,-14.41203853633564,10,True
chb01,chb01_03.edf,0.0,10.0,0,FP1-F7,fhn_sde,eeg_component,0.1,2,2,8486039138680595051,FHN mean+SD peaks; >=0.2s intervals; CV population SD; three intervals,1.0,-4.111351154484554,11.236068963744197,local target-band PSD ratio; control is noise-only,0.0,sde,,,11,10,0,0,0.5784379821500544,1.7287938047964957,True,ok,6.882180858337282,-10.993532012821836,-15.347420118228747,10,True
chb01,chb01_03.edf,0.0,10.0,0,FP1-F7,fhn_sde,eeg_component,0.5,2,0,12197140845732147655,FHN mean+SD peaks; >=0.2s intervals; CV population SD; three intervals,1.0,-2.1867911781807106,11.236068963744197,local target-band PSD ratio; control is noise-only,0.0,sde,,,12,11,0,0,0.3081418123717949,3.245259032855396,True,ok,6.882180858337282,-9.068972036517993,-13.422860141924906,10,True
chb01,chb01_03.edf,0.0,10.0,0,FP1-F7,fhn_sde,eeg_component,0.5,2,1,10169787300851805037,FHN mean+SD peaks; >=0.2s intervals; CV population SD; three intervals,1.0,-7.430947685379385,11.236068963744197,local target-band PSD ratio; control is noise-only,0.0,sde,,,12,11,0,0,1.2943718995101792,0.7725754865185374,True,ok,6.882180858337282,-14.313128543716669,-18.667016649123585,10,True
chb01,chb01_03.edf,0.0,10.0,0,FP1-F7,fhn_sde,eeg_component,0.5,2,2,8486039138680595051,FHN mean+SD peaks; >=0.2s intervals; CV population SD; three intervals,1.0,-8.643515416378047,11.236068963744197,local target-band PSD ratio; control is noise-only,0.0,sde,,,11,10,0,0,0.2365131465515934,4.228094778578653,True,ok,6.882180858337282,-15.52569627471533,-19.87958438012224,10,True
chb01,chb01_03.edf,0.0,10.0,0,FP1-F7,fhn_sde,eeg_component,2.0,2,0,12197140845732147655,FHN mean+SD peaks; >=0.2s intervals; CV population SD; three intervals,1.0,-1.1089873072969405,11.236068963744197,local target-band PSD ratio; control is noise-only,0.0,sde,,,11,9,1,0,0.5271610224292499,1.896953601371789,True,ok,6.882180858337282,-7.991168165634223,-12.345056271041136,10,True
chb01,chb01_03.edf,0.0,10.0,0,FP1-F7,fhn_sde,eeg_component,2.0,2,1,10169787300851805037,FHN mean+SD peaks; >=0.2s intervals; CV population SD; three intervals,1.0,-8.992344647859355,11.236068963744197,local target-band PSD ratio; control is noise-only,0.0,sde,,,12,11,0,0,1.4095323334915826,0.7094551690934813,True,ok,6.882180858337282,-15.874525506196637,-20.22841361160355,10,True
chb01,chb01_03.edf,0.0,10.0,0,FP1-F7,fhn_sde,eeg_component,2.0,2,2,8486039138680595051,FHN mean+SD peaks; >=0.2s intervals; CV population SD; three intervals,1.0,-7.993586932934471,11.236068963744197,local target-band PSD ratio; control is noise-only,0.0,sde,,,9,8,0,0,1.734080743440958,0.5766744159880858,True,ok,6.882180858337282,-14.875767791271754,-19.229655896678665,10,True
chb01,chb01_03.edf,0.0,10.0,0,FP1-F7,fhn_sde,no_external_drive,0.0,1,0,17777416889544131463,FHN mean+SD peaks; >=0.2s intervals; CV population SD; three intervals,1.0,-42.63945851653652,,local target-band PSD ratio; control is noise-only,0.0,sde,,,0,0,0,0,,,False,insufficient_intervals,-42.63945851653652,0.0,,10,True
chb01,chb01_03.edf,0.0,10.0,0,FP1-F7,fhn_sde,no_external_drive,0.0,1,1,12051207879173044993,FHN mean+SD peaks; >=0.2s intervals; CV population SD; three intervals,1.0,-42.63945851653652,,local target-band PSD ratio; control is noise-only,0.0,sde,,,0,0,0,0,,,False,insufficient_intervals,-42.63945851653652,0.0,,10,True
chb01,chb01_03.edf,0.0,10.0,0,FP1-F7,fhn_sde,no_external_drive,0.0,1,2,4220282177024835350,FHN mean+SD peaks; >=0.2s intervals; CV population SD; three intervals,1.0,-42.63945851653652,,local target-band PSD ratio; control is noise-only,0.0,sde,,,0,0,0,0,,,False,insufficient_intervals,-42.63945851653652,0.0,,10,True
chb01,chb01_03.edf,0.0,10.0,0,FP1-F7,fhn_sde,no_external_drive,0.1,1,0,17777416889544131463,FHN mean+SD peaks; >=0.2s intervals; CV population SD; three intervals,1.0,-7.949569645960548,,local target-band PSD ratio; control is noise-only,0.0,sde,,,8,6,1,0,0.0669481430389158,14.936934089698592,True,ok,-42.63945851653652,34.68988887057597,,10,True
chb01,chb01_03.edf,0.0,10.0,0,FP1-F7,fhn_sde,no_external_drive,0.1,1,1,12051207879173044993,FHN mean+SD peaks; >=0.2s intervals; CV population SD; three intervals,1.0,0.3625015338844148,,local target-band PSD ratio; control is noise-only,0.0,sde,,,12,11,0,0,0.9710830048007576,1.0297780880277845,True,ok,-42.63945851653652,43.00196005042093,,10,True
chb01,chb01_03.edf,0.0,10.0,0,FP1-F7,fhn_sde,no_external_drive,0.1,1,2,4220282177024835350,FHN mean+SD peaks; >=0.2s intervals; CV population SD; three intervals,1.0,-3.02259616606869,,local target-band PSD ratio; control is noise-only,0.0,sde,,,9,8,0,0,1.928420357545777,0.5185591388760591,True,ok,-42.63945851653652,39.61686235046784,,10,True
chb01,chb01_03.edf,0.0,10.0,0,FP1-F7,fhn_sde,no_external_drive,0.5,1,0,17777416889544131463,FHN mean+SD peaks; >=0.2s intervals; CV population SD; three intervals,1.0,-8.499149905205535,,local target-band PSD ratio; control is noise-only,0.0,sde,,,13,10,2,0,0.5934127339219373,1.6851677472286073,True,ok,-42.63945851653652,34.14030861133099,,10,True
chb01,chb01_03.edf,0.0,10.0,0,FP1-F7,fhn_sde,no_external_drive,0.5,1,1,12051207879173044993,FHN mean+SD peaks; >=0.2s intervals; CV population SD; three intervals,1.0,-5.776990825191578,,local target-band PSD ratio; control is noise-only,0.0,sde,,,14,12,1,0,0.6005030957467994,1.6652703492833407,True,ok,-42.63945851653652,36.86246769134495,,10,True
chb01,chb01_03.edf,0.0,10.0,0,FP1-F7,fhn_sde,no_external_drive,0.5,1,2,4220282177024835350,FHN mean+SD peaks; >=0.2s intervals; CV population SD; three intervals,1.0,-6.197874821646122,,local target-band PSD ratio; control is noise-only,0.0,sde,,,11,10,0,0,0.2484043655767667,4.025694144618246,True,ok,-42.63945851653652,36.4415836948904,,10,True
chb01,chb01_03.edf,0.0,10.0,0,FP1-F7,fhn_sde,no_external_drive,2.0,1,0,17777416889544131463,FHN mean+SD peaks; >=0.2s intervals; CV population SD; three intervals,1.0,-6.316146998364832,,local target-band PSD ratio; control is noise-only,0.0,sde,,,13,11,1,0,0.5951537553890683,1.680238074522898,True,ok,-42.63945851653652,36.32331151817169,,10,True
chb01,chb01_03.edf,0.0,10.0,0,FP1-F7,fhn_sde,no_external_drive,2.0,1,1,12051207879173044993,FHN mean+SD peaks; >=0.2s intervals; CV population SD; three intervals,1.0,-0.9762424236637104,,local target-band PSD ratio; control is noise-only,0.0,sde,,,14,12,1,0,0.9131537324455296,1.0951058561868725,True,ok,-42.63945851653652,41.66321609287281,,10,True
chb01,chb01_03.edf,0.0,10.0,0,FP1-F7,fhn_sde,no_external_drive,2.0,1,2,4220282177024835350,FHN mean+SD peaks; >=0.2s intervals; CV population SD; three intervals,1.0,-3.049572890119474,,local target-band PSD ratio; control is noise-only,0.0,sde,,,9,7,1,0,0.9706630091464524,1.0302236621537115,True,ok,-42.63945851653652,39.58988562641705,,10,True
chb01,chb01_03.edf,0.0,10.0,0,FP1-F7,fhn_sde,no_external_drive,0.0,2,0,12197140845732147655,FHN mean+SD peaks; >=0.2s intervals; CV population SD; three intervals,1.0,-42.63749151938228,,local target-band PSD ratio; control is noise-only,0.0,sde,,,0,0,0,0,,,False,insufficient_intervals,-42.63749151938228,0.0,,10,True
chb01,chb01_03.edf,0.0,10.0,0,FP1-F7,fhn_sde,no_external_drive,0.0,2,1,10169787300851805037,FHN mean+SD peaks; >=0.2s intervals; CV population SD; three intervals,1.0,-42.63749151938228,,local target-band PSD ratio; control is noise-only,0.0,sde,,,0,0,0,0,,,False,insufficient_intervals,-42.63749151938228,0.0,,10,True
chb01,chb01_03.edf,0.0,10.0,0,FP1-F7,fhn_sde,no_external_drive,0.0,2,2,8486039138680595051,FHN mean+SD peaks; >=0.2s intervals; CV population SD; three intervals,1.0,-42.63749151938228,,local target-band PSD ratio; control is noise-only,0.0,sde,,,0,0,0,0,,,False,insufficient_intervals,-42.63749151938228,0.0,,10,True
chb01,chb01_03.edf,0.0,10.0,0,FP1-F7,fhn_sde,no_external_drive,0.1,2,0,12197140845732147655,FHN mean+SD peaks; >=0.2s intervals; CV population SD; three intervals,1.0,2.2211979915501443,,local target-band PSD ratio; control is noise-only,0.0,sde,,,14,12,1,0,1.3185460570098282,0.7584111261670902,True,ok,-42.63749151938228,44.85868951093242,,10,True
chb01,chb01_03.edf,0.0,10.0,0,FP1-F7,fhn_sde,no_external_drive,0.1,2,1,10169787300851805037,FHN mean+SD peaks; >=0.2s intervals; CV population SD; three intervals,1.0,-8.725959448998731,,local target-band PSD ratio; control is noise-only,0.0,sde,,,13,11,1,0,1.1561378547526056,0.8649487566636104,True,ok,-42.63749151938228,33.91153207038355,,10,True
chb01,chb01_03.edf,0.0,10.0,0,FP1-F7,fhn_sde,no_external_drive,0.1,2,2,8486039138680595051,FHN mean+SD peaks; >=0.2s intervals; CV population SD; three intervals,1.0,-6.278319259098782,,local target-band PSD ratio; control is noise-only,0.0,sde,,,11,10,0,0,1.0267336771256097,0.9739624035704646,True,ok,-42.63749151938228,36.3591722602835,,10,True
chb01,chb01_03.edf,0.0,10.0,0,FP1-F7,fhn_sde,no_external_drive,0.5,2,0,12197140845732147655,FHN mean+SD peaks; >=0.2s intervals; CV population SD; three intervals,1.0,-1.8767196207197776,,local target-band PSD ratio; control is noise-only,0.0,sde,,,11,10,0,0,0.3309629099025997,3.0214866079534217,True,ok,-42.63749151938228,40.7607718986625,,10,True
chb01,chb01_03.edf,0.0,10.0,0,FP1-F7,fhn_sde,no_external_drive,0.5,2,1,10169787300851805037,FHN mean+SD peaks; >=0.2s intervals; CV population SD; three intervals,1.0,-9.895896850658474,,local target-band PSD ratio; control is noise-only,0.0,sde,,,12,11,0,0,1.2940700316631446,0.772755705280336,True,ok,-42.63749151938228,32.741594668723806,,10,True
chb01,chb01_03.edf,0.0,10.0,0,FP1-F7,fhn_sde,no_external_drive,0.5,2,2,8486039138680595051,FHN mean+SD peaks; >=0.2s intervals; CV population SD; three intervals,1.0,-9.34805747140247,,local target-band PSD ratio; control is noise-only,0.0,sde,,,10,9,0,0,0.2172584975989276,4.602811908632733,True,ok,-42.63749151938228,33.28943404797981,,10,True
chb01,chb01_03.edf,0.0,10.0,0,FP1-F7,fhn_sde,no_external_drive,2.0,2,0,12197140845732147655,FHN mean+SD peaks; >=0.2s intervals; CV population SD; three intervals,1.0,-0.3033990674699163,,local target-band PSD ratio; control is noise-only,0.0,sde,,,11,9,1,0,0.5271610224292499,1.896953601371789,True,ok,-42.63749151938228,42.33409245191236,,10,True
chb01,chb01_03.edf,0.0,10.0,0,FP1-F7,fhn_sde,no_external_drive,2.0,2,1,10169787300851805037,FHN mean+SD peaks; >=0.2s intervals; CV population SD; three intervals,1.0,-9.831156924768434,,local target-band PSD ratio; control is noise-only,0.0,sde,,,12,11,0,0,1.4553380757822425,0.6871255666574251,True,ok,-42.63749151938228,32.806334594613844,,10,True
chb01,chb01_03.edf,0.0,10.0,0,FP1-F7,fhn_sde,no_external_drive,2.0,2,2,8486039138680595051,FHN mean+SD peaks; >=0.2s intervals; CV population SD; three intervals,1.0,-8.491858485871461,,local target-band PSD ratio; control is noise-only,0.0,sde,,,9,8,0,0,1.734080743440958,0.5766744159880858,True,ok,-42.63749151938228,34.14563303351082,,10,True
chb01,chb01_03.edf,3000.0,3010.0,1,FP1-F7,bistable_driven_regularity,eeg_component,0.0,1,0,3239748159860149055,bistable hysteresis; CV sample SD; five intervals,2.2,14.071244992831184,13.844894449652667,local target-band PSD ratio; control is noise-only,0.0,sqrt(2Ddt),-1.0,3.0,0,0,0,1,,,False,insufficient_intervals,14.071244992831184,0.0,0.2263505431785155,10,True
chb01,chb01_03.edf,3000.0,3010.0,1,FP1-F7,bistable_driven_regularity,eeg_component,0.0,1,1,10351572796592303553,bistable hysteresis; CV sample SD; five intervals,2.2,14.071244992831184,13.844894449652667,local target-band PSD ratio; control is noise-only,0.0,sqrt(2Ddt),-1.0,3.0,0,0,0,1,,,False,insufficient_intervals,14.071244992831184,0.0,0.2263505431785155,10,True
chb01,chb01_03.edf,3000.0,3010.0,1,FP1-F7,bistable_driven_regularity,eeg_component,0.0,1,2,8801633271046715744,bistable hysteresis; CV sample SD; five intervals,2.2,14.071244992831184,13.844894449652667,local target-band PSD ratio; control is noise-only,0.0,sqrt(2Ddt),-1.0,3.0,0,0,0,1,,,False,insufficient_intervals,14.071244992831184,0.0,0.2263505431785155,10,True
chb01,chb01_03.edf,3000.0,3010.0,1,FP1-F7,bistable_driven_regularity,eeg_component,0.1,1,0,3239748159860149055,bistable hysteresis; CV sample SD; five intervals,2.2,-3.9844045566486166,13.844894449652667,local target-band PSD ratio; control is noise-only,0.0,sqrt(2Ddt),-1.0,3.0,0,0,0,1,,,False,insufficient_intervals,14.071244992831184,-18.055649549479803,-17.829299006301284,10,True
chb01,chb01_03.edf,3000.0,3010.0,1,FP1-F7,bistable_driven_regularity,eeg_component,0.1,1,1,10351572796592303553,bistable hysteresis; CV sample SD; five intervals,2.2,-6.113633518597046,13.844894449652667,local target-band PSD ratio; control is noise-only,0.0,sqrt(2Ddt),-1.0,3.0,0,0,0,1,,,False,insufficient_intervals,14.071244992831184,-20.18487851142823,-19.958527968249715,10,True
chb01,chb01_03.edf,3000.0,3010.0,1,FP1-F7,bistable_driven_regularity,eeg_component,0.1,1,2,8801633271046715744,bistable hysteresis; CV sample SD; five intervals,2.2,-4.34795362422077,13.844894449652667,local target-band PSD ratio; control is noise-only,0.0,sqrt(2Ddt),-1.0,3.0,0,0,0,1,,,False,insufficient_intervals,14.071244992831184,-18.419198617051958,-18.19284807387344,10,True
chb01,chb01_03.edf,3000.0,3010.0,1,FP1-F7,bistable_driven_regularity,eeg_component,0.5,1,0,3239748159860149055,bistable hysteresis; CV sample SD; five intervals,2.2,-7.364576337681166,13.844894449652667,local target-band PSD ratio; control is noise-only,0.0,sqrt(2Ddt),-1.0,3.0,4,3,0,1,,,False,insufficient_intervals,14.071244992831184,-21.43582133051235,-21.209470787333835,10,True
chb01,chb01_03.edf,3000.0,3010.0,1,FP1-F7,bistable_driven_regularity,eeg_component,0.5,1,1,10351572796592303553,bistable hysteresis; CV sample SD; five intervals,2.2,-6.6096440996173005,13.844894449652667,local target-band PSD ratio; control is noise-only,0.0,sqrt(2Ddt),-1.0,3.0,2,1,0,1,,,False,insufficient_intervals,14.071244992831184,-20.680889092448485,-20.45453854926997,10,True
chb01,chb01_03.edf,3000.0,3010.0,1,FP1-F7,bistable_driven_regularity,eeg_component,0.5,1,2,8801633271046715744,bistable hysteresis; CV sample SD; five intervals,2.2,-6.57232383349794,13.844894449652667,local target-band PSD ratio; control is noise-only,0.0,sqrt(2Ddt),-1.0,3.0,0,0,0,1,,,False,insufficient_intervals,14.071244992831184,-20.643568826329123,-20.41721828315061,10,True
chb01,chb01_03.edf,3000.0,3010.0,1,FP1-F7,bistable_driven_regularity,eeg_component,2.0,1,0,3239748159860149055,bistable hysteresis; CV sample SD; five intervals,2.2,-3.779987355839897,13.844894449652667,local target-band PSD ratio; control is noise-only,0.0,sqrt(2Ddt),-1.0,3.0,10,9,0,1,1.3455265970285843,0.7432034433272195,True,ok,14.071244992831184,-17.851232348671083,-17.624881805492567,10,True
chb01,chb01_03.edf,3000.0,3010.0,1,FP1-F7,bistable_driven_regularity,eeg_component,2.0,1,1,10351572796592303553,bistable hysteresis; CV sample SD; five intervals,2.2,-3.71289127368005,13.844894449652667,local target-band PSD ratio; control is noise-only,0.0,sqrt(2Ddt),-1.0,3.0,8,7,0,1,0.8493949579776664,1.177308613157901,True,ok,14.071244992831184,-17.784136266511233,-17.55778572333272,10,True
chb01,chb01_03.edf,3000.0,3010.0,1,FP1-F7,bistable_driven_regularity,eeg_component,2.0,1,2,8801633271046715744,bistable hysteresis; CV sample SD; five intervals,2.2,-6.821134416391349,13.844894449652667,local target-band PSD ratio; control is noise-only,0.0,sqrt(2Ddt),-1.0,3.0,11,10,0,1,0.8956884980148404,1.1164595751942226,True,ok,14.071244992831184,-20.89237940922253,-20.666028866044016,10,True
chb01,chb01_03.edf,3000.0,3010.0,1,FP1-F7,bistable_driven_regularity,eeg_component,0.0,2,0,2273613476295959312,bistable hysteresis; CV sample SD; five intervals,2.2,14.071179078927509,13.844894449652667,local target-band PSD ratio; control is noise-only,0.0,sqrt(2Ddt),-1.0,3.0,0,0,0,1,,,False,insufficient_intervals,14.071179078927509,0.0,0.2262846292748399,10,True
chb01,chb01_03.edf,3000.0,3010.0,1,FP1-F7,bistable_driven_regularity,eeg_component,0.0,2,1,13900118532030317422,bistable hysteresis; CV sample SD; five intervals,2.2,14.071179078927509,13.844894449652667,local target-band PSD ratio; control is noise-only,0.0,sqrt(2Ddt),-1.0,3.0,0,0,0,1,,,False,insufficient_intervals,14.071179078927509,0.0,0.2262846292748399,10,True
chb01,chb01_03.edf,3000.0,3010.0,1,FP1-F7,bistable_driven_regularity,eeg_component,0.0,2,2,14528656075140309871,bistable hysteresis; CV sample SD; five intervals,2.2,14.071179078927509,13.844894449652667,local target-band PSD ratio; control is noise-only,0.0,sqrt(2Ddt),-1.0,3.0,0,0,0,1,,,False,insufficient_intervals,14.071179078927509,0.0,0.2262846292748399,10,True
chb01,chb01_03.edf,3000.0,3010.0,1,FP1-F7,bistable_driven_regularity,eeg_component,0.1,2,0,2273613476295959312,bistable hysteresis; CV sample SD; five intervals,2.2,-4.527714338763752,13.844894449652667,local target-band PSD ratio; control is noise-only,0.0,sqrt(2Ddt),-1.0,3.0,0,0,0,1,,,False,insufficient_intervals,14.071179078927509,-18.59889341769126,-18.37260878841642,10,True
chb01,chb01_03.edf,3000.0,3010.0,1,FP1-F7,bistable_driven_regularity,eeg_component,0.1,2,1,13900118532030317422,bistable hysteresis; CV sample SD; five intervals,2.2,-6.6621032450401145,13.844894449652667,local target-band PSD ratio; control is noise-only,0.0,sqrt(2Ddt),-1.0,3.0,0,0,0,1,,,False,insufficient_intervals,14.071179078927509,-20.73328232396762,-20.506997694692785,10,True
chb01,chb01_03.edf,3000.0,3010.0,1,FP1-F7,bistable_driven_regularity,eeg_component,0.1,2,2,14528656075140309871,bistable hysteresis; CV sample SD; five intervals,2.2,-10.378094126979285,13.844894449652667,local target-band PSD ratio; control is noise-only,0.0,sqrt(2Ddt),-1.0,3.0,0,0,0,1,,,False,insufficient_intervals,14.071179078927509,-24.449273205906792,-24.222988576631952,10,True
chb01,chb01_03.edf,3000.0,3010.0,1,FP1-F7,bistable_driven_regularity,eeg_component,0.5,2,0,2273613476295959312,bistable hysteresis; CV sample SD; five intervals,2.2,-7.709262084797136,13.844894449652667,local target-band PSD ratio; control is noise-only,0.0,sqrt(2Ddt),-1.0,3.0,4,3,0,1,,,False,insufficient_intervals,14.071179078927509,-21.78044116372465,-21.55415653444981,10,True
chb01,chb01_03.edf,3000.0,3010.0,1,FP1-F7,bistable_driven_regularity,eeg_component,0.5,2,1,13900118532030317422,bistable hysteresis; CV sample SD; five intervals,2.2,-4.352094621148032,13.844894449652667,local target-band PSD ratio; control is noise-only,0.0,sqrt(2Ddt),-1.0,3.0,1,0,0,1,,,False,insufficient_intervals,14.071179078927509,-18.42327370007554,-18.1969890708007,10,True
chb01,chb01_03.edf,3000.0,3010.0,1,FP1-F7,bistable_driven_regularity,eeg_component,0.5,2,2,14528656075140309871,bistable hysteresis; CV sample SD; five intervals,2.2,-13.476805223467837,13.844894449652667,local target-band PSD ratio; control is noise-only,0.0,sqrt(2Ddt),-1.0,3.0,4,3,0,1,,,False,insufficient_intervals,14.071179078927509,-27.547984302395346,-27.321699673120506,10,True
chb01,chb01_03.edf,3000.0,3010.0,1,FP1-F7,bistable_driven_regularity,eeg_component,2.0,2,0,2273613476295959312,bistable hysteresis; CV sample SD; five intervals,2.2,-8.025316155494723,13.844894449652667,local target-band PSD ratio; control is noise-only,0.0,sqrt(2Ddt),-1.0,3.0,8,7,0,1,0.8028472530069961,1.2455669447140598,True,ok,14.071179078927509,-22.096495234422232,-21.870210605147392,10,True
chb01,chb01_03.edf,3000.0,3010.0,1,FP1-F7,bistable_driven_regularity,eeg_component,2.0,2,1,13900118532030317422,bistable hysteresis; CV sample SD; five intervals,2.2,-5.038833602242551,13.844894449652667,local target-band PSD ratio; control is noise-only,0.0,sqrt(2Ddt),-1.0,3.0,8,7,0,1,1.0525107306819603,0.950109078082333,True,ok,14.071179078927509,-19.110012681170065,-18.88372805189522,10,True
chb01,chb01_03.edf,3000.0,3010.0,1,FP1-F7,bistable_driven_regularity,eeg_component,2.0,2,2,14528656075140309871,bistable hysteresis; CV sample SD; five intervals,2.2,-12.03335087294284,13.844894449652667,local target-band PSD ratio; control is noise-only,0.0,sqrt(2Ddt),-1.0,3.0,13,12,0,1,0.8470388344552271,1.1805834152139552,True,ok,14.071179078927509,-26.104529951870347,-25.87824532259551,10,True
chb01,chb01_03.edf,3000.0,3010.0,1,FP1-F7,bistable_driven_regularity,no_external_drive,0.0,1,0,3239748159860149055,bistable hysteresis; CV sample SD; five intervals,2.2,,,local target-band PSD ratio; control is noise-only,0.0,sqrt(2Ddt),-1.0,3.0,0,0,0,1,,,False,insufficient_intervals,,,,10,False
chb01,chb01_03.edf,3000.0,3010.0,1,FP1-F7,bistable_driven_regularity,no_external_drive,0.0,1,1,10351572796592303553,bistable hysteresis; CV sample SD; five intervals,2.2,,,local target-band PSD ratio; control is noise-only,0.0,sqrt(2Ddt),-1.0,3.0,0,0,0,1,,,False,insufficient_intervals,,,,10,False
chb01,chb01_03.edf,3000.0,3010.0,1,FP1-F7,bistable_driven_regularity,no_external_drive,0.0,1,2,8801633271046715744,bistable hysteresis; CV sample SD; five intervals,2.2,,,local target-band PSD ratio; control is noise-only,0.0,sqrt(2Ddt),-1.0,3.0,0,0,0,1,,,False,insufficient_intervals,,,,10,False
chb01,chb01_03.edf,3000.0,3010.0,1,FP1-F7,bistable_driven_regularity,no_external_drive,0.1,1,0,3239748159860149055,bistable hysteresis; CV sample SD; five intervals,2.2,-3.773318569752215,,local target-band PSD ratio; control is noise-only,0.0,sqrt(2Ddt),-1.0,3.0,0,0,0,1,,,False,insufficient_intervals,,,,10,False
chb01,chb01_03.edf,3000.0,3010.0,1,FP1-F7,bistable_driven_regularity,no_external_drive,0.1,1,1,10351572796592303553,bistable hysteresis; CV sample SD; five intervals,2.2,-3.6005476246994945,,local target-band PSD ratio; control is noise-only,0.0,sqrt(2Ddt),-1.0,3.0,0,0,0,1,,,False,insufficient_intervals,,,,10,False
chb01,chb01_03.edf,3000.0,3010.0,1,FP1-F7,bistable_driven_regularity,no_external_drive,0.1,1,2,8801633271046715744,bistable hysteresis; CV sample SD; five intervals,2.2,-4.531132801493661,,local target-band PSD ratio; control is noise-only,0.0,sqrt(2Ddt),-1.0,3.0,0,0,0,1,,,False,insufficient_intervals,,,,10,False
chb01,chb01_03.edf,3000.0,3010.0,1,FP1-F7,bistable_driven_regularity,no_external_drive,0.5,1,0,3239748159860149055,bistable hysteresis; CV sample SD; five intervals,2.2,-6.958552426393116,,local target-band PSD ratio; control is noise-only,0.0,sqrt(2Ddt),-1.0,3.0,4,3,0,1,,,False,insufficient_intervals,,,,10,False
chb01,chb01_03.edf,3000.0,3010.0,1,FP1-F7,bistable_driven_regularity,no_external_drive,0.5,1,1,10351572796592303553,bistable hysteresis; CV sample SD; five intervals,2.2,-5.633404925215998,,local target-band PSD ratio; control is noise-only,0.0,sqrt(2Ddt),-1.0,3.0,2,1,0,1,,,False,insufficient_intervals,,,,10,False
chb01,chb01_03.edf,3000.0,3010.0,1,FP1-F7,bistable_driven_regularity,no_external_drive,0.5,1,2,8801633271046715744,bistable hysteresis; CV sample SD; five intervals,2.2,-6.299335076951385,,local target-band PSD ratio; control is noise-only,0.0,sqrt(2Ddt),-1.0,3.0,0,0,0,1,,,False,insufficient_intervals,,,,10,False
chb01,chb01_03.edf,3000.0,3010.0,1,FP1-F7,bistable_driven_regularity,no_external_drive,2.0,1,0,3239748159860149055,bistable hysteresis; CV sample SD; five intervals,2.2,-3.617218856754056,,local target-band PSD ratio; control is noise-only,0.0,sqrt(2Ddt),-1.0,3.0,12,11,0,1,1.219258287673831,0.8201707629216578,True,ok,,,,10,False
chb01,chb01_03.edf,3000.0,3010.0,1,FP1-F7,bistable_driven_regularity,no_external_drive,2.0,1,1,10351572796592303553,bistable hysteresis; CV sample SD; five intervals,2.2,-3.186777198041855,,local target-band PSD ratio; control is noise-only,0.0,sqrt(2Ddt),-1.0,3.0,10,9,0,1,0.9611328945069124,1.0404388464022214,True,ok,,,,10,False
chb01,chb01_03.edf,3000.0,3010.0,1,FP1-F7,bistable_driven_regularity,no_external_drive,2.0,1,2,8801633271046715744,bistable hysteresis; CV sample SD; five intervals,2.2,-6.601941757502518,,local target-band PSD ratio; control is noise-only,0.0,sqrt(2Ddt),-1.0,3.0,11,10,0,1,0.8961893613153272,1.1158356070332178,True,ok,,,,10,False
chb01,chb01_03.edf,3000.0,3010.0,1,FP1-F7,bistable_driven_regularity,no_external_drive,0.0,2,0,2273613476295959312,bistable hysteresis; CV sample SD; five intervals,2.2,,,local target-band PSD ratio; control is noise-only,0.0,sqrt(2Ddt),-1.0,3.0,0,0,0,1,,,False,insufficient_intervals,,,,10,False
chb01,chb01_03.edf,3000.0,3010.0,1,FP1-F7,bistable_driven_regularity,no_external_drive,0.0,2,1,13900118532030317422,bistable hysteresis; CV sample SD; five intervals,2.2,,,local target-band PSD ratio; control is noise-only,0.0,sqrt(2Ddt),-1.0,3.0,0,0,0,1,,,False,insufficient_intervals,,,,10,False
chb01,chb01_03.edf,3000.0,3010.0,1,FP1-F7,bistable_driven_regularity,no_external_drive,0.0,2,2,14528656075140309871,bistable hysteresis; CV sample SD; five intervals,2.2,,,local target-band PSD ratio; control is noise-only,0.0,sqrt(2Ddt),-1.0,3.0,0,0,0,1,,,False,insufficient_intervals,,,,10,False
chb01,chb01_03.edf,3000.0,3010.0,1,FP1-F7,bistable_driven_regularity,no_external_drive,0.1,2,0,2273613476295959312,bistable hysteresis; CV sample SD; five intervals,2.2,-7.1464000133783125,,local target-band PSD ratio; control is noise-only,0.0,sqrt(2Ddt),-1.0,3.0,0,0,0,1,,,False,insufficient_intervals,,,,10,False
chb01,chb01_03.edf,3000.0,3010.0,1,FP1-F7,bistable_driven_regularity,no_external_drive,0.1,2,1,13900118532030317422,bistable hysteresis; CV sample SD; five intervals,2.2,-5.8020095094648125,,local target-band PSD ratio; control is noise-only,0.0,sqrt(2Ddt),-1.0,3.0,0,0,0,1,,,False,insufficient_intervals,,,,10,False
chb01,chb01_03.edf,3000.0,3010.0,1,FP1-F7,bistable_driven_regularity,no_external_drive,0.1,2,2,14528656075140309871,bistable hysteresis; CV sample SD; five intervals,2.2,-14.77510588262512,,local target-band PSD ratio; control is noise-only,0.0,sqrt(2Ddt),-1.0,3.0,0,0,0,1,,,False,insufficient_intervals,,,,10,False
chb01,chb01_03.edf,3000.0,3010.0,1,FP1-F7,bistable_driven_regularity,no_external_drive,0.5,2,0,2273613476295959312,bistable hysteresis; CV sample SD; five intervals,2.2,-8.826667720518142,,local target-band PSD ratio; control is noise-only,0.0,sqrt(2Ddt),-1.0,3.0,4,3,0,1,,,False,insufficient_intervals,,,,10,False
chb01,chb01_03.edf,3000.0,3010.0,1,FP1-F7,bistable_driven_regularity,no_external_drive,0.5,2,1,13900118532030317422,bistable hysteresis; CV sample SD; five intervals,2.2,-3.908643030163186,,local target-band PSD ratio; control is noise-only,0.0,sqrt(2Ddt),-1.0,3.0,1,0,0,1,,,False,insufficient_intervals,,,,10,False
chb01,chb01_03.edf,3000.0,3010.0,1,FP1-F7,bistable_driven_regularity,no_external_drive,0.5,2,2,14528656075140309871,bistable hysteresis; CV sample SD; five intervals,2.2,-15.49501003564598,,local target-band PSD ratio; control is noise-only,0.0,sqrt(2Ddt),-1.0,3.0,4,3,0,1,,,False,insufficient_intervals,,,,10,False
chb01,chb01_03.edf,3000.0,3010.0,1,FP1-F7,bistable_driven_regularity,no_external_drive,2.0,2,0,2273613476295959312,bistable hysteresis; CV sample SD; five intervals,2.2,-8.602245025034092,,local target-band PSD ratio; control is noise-only,0.0,sqrt(2Ddt),-1.0,3.0,8,7,0,1,0.8043331766660183,1.2432658865882242,True,ok,,,,10,False
chb01,chb01_03.edf,3000.0,3010.0,1,FP1-F7,bistable_driven_regularity,no_external_drive,2.0,2,1,13900118532030317422,bistable hysteresis; CV sample SD; five intervals,2.2,-4.8099795848576665,,local target-band PSD ratio; control is noise-only,0.0,sqrt(2Ddt),-1.0,3.0,8,7,0,1,1.0525107306819603,0.950109078082333,True,ok,,,,10,False
chb01,chb01_03.edf,3000.0,3010.0,1,FP1-F7,bistable_driven_regularity,no_external_drive,2.0,2,2,14528656075140309871,bistable hysteresis; CV sample SD; five intervals,2.2,-13.135496362379984,,local target-band PSD ratio; control is noise-only,0.0,sqrt(2Ddt),-1.0,3.0,13,12,0,1,0.8461381969296566,1.1818400394033206,True,ok,,,,10,False
chb01,chb01_03.edf,3000.0,3010.0,1,FP1-F7,fhn_sde,eeg_component,0.0,1,0,7333627640310490717,FHN mean+SD peaks; >=0.2s intervals; CV population SD; three intervals,2.2,11.76607279224674,13.844894449652667,local target-band PSD ratio; control is noise-only,0.0,sde,,,2,1,0,0,,,False,insufficient_intervals,11.76607279224674,0.0,-2.07882165740593,10,True
chb01,chb01_03.edf,3000.0,3010.0,1,FP1-F7,fhn_sde,eeg_component,0.0,1,1,3995537018552287687,FHN mean+SD peaks; >=0.2s intervals; CV population SD; three intervals,2.2,11.76607279224674,13.844894449652667,local target-band PSD ratio; control is noise-only,0.0,sde,,,2,1,0,0,,,False,insufficient_intervals,11.76607279224674,0.0,-2.07882165740593,10,True
chb01,chb01_03.edf,3000.0,3010.0,1,FP1-F7,fhn_sde,eeg_component,0.0,1,2,15830478966490469270,FHN mean+SD peaks; >=0.2s intervals; CV population SD; three intervals,2.2,11.76607279224674,13.844894449652667,local target-band PSD ratio; control is noise-only,0.0,sde,,,2,1,0,0,,,False,insufficient_intervals,11.76607279224674,0.0,-2.07882165740593,10,True
chb01,chb01_03.edf,3000.0,3010.0,1,FP1-F7,fhn_sde,eeg_component,0.1,1,0,7333627640310490717,FHN mean+SD peaks; >=0.2s intervals; CV population SD; three intervals,2.2,-7.018990439305917,13.844894449652667,local target-band PSD ratio; control is noise-only,0.0,sde,,,9,5,3,0,0.2279173059864443,4.38755624840299,True,ok,11.76607279224674,-18.785063231552652,-20.863884888958587,10,True
chb01,chb01_03.edf,3000.0,3010.0,1,FP1-F7,fhn_sde,eeg_component,0.1,1,1,3995537018552287687,FHN mean+SD peaks; >=0.2s intervals; CV population SD; three intervals,2.2,-15.261612624714076,13.844894449652667,local target-band PSD ratio; control is noise-only,0.0,sde,,,10,9,0,0,0.2348709429912344,4.257657363930798,True,ok,11.76607279224674,-27.02768541696081,-29.106507074366743,10,True
chb01,chb01_03.edf,3000.0,3010.0,1,FP1-F7,fhn_sde,eeg_component,0.1,1,2,15830478966490469270,FHN mean+SD peaks; >=0.2s intervals; CV population SD; three intervals,2.2,-14.186185566589408,13.844894449652667,local target-band PSD ratio; control is noise-only,0.0,sde,,,17,14,2,0,0.2045370310798852,4.889090228406776,True,ok,11.76607279224674,-25.952258358836147,-28.03108001624208,10,True
chb01,chb01_03.edf,3000.0,3010.0,1,FP1-F7,fhn_sde,eeg_component,0.5,1,0,7333627640310490717,FHN mean+SD peaks; >=0.2s intervals; CV population SD; three intervals,2.2,-4.017614374248594,13.844894449652667,local target-band PSD ratio; control is noise-only,0.0,sde,,,14,13,0,0,0.5542068023234515,1.8043805954881988,True,ok,11.76607279224674,-15.783687166495334,-17.862508823901262,10,True
chb01,chb01_03.edf,3000.0,3010.0,1,FP1-F7,fhn_sde,eeg_component,0.5,1,1,3995537018552287687,FHN mean+SD peaks; >=0.2s intervals; CV population SD; three intervals,2.2,-21.04231040058815,13.844894449652667,local target-band PSD ratio; control is noise-only,0.0,sde,,,9,8,0,0,0.2488351156882268,4.0187254006903546,True,ok,11.76607279224674,-32.80838319283489,-34.88720485024082,10,True
chb01,chb01_03.edf,3000.0,3010.0,1,FP1-F7,fhn_sde,eeg_component,0.5,1,2,15830478966490469270,FHN mean+SD peaks; >=0.2s intervals; CV population SD; three intervals,2.2,-11.612001890973096,13.844894449652667,local target-band PSD ratio; control is noise-only,0.0,sde,,,9,7,1,0,0.520916366103265,1.9196939567872264,True,ok,11.76607279224674,-23.37807468321984,-25.456896340625764,10,True
chb01,chb01_03.edf,3000.0,3010.0,1,FP1-F7,fhn_sde,eeg_component,2.0,1,0,7333627640310490717,FHN mean+SD peaks; >=0.2s intervals; CV population SD; three intervals,2.2,-3.0600569855184663,13.844894449652667,local target-band PSD ratio; control is noise-only,0.0,sde,,,8,6,1,0,0.2669240480712526,3.7463840640280575,True,ok,11.76607279224674,-14.826129777765203,-16.904951435171135,10,True
chb01,chb01_03.edf,3000.0,3010.0,1,FP1-F7,fhn_sde,eeg_component,2.0,1,1,3995537018552287687,FHN mean+SD peaks; >=0.2s intervals; CV population SD; three intervals,2.2,-14.311896437335951,13.844894449652667,local target-band PSD ratio; control is noise-only,0.0,sde,,,10,9,0,0,1.7282751031294386,0.5786115868875682,True,ok,11.76607279224674,-26.07796922958269,-28.15679088698862,10,True
chb01,chb01_03.edf,3000.0,3010.0,1,FP1-F7,fhn_sde,eeg_component,2.0,1,2,15830478966490469270,FHN mean+SD peaks; >=0.2s intervals; CV population SD; three intervals,2.2,-9.58628470839131,13.844894449652667,local target-band PSD ratio; control is noise-only,0.0,sde,,,14,12,1,0,0.5741551157636975,1.741689610602661,True,ok,11.76607279224674,-21.35235750063805,-23.431179158043975,10,True
chb01,chb01_03.edf,3000.0,3010.0,1,FP1-F7,fhn_sde,eeg_component,0.0,2,0,13355386309213070202,FHN mean+SD peaks; >=0.2s intervals; CV population SD; three intervals,2.2,11.765078847161906,13.844894449652667,local target-band PSD ratio; control is noise-only,0.0,sde,,,2,1,0,0,,,False,insufficient_intervals,11.765078847161906,0.0,-2.079815602490763,10,True
chb01,chb01_03.edf,3000.0,3010.0,1,FP1-F7,fhn_sde,eeg_component,0.0,2,1,12824191668026409864,FHN mean+SD peaks; >=0.2s intervals; CV population SD; three intervals,2.2,11.765078847161906,13.844894449652667,local target-band PSD ratio; control is noise-only,0.0,sde,,,2,1,0,0,,,False,insufficient_intervals,11.765078847161906,0.0,-2.079815602490763,10,True
chb01,chb01_03.edf,3000.0,3010.0,1,FP1-F7,fhn_sde,eeg_component,0.0,2,2,1973340835850284789,FHN mean+SD peaks; >=0.2s intervals; CV population SD; three intervals,2.2,11.765078847161906,13.844894449652667,local target-band PSD ratio; control is noise-only,0.0,sde,,,2,1,0,0,,,False,insufficient_intervals,11.765078847161906,0.0,-2.079815602490763,10,True
chb01,chb01_03.edf,3000.0,3010.0,1,FP1-F7,fhn_sde,eeg_component,0.1,2,0,13355386309213070202,FHN mean+SD peaks; >=0.2s intervals; CV population SD; three intervals,2.2,-10.14213521456006,13.844894449652667,local target-band PSD ratio; control is noise-only,0.0,sde,,,9,7,1,0,0.1802111471158486,5.549046304872308,True,ok,11.765078847161906,-21.90721406172197,-23.987029664212727,10,True
chb01,chb01_03.edf,3000.0,3010.0,1,FP1-F7,fhn_sde,eeg_component,0.1,2,1,12824191668026409864,FHN mean+SD peaks; >=0.2s intervals; CV population SD; three intervals,2.2,-12.311904824923516,13.844894449652667,local target-band PSD ratio; control is noise-only,0.0,sde,,,9,7,1,0,1.0165429140284572,0.9837263003851956,True,ok,11.765078847161906,-24.076983672085422,-26.156799274576187,10,True
chb01,chb01_03.edf,3000.0,3010.0,1,FP1-F7,fhn_sde,eeg_component,0.1,2,2,1973340835850284789,FHN mean+SD peaks; >=0.2s intervals; CV population SD; three intervals,2.2,-1.1482818801362429,13.844894449652667,local target-band PSD ratio; control is noise-only,0.0,sde,,,8,6,1,0,0.5901046178955488,1.694614767744462,True,ok,11.765078847161906,-12.913360727298148,-14.993176329788913,10,True
chb01,chb01_03.edf,3000.0,3010.0,1,FP1-F7,fhn_sde,eeg_component,0.5,2,0,13355386309213070202,FHN mean+SD peaks; >=0.2s intervals; CV population SD; three intervals,2.2,-11.233625015134454,13.844894449652667,local target-band PSD ratio; control is noise-only,0.0,sde,,,14,12,1,0,0.5909946862323703,1.6920625909093452,True,ok,11.765078847161906,-22.99870386229636,-25.07851946478712,10,True
chb01,chb01_03.edf,3000.0,3010.0,1,FP1-F7,fhn_sde,eeg_component,0.5,2,1,12824191668026409864,FHN mean+SD peaks; >=0.2s intervals; CV population SD; three intervals,2.2,-18.32119834226104,13.844894449652667,local target-band PSD ratio; control is noise-only,0.0,sde,,,12,11,0,0,0.7774519640877264,1.2862531014033962,True,ok,11.765078847161906,-30.086277189422947,-32.16609279191371,10,True
chb01,chb01_03.edf,3000.0,3010.0,1,FP1-F7,fhn_sde,eeg_component,0.5,2,2,1973340835850284789,FHN mean+SD peaks; >=0.2s intervals; CV population SD; three intervals,2.2,-6.1011295129645,13.844894449652667,local target-band PSD ratio; control is noise-only,0.0,sde,,,13,10,2,0,0.8156657715557114,1.2259923548008025,True,ok,11.765078847161906,-17.866208360126407,-19.94602396261717,10,True
chb01,chb01_03.edf,3000.0,3010.0,1,FP1-F7,fhn_sde,eeg_component,2.0,2,0,13355386309213070202,FHN mean+SD peaks; >=0.2s intervals; CV population SD; three intervals,2.2,-9.81492976223216,13.844894449652667,local target-band PSD ratio; control is noise-only,0.0,sde,,,11,10,0,0,1.3289112933599667,0.7524956744641996,True,ok,11.765078847161906,-21.580008609394064,-23.65982421188483,10,True
chb01,chb01_03.edf,3000.0,3010.0,1,FP1-F7,fhn_sde,eeg_component,2.0,2,1,12824191668026409864,FHN mean+SD peaks; >=0.2s intervals; CV population SD; three intervals,2.2,-19.999215853821816,13.844894449652667,local target-band PSD ratio; control is noise-only,0.0,sde,,,10,8,1,0,1.1447571011586348,0.8735477587235555,True,ok,11.765078847161906,-31.76429470098372,-33.84411030347449,10,True
chb01,chb01_03.edf,3000.0,3010.0,1,FP1-F7,fhn_sde,eeg_component,2.0,2,2,1973340835850284789,FHN mean+SD peaks; >=0.2s intervals; CV population SD; three intervals,2.2,-2.666172763244792,13.844894449652667,local target-band PSD ratio; control is noise-only,0.0,sde,,,7,5,1,0,1.3836453700837268,0.7227285413020883,True,ok,11.765078847161906,-14.431251610406695,-16.511067212897462,10,True
chb01,chb01_03.edf,3000.0,3010.0,1,FP1-F7,fhn_sde,no_external_drive,0.0,1,0,7333627640310490717,FHN mean+SD peaks; >=0.2s intervals; CV population SD; three intervals,2.2,-53.07535332655056,,local target-band PSD ratio; control is noise-only,0.0,sde,,,0,0,0,0,,,False,insufficient_intervals,-53.07535332655056,0.0,,10,True
chb01,chb01_03.edf,3000.0,3010.0,1,FP1-F7,fhn_sde,no_external_drive,0.0,1,1,3995537018552287687,FHN mean+SD peaks; >=0.2s intervals; CV population SD; three intervals,2.2,-53.07535332655056,,local target-band PSD ratio; control is noise-only,0.0,sde,,,0,0,0,0,,,False,insufficient_intervals,-53.07535332655056,0.0,,10,True
chb01,chb01_03.edf,3000.0,3010.0,1,FP1-F7,fhn_sde,no_external_drive,0.0,1,2,15830478966490469270,FHN mean+SD peaks; >=0.2s intervals; CV population SD; three intervals,2.2,-53.07535332655056,,local target-band PSD ratio; control is noise-only,0.0,sde,,,0,0,0,0,,,False,insufficient_intervals,-53.07535332655056,0.0,,10,True
chb01,chb01_03.edf,3000.0,3010.0,1,FP1-F7,fhn_sde,no_external_drive,0.1,1,0,7333627640310490717,FHN mean+SD peaks; >=0.2s intervals; CV population SD; three intervals,2.2,-4.537829437300196,,local target-band PSD ratio; control is noise-only,0.0,sde,,,9,5,3,0,0.2279173059864443,4.38755624840299,True,ok,-53.07535332655056,48.537523889250366,,10,True
chb01,chb01_03.edf,3000.0,3010.0,1,FP1-F7,fhn_sde,no_external_drive,0.1,1,1,3995537018552287687,FHN mean+SD peaks; >=0.2s intervals; CV population SD; three intervals,2.2,-17.169196203750626,,local target-band PSD ratio; control is noise-only,0.0,sde,,,10,9,0,0,0.2051871653278952,4.8735991766442615,True,ok,-53.07535332655056,35.90615712279994,,10,True
chb01,chb01_03.edf,3000.0,3010.0,1,FP1-F7,fhn_sde,no_external_drive,0.1,1,2,15830478966490469270,FHN mean+SD peaks; >=0.2s intervals; CV population SD; three intervals,2.2,-19.30763818715952,,local target-band PSD ratio; control is noise-only,0.0,sde,,,16,13,2,0,0.2273408988667034,4.398680593703156,True,ok,-53.07535332655056,33.76771513939104,,10,True
chb01,chb01_03.edf,3000.0,3010.0,1,FP1-F7,fhn_sde,no_external_drive,0.5,1,0,7333627640310490717,FHN mean+SD peaks; >=0.2s intervals; CV population SD; three intervals,2.2,-2.6496251425338624,,local target-band PSD ratio; control is noise-only,0.0,sde,,,13,12,0,0,0.5569397446433995,1.795526373576168,True,ok,-53.07535332655056,50.4257281840167,,10,True
chb01,chb01_03.edf,3000.0,3010.0,1,FP1-F7,fhn_sde,no_external_drive,0.5,1,1,3995537018552287687,FHN mean+SD peaks; >=0.2s intervals; CV population SD; three intervals,2.2,-17.52863257759718,,local target-band PSD ratio; control is noise-only,0.0,sde,,,10,9,0,0,0.2046484824564846,4.886427634334569,True,ok,-53.07535332655056,35.54672074895338,,10,True
chb01,chb01_03.edf,3000.0,3010.0,1,FP1-F7,fhn_sde,no_external_drive,0.5,1,2,15830478966490469270,FHN mean+SD peaks; >=0.2s intervals; CV population SD; three intervals,2.2,-13.243940105899304,,local target-band PSD ratio; control is noise-only,0.0,sde,,,9,7,1,0,0.4710462687358777,2.122933703909061,True,ok,-53.07535332655056,39.83141322065126,,10,True
chb01,chb01_03.edf,3000.0,3010.0,1,FP1-F7,fhn_sde,no_external_drive,2.0,1,0,7333627640310490717,FHN mean+SD peaks; >=0.2s intervals; CV population SD; three intervals,2.2,-2.4973505380301724,,local target-band PSD ratio; control is noise-only,0.0,sde,,,8,6,1,0,0.2669240480712526,3.7463840640280575,True,ok,-53.07535332655056,50.57800278852039,,10,True
chb01,chb01_03.edf,3000.0,3010.0,1,FP1-F7,fhn_sde,no_external_drive,2.0,1,1,3995537018552287687,FHN mean+SD peaks; >=0.2s intervals; CV population SD; three intervals,2.2,-12.673070468132048,,local target-band PSD ratio; control is noise-only,0.0,sde,,,11,10,0,0,1.840576105517736,0.5433081506394487,True,ok,-53.07535332655056,40.40228285841852,,10,True
chb01,chb01_03.edf,3000.0,3010.0,1,FP1-F7,fhn_sde,no_external_drive,2.0,1,2,15830478966490469270,FHN mean+SD peaks; >=0.2s intervals; CV population SD; three intervals,2.2,-10.090276923924788,,local target-band PSD ratio; control is noise-only,0.0,sde,,,14,12,1,0,0.4708747456303908,2.1237070139772194,True,ok,-53.07535332655056,42.98507640262577,,10,True
chb01,chb01_03.edf,3000.0,3010.0,1,FP1-F7,fhn_sde,no_external_drive,0.0,2,0,13355386309213070202,FHN mean+SD peaks; >=0.2s intervals; CV population SD; three intervals,2.2,-53.07071272161125,,local target-band PSD ratio; control is noise-only,0.0,sde,,,0,0,0,0,,,False,insufficient_intervals,-53.07071272161125,0.0,,10,True
chb01,chb01_03.edf,3000.0,3010.0,1,FP1-F7,fhn_sde,no_external_drive,0.0,2,1,12824191668026409864,FHN mean+SD peaks; >=0.2s intervals; CV population SD; three intervals,2.2,-53.07071272161125,,local target-band PSD ratio; control is noise-only,0.0,sde,,,0,0,0,0,,,False,insufficient_intervals,-53.07071272161125,0.0,,10,True
chb01,chb01_03.edf,3000.0,3010.0,1,FP1-F7,fhn_sde,no_external_drive,0.0,2,2,1973340835850284789,FHN mean+SD peaks; >=0.2s intervals; CV population SD; three intervals,2.2,-53.07071272161125,,local target-band PSD ratio; control is noise-only,0.0,sde,,,0,0,0,0,,,False,insufficient_intervals,-53.07071272161125,0.0,,10,True
chb01,chb01_03.edf,3000.0,3010.0,1,FP1-F7,fhn_sde,no_external_drive,0.1,2,0,13355386309213070202,FHN mean+SD peaks; >=0.2s intervals; CV population SD; three intervals,2.2,-12.761325130511572,,local target-band PSD ratio; control is noise-only,0.0,sde,,,10,8,1,0,0.2350841896470242,4.2537952105647205,True,ok,-53.07071272161125,40.30938759109968,,10,True
chb01,chb01_03.edf,3000.0,3010.0,1,FP1-F7,fhn_sde,no_external_drive,0.1,2,1,12824191668026409864,FHN mean+SD peaks; >=0.2s intervals; CV population SD; three intervals,2.2,-20.785440583329645,,local target-band PSD ratio; control is noise-only,0.0,sde,,,9,7,1,0,1.0352117388254265,0.9659859548488328,True,ok,-53.07071272161125,32.285272138281606,,10,True
chb01,chb01_03.edf,3000.0,3010.0,1,FP1-F7,fhn_sde,no_external_drive,0.1,2,2,1973340835850284789,FHN mean+SD peaks; >=0.2s intervals; CV population SD; three intervals,2.2,-6.321732601717479,,local target-band PSD ratio; control is noise-only,0.0,sde,,,8,6,1,0,0.5894043649484854,1.6966280867081824,True,ok,-53.07071272161125,46.74898011989377,,10,True
chb01,chb01_03.edf,3000.0,3010.0,1,FP1-F7,fhn_sde,no_external_drive,0.5,2,0,13355386309213070202,FHN mean+SD peaks; >=0.2s intervals; CV population SD; three intervals,2.2,-12.11239598177206,,local target-band PSD ratio; control is noise-only,0.0,sde,,,13,11,1,0,0.5643520063819022,1.7719437313797566,True,ok,-53.07071272161125,40.95831673983919,,10,True
chb01,chb01_03.edf,3000.0,3010.0,1,FP1-F7,fhn_sde,no_external_drive,0.5,2,1,12824191668026409864,FHN mean+SD peaks; >=0.2s intervals; CV population SD; three intervals,2.2,-20.940527064198918,,local target-band PSD ratio; control is noise-only,0.0,sde,,,12,11,0,0,0.8079416134396094,1.2377132002679625,True,ok,-53.07071272161125,32.13018565741234,,10,True
chb01,chb01_03.edf,3000.0,3010.0,1,FP1-F7,fhn_sde,no_external_drive,0.5,2,2,1973340835850284789,FHN mean+SD peaks; >=0.2s intervals; CV population SD; three intervals,2.2,-8.588136367701885,,local target-band PSD ratio; control is noise-only,0.0,sde,,,14,11,2,0,0.8491696692763673,1.1776209586620834,True,ok,-53.07071272161125,44.482576353909366,,10,True
chb01,chb01_03.edf,3000.0,3010.0,1,FP1-F7,fhn_sde,no_external_drive,2.0,2,0,13355386309213070202,FHN mean+SD peaks; >=0.2s intervals; CV population SD; three intervals,2.2,-10.300649290923776,,local target-band PSD ratio; control is noise-only,0.0,sde,,,11,10,0,0,1.3290388198742416,0.7524234695376495,True,ok,-53.07071272161125,42.77006343068747,,10,True
chb01,chb01_03.edf,3000.0,3010.0,1,FP1-F7,fhn_sde,no_external_drive,2.0,2,1,12824191668026409864,FHN mean+SD peaks; >=0.2s intervals; CV population SD; three intervals,2.2,-21.10856644266736,,local target-band PSD ratio; control is noise-only,0.0,sde,,,10,8,1,0,1.1447571011586348,0.8735477587235555,True,ok,-53.07071272161125,31.96214627894389,,10,True
chb01,chb01_03.edf,3000.0,3010.0,1,FP1-F7,fhn_sde,no_external_drive,2.0,2,2,1973340835850284789,FHN mean+SD peaks; >=0.2s intervals; CV population SD; three intervals,2.2,-3.9561126511851694,,local target-band PSD ratio; control is noise-only,0.0,sde,,,6,4,1,0,1.227805389027564,0.814461321750682,True,ok,-53.07071272161125,49.11460007042608,,10,True
chb02,chb02_16+.edf,0.0,10.0,0,FP1-F7,bistable_driven_regularity,eeg_component,0.0,1,0,9843681375349505443,bistable hysteresis; CV sample SD; five intervals,16.0,18.15557463581643,18.26138813155257,local target-band PSD ratio; control is noise-only,0.0,sqrt(2Ddt),-1.0,3.0,0,0,0,1,,,False,insufficient_intervals,18.15557463581643,0.0,-0.1058134957361431,10,True
chb02,chb02_16+.edf,0.0,10.0,0,FP1-F7,bistable_driven_regularity,eeg_component,0.0,1,1,2640588514656085011,bistable hysteresis; CV sample SD; five intervals,16.0,18.15557463581643,18.26138813155257,local target-band PSD ratio; control is noise-only,0.0,sqrt(2Ddt),-1.0,3.0,0,0,0,1,,,False,insufficient_intervals,18.15557463581643,0.0,-0.1058134957361431,10,True
chb02,chb02_16+.edf,0.0,10.0,0,FP1-F7,bistable_driven_regularity,eeg_component,0.0,1,2,5820365453816011279,bistable hysteresis; CV sample SD; five intervals,16.0,18.15557463581643,18.26138813155257,local target-band PSD ratio; control is noise-only,0.0,sqrt(2Ddt),-1.0,3.0,0,0,0,1,,,False,insufficient_intervals,18.15557463581643,0.0,-0.1058134957361431,10,True
chb02,chb02_16+.edf,0.0,10.0,0,FP1-F7,bistable_driven_regularity,eeg_component,0.1,1,0,9843681375349505443,bistable hysteresis; CV sample SD; five intervals,16.0,-0.949228469919682,18.26138813155257,local target-band PSD ratio; control is noise-only,0.0,sqrt(2Ddt),-1.0,3.0,0,0,0,1,,,False,insufficient_intervals,18.15557463581643,-19.10480310573611,-19.210616601472253,10,True
chb02,chb02_16+.edf,0.0,10.0,0,FP1-F7,bistable_driven_regularity,eeg_component,0.1,1,1,2640588514656085011,bistable hysteresis; CV sample SD; five intervals,16.0,-4.8529882404094815,18.26138813155257,local target-band PSD ratio; control is noise-only,0.0,sqrt(2Ddt),-1.0,3.0,0,0,0,1,,,False,insufficient_intervals,18.15557463581643,-23.00856287622591,-23.11437637196205,10,True
chb02,chb02_16+.edf,0.0,10.0,0,FP1-F7,bistable_driven_regularity,eeg_component,0.1,1,2,5820365453816011279,bistable hysteresis; CV sample SD; five intervals,16.0,1.6246231858896183,18.26138813155257,local target-band PSD ratio; control is noise-only,0.0,sqrt(2Ddt),-1.0,3.0,0,0,0,1,,,False,insufficient_intervals,18.15557463581643,-16.53095144992681,-16.636764945662954,10,True
chb02,chb02_16+.edf,0.0,10.0,0,FP1-F7,bistable_driven_regularity,eeg_component,0.5,1,0,9843681375349505443,bistable hysteresis; CV sample SD; five intervals,16.0,-0.6577371106093699,18.26138813155257,local target-band PSD ratio; control is noise-only,0.0,sqrt(2Ddt),-1.0,3.0,3,2,0,1,,,False,insufficient_intervals,18.15557463581643,-18.8133117464258,-18.919125242161943,10,True
chb02,chb02_16+.edf,0.0,10.0,0,FP1-F7,bistable_driven_regularity,eeg_component,0.5,1,1,2640588514656085011,bistable hysteresis; CV sample SD; five intervals,16.0,-4.354001182320928,18.26138813155257,local target-band PSD ratio; control is noise-only,0.0,sqrt(2Ddt),-1.0,3.0,4,3,0,1,,,False,insufficient_intervals,18.15557463581643,-22.50957581813736,-22.6153893138735,10,True
chb02,chb02_16+.edf,0.0,10.0,0,FP1-F7,bistable_driven_regularity,eeg_component,0.5,1,2,5820365453816011279,bistable hysteresis; CV sample SD; five intervals,16.0,0.5561028302915173,18.26138813155257,local target-band PSD ratio; control is noise-only,0.0,sqrt(2Ddt),-1.0,3.0,3,2,0,1,,,False,insufficient_intervals,18.15557463581643,-17.59947180552491,-17.705285301261053,10,True
chb02,chb02_16+.edf,0.0,10.0,0,FP1-F7,bistable_driven_regularity,eeg_component,2.0,1,0,9843681375349505443,bistable hysteresis; CV sample SD; five intervals,16.0,-0.5890364655245102,18.26138813155257,local target-band PSD ratio; control is noise-only,0.0,sqrt(2Ddt),-1.0,3.0,8,7,0,1,0.8322019278461463,1.201631438884236,True,ok,18.15557463581643,-18.74461110134094,-18.850424597077083,10,True
chb02,chb02_16+.edf,0.0,10.0,0,FP1-F7,bistable_driven_regularity,eeg_component,2.0,1,1,2640588514656085011,bistable hysteresis; CV sample SD; five intervals,16.0,-3.964302900105008,18.26138813155257,local target-band PSD ratio; control is noise-only,0.0,sqrt(2Ddt),-1.0,3.0,10,9,0,1,1.051214637812492,0.95128051306528,True,ok,18.15557463581643,-22.11987753592144,-22.22569103165758,10,True
chb02,chb02_16+.edf,0.0,10.0,0,FP1-F7,bistable_driven_regularity,eeg_component,2.0,1,2,5820365453816011279,bistable hysteresis; CV sample SD; five intervals,16.0,0.1474376912127422,18.26138813155257,local target-band PSD ratio; control is noise-only,0.0,sqrt(2Ddt),-1.0,3.0,9,8,0,1,1.103269833993306,0.9063965760583528,True,ok,18.15557463581643,-18.008136944603685,-18.113950440339828,10,True
chb02,chb02_16+.edf,0.0,10.0,0,FP1-F7,bistable_driven_regularity,eeg_component,0.0,2,0,6742840208808322525,bistable hysteresis; CV sample SD; five intervals,16.0,18.155573633942264,18.26138813155257,local target-band PSD ratio; control is noise-only,0.0,sqrt(2Ddt),-1.0,3.0,0,0,0,1,,,False,insufficient_intervals,18.155573633942264,0.0,-0.1058144976103072,10,True
chb02,chb02_16+.edf,0.0,10.0,0,FP1-F7,bistable_driven_regularity,eeg_component,0.0,2,1,8315952317372516999,bistable hysteresis; CV sample SD; five intervals,16.0,18.155573633942264,18.26138813155257,local target-band PSD ratio; control is noise-only,0.0,sqrt(2Ddt),-1.0,3.0,0,0,0,1,,,False,insufficient_intervals,18.155573633942264,0.0,-0.1058144976103072,10,True
chb02,chb02_16+.edf,0.0,10.0,0,FP1-F7,bistable_driven_regularity,eeg_component,0.0,2,2,9029614919909452649,bistable hysteresis; CV sample SD; five intervals,16.0,18.155573633942264,18.26138813155257,local target-band PSD ratio; control is noise-only,0.0,sqrt(2Ddt),-1.0,3.0,0,0,0,1,,,False,insufficient_intervals,18.155573633942264,0.0,-0.1058144976103072,10,True
chb02,chb02_16+.edf,0.0,10.0,0,FP1-F7,bistable_driven_regularity,eeg_component,0.1,2,0,6742840208808322525,bistable hysteresis; CV sample SD; five intervals,16.0,-1.4644776389671517,18.26138813155257,local target-band PSD ratio; control is noise-only,0.0,sqrt(2Ddt),-1.0,3.0,0,0,0,1,,,False,insufficient_intervals,18.155573633942264,-19.62005127290941,-19.725865770519725,10,True
chb02,chb02_16+.edf,0.0,10.0,0,FP1-F7,bistable_driven_regularity,eeg_component,0.1,2,1,8315952317372516999,bistable hysteresis; CV sample SD; five intervals,16.0,2.7840565598182643,18.26138813155257,local target-band PSD ratio; control is noise-only,0.0,sqrt(2Ddt),-1.0,3.0,0,0,0,1,,,False,insufficient_intervals,18.155573633942264,-15.371517074124,-15.477331571734307,10,True
chb02,chb02_16+.edf,0.0,10.0,0,FP1-F7,bistable_driven_regularity,eeg_component,0.1,2,2,9029614919909452649,bistable hysteresis; CV sample SD; five intervals,16.0,0.7236691021653563,18.26138813155257,local target-band PSD ratio; control is noise-only,0.0,sqrt(2Ddt),-1.0,3.0,0,0,0,1,,,False,insufficient_intervals,18.155573633942264,-17.431904531776908,-17.537719029387215,10,True
chb02,chb02_16+.edf,0.0,10.0,0,FP1-F7,bistable_driven_regularity,eeg_component,0.5,2,0,6742840208808322525,bistable hysteresis; CV sample SD; five intervals,16.0,-0.9365369829712156,18.26138813155257,local target-band PSD ratio; control is noise-only,0.0,sqrt(2Ddt),-1.0,3.0,4,3,0,1,,,False,insufficient_intervals,18.155573633942264,-19.09211061691348,-19.197925114523787,10,True
chb02,chb02_16+.edf,0.0,10.0,0,FP1-F7,bistable_driven_regularity,eeg_component,0.5,2,1,8315952317372516999,bistable hysteresis; CV sample SD; five intervals,16.0,2.7477864506634937,18.26138813155257,local target-band PSD ratio; control is noise-only,0.0,sqrt(2Ddt),-1.0,3.0,4,3,0,1,,,False,insufficient_intervals,18.155573633942264,-15.40778718327877,-15.513601680889078,10,True
chb02,chb02_16+.edf,0.0,10.0,0,FP1-F7,bistable_driven_regularity,eeg_component,0.5,2,2,9029614919909452649,bistable hysteresis; CV sample SD; five intervals,16.0,0.2653911849242075,18.26138813155257,local target-band PSD ratio; control is noise-only,0.0,sqrt(2Ddt),-1.0,3.0,2,1,0,1,,,False,insufficient_intervals,18.155573633942264,-17.890182449018056,-17.995996946628363,10,True
chb02,chb02_16+.edf,0.0,10.0,0,FP1-F7,bistable_driven_regularity,eeg_component,2.0,2,0,6742840208808322525,bistable hysteresis; CV sample SD; five intervals,16.0,-0.6707692159354699,18.26138813155257,local target-band PSD ratio; control is noise-only,0.0,sqrt(2Ddt),-1.0,3.0,7,6,0,1,0.9431663858532316,1.060258311788067,True,ok,18.155573633942264,-18.826342849877733,-18.93215734748804,10,True
chb02,chb02_16+.edf,0.0,10.0,0,FP1-F7,bistable_driven_regularity,eeg_component,2.0,2,1,8315952317372516999,bistable hysteresis; CV sample SD; five intervals,16.0,2.629512472813821,18.26138813155257,local target-band PSD ratio; control is noise-only,0.0,sqrt(2Ddt),-1.0,3.0,8,7,0,1,1.444226433504683,0.6924121985313028,True,ok,18.155573633942264,-15.526061161128442,-15.63187565873875,10,True
chb02,chb02_16+.edf,0.0,10.0,0,FP1-F7,bistable_driven_regularity,eeg_component,2.0,2,2,9029614919909452649,bistable hysteresis; CV sample SD; five intervals,16.0,0.0391960595797573,18.26138813155257,local target-band PSD ratio; control is noise-only,0.0,sqrt(2Ddt),-1.0,3.0,3,2,0,1,,,False,insufficient_intervals,18.155573633942264,-18.116377574362502,-18.222192071972813,10,True
chb02,chb02_16+.edf,0.0,10.0,0,FP1-F7,bistable_driven_regularity,no_external_drive,0.0,1,0,9843681375349505443,bistable hysteresis; CV sample SD; five intervals,16.0,,,local target-band PSD ratio; control is noise-only,0.0,sqrt(2Ddt),-1.0,3.0,0,0,0,1,,,False,insufficient_intervals,,,,10,False
chb02,chb02_16+.edf,0.0,10.0,0,FP1-F7,bistable_driven_regularity,no_external_drive,0.0,1,1,2640588514656085011,bistable hysteresis; CV sample SD; five intervals,16.0,,,local target-band PSD ratio; control is noise-only,0.0,sqrt(2Ddt),-1.0,3.0,0,0,0,1,,,False,insufficient_intervals,,,,10,False
chb02,chb02_16+.edf,0.0,10.0,0,FP1-F7,bistable_driven_regularity,no_external_drive,0.0,1,2,5820365453816011279,bistable hysteresis; CV sample SD; five intervals,16.0,,,local target-band PSD ratio; control is noise-only,0.0,sqrt(2Ddt),-1.0,3.0,0,0,0,1,,,False,insufficient_intervals,,,,10,False
chb02,chb02_16+.edf,0.0,10.0,0,FP1-F7,bistable_driven_regularity,no_external_drive,0.1,1,0,9843681375349505443,bistable hysteresis; CV sample SD; five intervals,16.0,-0.0097493567009694,,local target-band PSD ratio; control is noise-only,0.0,sqrt(2Ddt),-1.0,3.0,0,0,0,1,,,False,insufficient_intervals,,,,10,False
chb02,chb02_16+.edf,0.0,10.0,0,FP1-F7,bistable_driven_regularity,no_external_drive,0.1,1,1,2640588514656085011,bistable hysteresis; CV sample SD; five intervals,16.0,-3.42816807522456,,local target-band PSD ratio; control is noise-only,0.0,sqrt(2Ddt),-1.0,3.0,0,0,0,1,,,False,insufficient_intervals,,,,10,False
chb02,chb02_16+.edf,0.0,10.0,0,FP1-F7,bistable_driven_regularity,no_external_drive,0.1,1,2,5820365453816011279,bistable hysteresis; CV sample SD; five intervals,16.0,-0.3329221521984926,,local target-band PSD ratio; control is noise-only,0.0,sqrt(2Ddt),-1.0,3.0,0,0,0,1,,,False,insufficient_intervals,,,,10,False
chb02,chb02_16+.edf,0.0,10.0,0,FP1-F7,bistable_driven_regularity,no_external_drive,0.5,1,0,9843681375349505443,bistable hysteresis; CV sample SD; five intervals,16.0,-0.1366100502206328,,local target-band PSD ratio; control is noise-only,0.0,sqrt(2Ddt),-1.0,3.0,3,2,0,1,,,False,insufficient_intervals,,,,10,False
chb02,chb02_16+.edf,0.0,10.0,0,FP1-F7,bistable_driven_regularity,no_external_drive,0.5,1,1,2640588514656085011,bistable hysteresis; CV sample SD; five intervals,16.0,-3.512929016703936,,local target-band PSD ratio; control is noise-only,0.0,sqrt(2Ddt),-1.0,3.0,4,3,0,1,,,False,insufficient_intervals,,,,10,False
chb02,chb02_16+.edf,0.0,10.0,0,FP1-F7,bistable_driven_regularity,no_external_drive,0.5,1,2,5820365453816011279,bistable hysteresis; CV sample SD; five intervals,16.0,-0.2828458287296851,,local target-band PSD ratio; control is noise-only,0.0,sqrt(2Ddt),-1.0,3.0,3,2,0,1,,,False,insufficient_intervals,,,,10,False
chb02,chb02_16+.edf,0.0,10.0,0,FP1-F7,bistable_driven_regularity,no_external_drive,2.0,1,0,9843681375349505443,bistable hysteresis; CV sample SD; five intervals,16.0,-0.3079260657551654,,local target-band PSD ratio; control is noise-only,0.0,sqrt(2Ddt),-1.0,3.0,8,7,0,1,0.8317742513226539,1.2022492862815124,True,ok,,,,10,False
chb02,chb02_16+.edf,0.0,10.0,0,FP1-F7,bistable_driven_regularity,no_external_drive,2.0,1,1,2640588514656085011,bistable hysteresis; CV sample SD; five intervals,16.0,-3.494995103330223,,local target-band PSD ratio; control is noise-only,0.0,sqrt(2Ddt),-1.0,3.0,10,9,0,1,1.051214637812492,0.95128051306528,True,ok,,,,10,False
chb02,chb02_16+.edf,0.0,10.0,0,FP1-F7,bistable_driven_regularity,no_external_drive,2.0,1,2,5820365453816011279,bistable hysteresis; CV sample SD; five intervals,16.0,-0.2579056442443141,,local target-band PSD ratio; control is noise-only,0.0,sqrt(2Ddt),-1.0,3.0,9,8,0,1,1.103269833993306,0.9063965760583528,True,ok,,,,10,False
chb02,chb02_16+.edf,0.0,10.0,0,FP1-F7,bistable_driven_regularity,no_external_drive,0.0,2,0,6742840208808322525,bistable hysteresis; CV sample SD; five intervals,16.0,,,local target-band PSD ratio; control is noise-only,0.0,sqrt(2Ddt),-1.0,3.0,0,0,0,1,,,False,insufficient_intervals,,,,10,False
chb02,chb02_16+.edf,0.0,10.0,0,FP1-F7,bistable_driven_regularity,no_external_drive,0.0,2,1,8315952317372516999,bistable hysteresis; CV sample SD; five intervals,16.0,,,local target-band PSD ratio; control is noise-only,0.0,sqrt(2Ddt),-1.0,3.0,0,0,0,1,,,False,insufficient_intervals,,,,10,False
chb02,chb02_16+.edf,0.0,10.0,0,FP1-F7,bistable_driven_regularity,no_external_drive,0.0,2,2,9029614919909452649,bistable hysteresis; CV sample SD; five intervals,16.0,,,local target-band PSD ratio; control is noise-only,0.0,sqrt(2Ddt),-1.0,3.0,0,0,0,1,,,False,insufficient_intervals,,,,10,False
chb02,chb02_16+.edf,0.0,10.0,0,FP1-F7,bistable_driven_regularity,no_external_drive,0.1,2,0,6742840208808322525,bistable hysteresis; CV sample SD; five intervals,16.0,-0.407687122299965,,local target-band PSD ratio; control is noise-only,0.0,sqrt(2Ddt),-1.0,3.0,0,0,0,1,,,False,insufficient_intervals,,,,10,False
chb02,chb02_16+.edf,0.0,10.0,0,FP1-F7,bistable_driven_regularity,no_external_drive,0.1,2,1,8315952317372516999,bistable hysteresis; CV sample SD; five intervals,16.0,2.888139830307199,,local target-band PSD ratio; control is noise-only,0.0,sqrt(2Ddt),-1.0,3.0,0,0,0,1,,,False,insufficient_intervals,,,,10,False
chb02,chb02_16+.edf,0.0,10.0,0,FP1-F7,bistable_driven_regularity,no_external_drive,0.1,2,2,9029614919909452649,bistable hysteresis; CV sample SD; five intervals,16.0,0.07295388422789,,local target-band PSD ratio; control is noise-only,0.0,sqrt(2Ddt),-1.0,3.0,0,0,0,1,,,False,insufficient_intervals,,,,10,False
chb02,chb02_16+.edf,0.0,10.0,0,FP1-F7,bistable_driven_regularity,no_external_drive,0.5,2,0,6742840208808322525,bistable hysteresis; CV sample SD; five intervals,16.0,-0.370475385312115,,local target-band PSD ratio; control is noise-only,0.0,sqrt(2Ddt),-1.0,3.0,4,3,0,1,,,False,insufficient_intervals,,,,10,False
chb02,chb02_16+.edf,0.0,10.0,0,FP1-F7,bistable_driven_regularity,no_external_drive,0.5,2,1,8315952317372516999,bistable hysteresis; CV sample SD; five intervals,16.0,2.863077357070702,,local target-band PSD ratio; control is noise-only,0.0,sqrt(2Ddt),-1.0,3.0,4,3,0,1,,,False,insufficient_intervals,,,,10,False
chb02,chb02_16+.edf,0.0,10.0,0,FP1-F7,bistable_driven_regularity,no_external_drive,0.5,2,2,9029614919909452649,bistable hysteresis; CV sample SD; five intervals,16.0,0.0521719998072169,,local target-band PSD ratio; control is noise-only,0.0,sqrt(2Ddt),-1.0,3.0,2,1,0,1,,,False,insufficient_intervals,,,,10,False
chb02,chb02_16+.edf,0.0,10.0,0,FP1-F7,bistable_driven_regularity,no_external_drive,2.0,2,0,6742840208808322525,bistable hysteresis; CV sample SD; five intervals,16.0,-0.3652798679129371,,local target-band PSD ratio; control is noise-only,0.0,sqrt(2Ddt),-1.0,3.0,7,6,0,1,0.9434523964142316,1.059936891146483,True,ok,,,,10,False
chb02,chb02_16+.edf,0.0,10.0,0,FP1-F7,bistable_driven_regularity,no_external_drive,2.0,2,1,8315952317372516999,bistable hysteresis; CV sample SD; five intervals,16.0,2.702615112833972,,local target-band PSD ratio; control is noise-only,0.0,sqrt(2Ddt),-1.0,3.0,8,7,0,1,1.444226433504683,0.6924121985313028,True,ok,,,,10,False
chb02,chb02_16+.edf,0.0,10.0,0,FP1-F7,bistable_driven_regularity,no_external_drive,2.0,2,2,9029614919909452649,bistable hysteresis; CV sample SD; five intervals,16.0,-0.046950399001383,,local target-band PSD ratio; control is noise-only,0.0,sqrt(2Ddt),-1.0,3.0,3,2,0,1,,,False,insufficient_intervals,,,,10,False
chb02,chb02_16+.edf,0.0,10.0,0,FP1-F7,fhn_sde,eeg_component,0.0,1,0,9402003163809080458,FHN mean+SD peaks; >=0.2s intervals; CV population SD; three intervals,16.0,18.15211485556571,18.26138813155257,local target-band PSD ratio; control is noise-only,0.0,sde,,,6,5,0,0,0.0076071110024322,131.4559495293639,True,ok,18.15211485556571,0.0,-0.1092732759868617,10,True
chb02,chb02_16+.edf,0.0,10.0,0,FP1-F7,fhn_sde,eeg_component,0.0,1,1,12085535344281176406,FHN mean+SD peaks; >=0.2s intervals; CV population SD; three intervals,16.0,18.15211485556571,18.26138813155257,local target-band PSD ratio; control is noise-only,0.0,sde,,,6,5,0,0,0.0076071110024322,131.4559495293639,True,ok,18.15211485556571,0.0,-0.1092732759868617,10,True
chb02,chb02_16+.edf,0.0,10.0,0,FP1-F7,fhn_sde,eeg_component,0.0,1,2,9368513167783884136,FHN mean+SD peaks; >=0.2s intervals; CV population SD; three intervals,16.0,18.15211485556571,18.26138813155257,local target-band PSD ratio; control is noise-only,0.0,sde,,,6,5,0,0,0.0076071110024322,131.4559495293639,True,ok,18.15211485556571,0.0,-0.1092732759868617,10,True
chb02,chb02_16+.edf,0.0,10.0,0,FP1-F7,fhn_sde,eeg_component,0.1,1,0,9402003163809080458,FHN mean+SD peaks; >=0.2s intervals; CV population SD; three intervals,16.0,-1.890138492849681,18.26138813155257,local target-band PSD ratio; control is noise-only,0.0,sde,,,11,9,1,0,1.0264502843998988,0.9742313049137468,True,ok,18.15211485556571,-20.04225334841539,-20.15152662440225,10,True
chb02,chb02_16+.edf,0.0,10.0,0,FP1-F7,fhn_sde,eeg_component,0.1,1,1,12085535344281176406,FHN mean+SD peaks; >=0.2s intervals; CV population SD; three intervals,16.0,-1.6709711102609424,18.26138813155257,local target-band PSD ratio; control is noise-only,0.0,sde,,,10,8,1,0,0.1381926995981416,7.236272269866326,True,ok,18.15211485556571,-19.823085965826653,-19.932359241813515,10,True
chb02,chb02_16+.edf,0.0,10.0,0,FP1-F7,fhn_sde,eeg_component,0.1,1,2,9368513167783884136,FHN mean+SD peaks; >=0.2s intervals; CV population SD; three intervals,16.0,0.4668426929885224,18.26138813155257,local target-band PSD ratio; control is noise-only,0.0,sde,,,14,13,0,0,0.9257253967191108,1.080233947933294,True,ok,18.15211485556571,-17.68527216257719,-17.79454543856405,10,True
chb02,chb02_16+.edf,0.0,10.0,0,FP1-F7,fhn_sde,eeg_component,0.5,1,0,9402003163809080458,FHN mean+SD peaks; >=0.2s intervals; CV population SD; three intervals,16.0,-2.1843308197369544,18.26138813155257,local target-band PSD ratio; control is noise-only,0.0,sde,,,14,10,3,0,0.3489954203194504,2.865367113083195,True,ok,18.15211485556571,-20.336445675302663,-20.445718951289525,10,True
chb02,chb02_16+.edf,0.0,10.0,0,FP1-F7,fhn_sde,eeg_component,0.5,1,1,12085535344281176406,FHN mean+SD peaks; >=0.2s intervals; CV population SD; three intervals,16.0,-3.151129258323946,18.26138813155257,local target-band PSD ratio; control is noise-only,0.0,sde,,,9,7,1,0,0.2089710578122886,4.785351667685315,True,ok,18.15211485556571,-21.30324411388965,-21.41251738987652,10,True
chb02,chb02_16+.edf,0.0,10.0,0,FP1-F7,fhn_sde,eeg_component,0.5,1,2,9368513167783884136,FHN mean+SD peaks; >=0.2s intervals; CV population SD; three intervals,16.0,0.9129578936892686,18.26138813155257,local target-band PSD ratio; control is noise-only,0.0,sde,,,14,13,0,0,0.8133108557441789,1.2295421768162689,True,ok,18.15211485556571,-17.239156961876443,-17.348430237863305,10,True
chb02,chb02_16+.edf,0.0,10.0,0,FP1-F7,fhn_sde,eeg_component,2.0,1,0,9402003163809080458,FHN mean+SD peaks; >=0.2s intervals; CV population SD; three intervals,16.0,-1.933623186134482,18.26138813155257,local target-band PSD ratio; control is noise-only,0.0,sde,,,11,8,2,0,1.15139126403174,0.8685144930650034,True,ok,18.15211485556571,-20.085738041700196,-20.19501131768705,10,True
chb02,chb02_16+.edf,0.0,10.0,0,FP1-F7,fhn_sde,eeg_component,2.0,1,1,12085535344281176406,FHN mean+SD peaks; >=0.2s intervals; CV population SD; three intervals,16.0,-3.362720805812151,18.26138813155257,local target-band PSD ratio; control is noise-only,0.0,sde,,,10,9,0,0,1.6205755759999425,0.6170647113344102,True,ok,18.15211485556571,-21.514835661377862,-21.624108937364724,10,True
chb02,chb02_16+.edf,0.0,10.0,0,FP1-F7,fhn_sde,eeg_component,2.0,1,2,9368513167783884136,FHN mean+SD peaks; >=0.2s intervals; CV population SD; three intervals,16.0,1.2666096919984406,18.26138813155257,local target-band PSD ratio; control is noise-only,0.0,sde,,,11,10,0,0,0.8782231870409158,1.1386627166716,True,ok,18.15211485556571,-16.88550516356727,-16.994778439554132,10,True
chb02,chb02_16+.edf,0.0,10.0,0,FP1-F7,fhn_sde,eeg_component,0.0,2,0,4876076672079390368,FHN mean+SD peaks; >=0.2s intervals; CV population SD; three intervals,16.0,18.15197808350829,18.26138813155257,local target-band PSD ratio; control is noise-only,0.0,sde,,,6,5,0,0,0.0076071110024322,131.4559495293639,True,ok,18.15197808350829,0.0,-0.1094100480442819,10,True
chb02,chb02_16+.edf,0.0,10.0,0,FP1-F7,fhn_sde,eeg_component,0.0,2,1,16113020808080507752,FHN mean+SD peaks; >=0.2s intervals; CV population SD; three intervals,16.0,18.15197808350829,18.26138813155257,local target-band PSD ratio; control is noise-only,0.0,sde,,,6,5,0,0,0.0076071110024322,131.4559495293639,True,ok,18.15197808350829,0.0,-0.1094100480442819,10,True
chb02,chb02_16+.edf,0.0,10.0,0,FP1-F7,fhn_sde,eeg_component,0.0,2,2,1278254782589616476,FHN mean+SD peaks; >=0.2s intervals; CV population SD; three intervals,16.0,18.15197808350829,18.26138813155257,local target-band PSD ratio; control is noise-only,0.0,sde,,,6,5,0,0,0.0076071110024322,131.4559495293639,True,ok,18.15197808350829,0.0,-0.1094100480442819,10,True
chb02,chb02_16+.edf,0.0,10.0,0,FP1-F7,fhn_sde,eeg_component,0.1,2,0,4876076672079390368,FHN mean+SD peaks; >=0.2s intervals; CV population SD; three intervals,16.0,1.0417968585887234,18.26138813155257,local target-band PSD ratio; control is noise-only,0.0,sde,,,12,11,0,0,1.7820536380269498,0.5611503372632363,True,ok,18.15197808350829,-17.110181224919565,-17.219591272963847,10,True
chb02,chb02_16+.edf,0.0,10.0,0,FP1-F7,fhn_sde,eeg_component,0.1,2,1,16113020808080507752,FHN mean+SD peaks; >=0.2s intervals; CV population SD; three intervals,16.0,-0.701108711441929,18.26138813155257,local target-band PSD ratio; control is noise-only,0.0,sde,,,10,8,1,0,0.2080567722375454,4.806380437634909,True,ok,18.15197808350829,-18.85308679495022,-18.9624968429945,10,True
chb02,chb02_16+.edf,0.0,10.0,0,FP1-F7,fhn_sde,eeg_component,0.1,2,2,1278254782589616476,FHN mean+SD peaks; >=0.2s intervals; CV population SD; three intervals,16.0,3.109156205501516,18.26138813155257,local target-band PSD ratio; control is noise-only,0.0,sde,,,9,7,1,0,0.2127910086742364,4.699446683534024,True,ok,18.15197808350829,-15.042821878006771,-15.152231926051057,10,True
chb02,chb02_16+.edf,0.0,10.0,0,FP1-F7,fhn_sde,eeg_component,0.5,2,0,4876076672079390368,FHN mean+SD peaks; >=0.2s intervals; CV population SD; three intervals,16.0,-0.4748645401711622,18.26138813155257,local target-band PSD ratio; control is noise-only,0.0,sde,,,9,8,0,0,1.585776005044775,0.6306060861172917,True,ok,18.15197808350829,-18.62684262367945,-18.736252671723733,10,True
chb02,chb02_16+.edf,0.0,10.0,0,FP1-F7,fhn_sde,eeg_component,0.5,2,1,16113020808080507752,FHN mean+SD peaks; >=0.2s intervals; CV population SD; three intervals,16.0,-1.0670907119448545,18.26138813155257,local target-band PSD ratio; control is noise-only,0.0,sde,,,14,12,1,0,1.191401259987161,0.8393477777678163,True,ok,18.15197808350829,-19.219068795453143,-19.328478843497425,10,True
chb02,chb02_16+.edf,0.0,10.0,0,FP1-F7,fhn_sde,eeg_component,0.5,2,2,1278254782589616476,FHN mean+SD peaks; >=0.2s intervals; CV population SD; three intervals,16.0,1.5107088787060832,18.26138813155257,local target-band PSD ratio; control is noise-only,0.0,sde,,,11,10,0,0,0.2131039925404812,4.6925446495801335,True,ok,18.15197808350829,-16.641269204802207,-16.75067925284649,10,True
chb02,chb02_16+.edf,0.0,10.0,0,FP1-F7,fhn_sde,eeg_component,2.0,2,0,4876076672079390368,FHN mean+SD peaks; >=0.2s intervals; CV population SD; three intervals,16.0,-0.9263294633704222,18.26138813155257,local target-band PSD ratio; control is noise-only,0.0,sde,,,11,9,1,0,1.868306014896588,0.5352442223204803,True,ok,18.15197808350829,-19.07830754687871,-19.187717594922997,10,True
chb02,chb02_16+.edf,0.0,10.0,0,FP1-F7,fhn_sde,eeg_component,2.0,2,1,16113020808080507752,FHN mean+SD peaks; >=0.2s intervals; CV population SD; three intervals,16.0,-1.0516759143529424,18.26138813155257,local target-band PSD ratio; control is noise-only,0.0,sde,,,13,11,1,0,0.89505741759452,1.1172467601994909,True,ok,18.15197808350829,-19.20365399786123,-19.313064045905517,10,True
chb02,chb02_16+.edf,0.0,10.0,0,FP1-F7,fhn_sde,eeg_component,2.0,2,2,1278254782589616476,FHN mean+SD peaks; >=0.2s intervals; CV population SD; three intervals,16.0,0.9045914358646744,18.26138813155257,local target-band PSD ratio; control is noise-only,0.0,sde,,,12,11,0,0,0.242910516458964,4.116742307321776,True,ok,18.15197808350829,-17.247386647643616,-17.356796695687898,10,True
chb02,chb02_16+.edf,0.0,10.0,0,FP1-F7,fhn_sde,no_external_drive,0.0,1,0,9402003163809080458,FHN mean+SD peaks; >=0.2s intervals; CV population SD; three intervals,16.0,-0.5570006045165705,,local target-band PSD ratio; control is noise-only,0.0,sde,,,0,0,0,0,,,False,insufficient_intervals,-0.5570006045165705,0.0,,10,True
chb02,chb02_16+.edf,0.0,10.0,0,FP1-F7,fhn_sde,no_external_drive,0.0,1,1,12085535344281176406,FHN mean+SD peaks; >=0.2s intervals; CV population SD; three intervals,16.0,-0.5570006045165705,,local target-band PSD ratio; control is noise-only,0.0,sde,,,0,0,0,0,,,False,insufficient_intervals,-0.5570006045165705,0.0,,10,True
chb02,chb02_16+.edf,0.0,10.0,0,FP1-F7,fhn_sde,no_external_drive,0.0,1,2,9368513167783884136,FHN mean+SD peaks; >=0.2s intervals; CV population SD; three intervals,16.0,-0.5570006045165705,,local target-band PSD ratio; control is noise-only,0.0,sde,,,0,0,0,0,,,False,insufficient_intervals,-0.5570006045165705,0.0,,10,True
chb02,chb02_16+.edf,0.0,10.0,0,FP1-F7,fhn_sde,no_external_drive,0.1,1,0,9402003163809080458,FHN mean+SD peaks; >=0.2s intervals; CV population SD; three intervals,16.0,-1.473781954204182,,local target-band PSD ratio; control is noise-only,0.0,sde,,,11,9,1,0,1.0264502843998988,0.9742313049137468,True,ok,-0.5570006045165705,-0.9167813496876114,,10,True
chb02,chb02_16+.edf,0.0,10.0,0,FP1-F7,fhn_sde,no_external_drive,0.1,1,1,12085535344281176406,FHN mean+SD peaks; >=0.2s intervals; CV population SD; three intervals,16.0,-3.2620244811252967,,local target-band PSD ratio; control is noise-only,0.0,sde,,,10,8,1,0,0.1381926995981416,7.236272269866326,True,ok,-0.5570006045165705,-2.7050238766087262,,10,True
chb02,chb02_16+.edf,0.0,10.0,0,FP1-F7,fhn_sde,no_external_drive,0.1,1,2,9368513167783884136,FHN mean+SD peaks; >=0.2s intervals; CV population SD; three intervals,16.0,1.6889289496390338,,local target-band PSD ratio; control is noise-only,0.0,sde,,,14,13,0,0,0.9257253967191108,1.080233947933294,True,ok,-0.5570006045165705,2.2459295541556044,,10,True
chb02,chb02_16+.edf,0.0,10.0,0,FP1-F7,fhn_sde,no_external_drive,0.5,1,0,9402003163809080458,FHN mean+SD peaks; >=0.2s intervals; CV population SD; three intervals,16.0,-1.4658492347093848,,local target-band PSD ratio; control is noise-only,0.0,sde,,,14,10,3,0,0.3489954203194504,2.865367113083195,True,ok,-0.5570006045165705,-0.9088486301928144,,10,True
chb02,chb02_16+.edf,0.0,10.0,0,FP1-F7,fhn_sde,no_external_drive,0.5,1,1,12085535344281176406,FHN mean+SD peaks; >=0.2s intervals; CV population SD; three intervals,16.0,-3.2315687202150567,,local target-band PSD ratio; control is noise-only,0.0,sde,,,9,7,1,0,0.2089710578122886,4.785351667685315,True,ok,-0.5570006045165705,-2.674568115698486,,10,True
chb02,chb02_16+.edf,0.0,10.0,0,FP1-F7,fhn_sde,no_external_drive,0.5,1,2,9368513167783884136,FHN mean+SD peaks; >=0.2s intervals; CV population SD; three intervals,16.0,1.673896640879752,,local target-band PSD ratio; control is noise-only,0.0,sde,,,14,13,0,0,0.8133108557441789,1.2295421768162689,True,ok,-0.5570006045165705,2.2308972453963225,,10,True
chb02,chb02_16+.edf,0.0,10.0,0,FP1-F7,fhn_sde,no_external_drive,2.0,1,0,9402003163809080458,FHN mean+SD peaks; >=0.2s intervals; CV population SD; three intervals,16.0,-1.4782451374199117,,local target-band PSD ratio; control is noise-only,0.0,sde,,,11,8,2,0,1.15139126403174,0.8685144930650034,True,ok,-0.5570006045165705,-0.921244532903341,,10,True
chb02,chb02_16+.edf,0.0,10.0,0,FP1-F7,fhn_sde,no_external_drive,2.0,1,1,12085535344281176406,FHN mean+SD peaks; >=0.2s intervals; CV population SD; three intervals,16.0,-3.2461427971892745,,local target-band PSD ratio; control is noise-only,0.0,sde,,,10,9,0,0,1.6205755759999425,0.6170647113344102,True,ok,-0.5570006045165705,-2.689142192672704,,10,True
chb02,chb02_16+.edf,0.0,10.0,0,FP1-F7,fhn_sde,no_external_drive,2.0,1,2,9368513167783884136,FHN mean+SD peaks; >=0.2s intervals; CV population SD; three intervals,16.0,1.685844579266105,,local target-band PSD ratio; control is noise-only,0.0,sde,,,11,10,0,0,0.8782231870409158,1.1386627166716,True,ok,-0.5570006045165705,2.2428451837826757,,10,True
chb02,chb02_16+.edf,0.0,10.0,0,FP1-F7,fhn_sde,no_external_drive,0.0,2,0,4876076672079390368,FHN mean+SD peaks; >=0.2s intervals; CV population SD; three intervals,16.0,-0.5570004487899463,,local target-band PSD ratio; control is noise-only,0.0,sde,,,0,0,0,0,,,False,insufficient_intervals,-0.5570004487899463,0.0,,10,True
chb02,chb02_16+.edf,0.0,10.0,0,FP1-F7,fhn_sde,no_external_drive,0.0,2,1,16113020808080507752,FHN mean+SD peaks; >=0.2s intervals; CV population SD; three intervals,16.0,-0.5570004487899463,,local target-band PSD ratio; control is noise-only,0.0,sde,,,0,0,0,0,,,False,insufficient_intervals,-0.5570004487899463,0.0,,10,True
chb02,chb02_16+.edf,0.0,10.0,0,FP1-F7,fhn_sde,no_external_drive,0.0,2,2,1278254782589616476,FHN mean+SD peaks; >=0.2s intervals; CV population SD; three intervals,16.0,-0.5570004487899463,,local target-band PSD ratio; control is noise-only,0.0,sde,,,0,0,0,0,,,False,insufficient_intervals,-0.5570004487899463,0.0,,10,True
chb02,chb02_16+.edf,0.0,10.0,0,FP1-F7,fhn_sde,no_external_drive,0.1,2,0,4876076672079390368,FHN mean+SD peaks; >=0.2s intervals; CV population SD; three intervals,16.0,-1.304661723105487,,local target-band PSD ratio; control is noise-only,0.0,sde,,,12,11,0,0,1.790863527299286,0.5583898408540662,True,ok,-0.5570004487899463,-0.7476612743155406,,10,True
chb02,chb02_16+.edf,0.0,10.0,0,FP1-F7,fhn_sde,no_external_drive,0.1,2,1,16113020808080507752,FHN mean+SD peaks; >=0.2s intervals; CV population SD; three intervals,16.0,-0.7471379691859324,,local target-band PSD ratio; control is noise-only,0.0,sde,,,10,8,1,0,0.2080567722375454,4.806380437634909,True,ok,-0.5570004487899463,-0.1901375203959862,,10,True
chb02,chb02_16+.edf,0.0,10.0,0,FP1-F7,fhn_sde,no_external_drive,0.1,2,2,1278254782589616476,FHN mean+SD peaks; >=0.2s intervals; CV population SD; three intervals,16.0,0.3810464903224462,,local target-band PSD ratio; control is noise-only,0.0,sde,,,9,7,1,0,0.2127910086742364,4.699446683534024,True,ok,-0.5570004487899463,0.9380469391123925,,10,True
chb02,chb02_16+.edf,0.0,10.0,0,FP1-F7,fhn_sde,no_external_drive,0.5,2,0,4876076672079390368,FHN mean+SD peaks; >=0.2s intervals; CV population SD; three intervals,16.0,-1.2968885071675862,,local target-band PSD ratio; control is noise-only,0.0,sde,,,8,7,0,0,1.684320484002413,0.5937112381509024,True,ok,-0.5570004487899463,-0.7398880583776399,,10,True
chb02,chb02_16+.edf,0.0,10.0,0,FP1-F7,fhn_sde,no_external_drive,0.5,2,1,16113020808080507752,FHN mean+SD peaks; >=0.2s intervals; CV population SD; three intervals,16.0,-0.7146783060720956,,local target-band PSD ratio; control is noise-only,0.0,sde,,,15,14,0,0,1.2708369713635073,0.786882993282041,True,ok,-0.5570004487899463,-0.1576778572821493,,10,True
chb02,chb02_16+.edf,0.0,10.0,0,FP1-F7,fhn_sde,no_external_drive,0.5,2,2,1278254782589616476,FHN mean+SD peaks; >=0.2s intervals; CV population SD; three intervals,16.0,0.3494294415499793,,local target-band PSD ratio; control is noise-only,0.0,sde,,,11,10,0,0,0.2131039925404812,4.6925446495801335,True,ok,-0.5570004487899463,0.9064298903399256,,10,True
chb02,chb02_16+.edf,0.0,10.0,0,FP1-F7,fhn_sde,no_external_drive,2.0,2,0,4876076672079390368,FHN mean+SD peaks; >=0.2s intervals; CV population SD; three intervals,16.0,-1.2641698825510337,,local target-band PSD ratio; control is noise-only,0.0,sde,,,11,9,1,0,1.869558643108392,0.5348856018430992,True,ok,-0.5570004487899463,-0.7071694337610874,,10,True
chb02,chb02_16+.edf,0.0,10.0,0,FP1-F7,fhn_sde,no_external_drive,2.0,2,1,16113020808080507752,FHN mean+SD peaks; >=0.2s intervals; CV population SD; three intervals,16.0,-0.8080124989346117,,local target-band PSD ratio; control is noise-only,0.0,sde,,,12,10,1,0,0.9439854539929304,1.0593383571432544,True,ok,-0.5570004487899463,-0.2510120501446654,,10,True
chb02,chb02_16+.edf,0.0,10.0,0,FP1-F7,fhn_sde,no_external_drive,2.0,2,2,1278254782589616476,FHN mean+SD peaks; >=0.2s intervals; CV population SD; three intervals,16.0,0.3515869111453094,,local target-band PSD ratio; control is noise-only,0.0,sde,,,12,11,0,0,0.242910516458964,4.116742307321776,True,ok,-0.5570004487899463,0.9085873599352556,,10,True
chb02,chb02_16+.edf,2980.0,2990.0,1,FP1-F7,bistable_driven_regularity,eeg_component,0.0,1,0,10591235666099491839,bistable hysteresis; CV sample SD; five intervals,2.0,13.046361602384168,12.12698994593448,local target-band PSD ratio; control is noise-only,0.0,sqrt(2Ddt),-1.0,3.0,0,0,0,1,,,False,insufficient_intervals,13.046361602384168,0.0,0.9193716564496874,10,True
chb02,chb02_16+.edf,2980.0,2990.0,1,FP1-F7,bistable_driven_regularity,eeg_component,0.0,1,1,8310893708392434124,bistable hysteresis; CV sample SD; five intervals,2.0,13.046361602384168,12.12698994593448,local target-band PSD ratio; control is noise-only,0.0,sqrt(2Ddt),-1.0,3.0,0,0,0,1,,,False,insufficient_intervals,13.046361602384168,0.0,0.9193716564496874,10,True
chb02,chb02_16+.edf,2980.0,2990.0,1,FP1-F7,bistable_driven_regularity,eeg_component,0.0,1,2,8725937310398778790,bistable hysteresis; CV sample SD; five intervals,2.0,13.046361602384168,12.12698994593448,local target-band PSD ratio; control is noise-only,0.0,sqrt(2Ddt),-1.0,3.0,0,0,0,1,,,False,insufficient_intervals,13.046361602384168,0.0,0.9193716564496874,10,True
chb02,chb02_16+.edf,2980.0,2990.0,1,FP1-F7,bistable_driven_regularity,eeg_component,0.1,1,0,10591235666099491839,bistable hysteresis; CV sample SD; five intervals,2.0,-5.738572844637092,12.12698994593448,local target-band PSD ratio; control is noise-only,0.0,sqrt(2Ddt),-1.0,3.0,0,0,0,1,,,False,insufficient_intervals,13.046361602384168,-18.784934447021257,-17.865562790571573,10,True
chb02,chb02_16+.edf,2980.0,2990.0,1,FP1-F7,bistable_driven_regularity,eeg_component,0.1,1,1,8310893708392434124,bistable hysteresis; CV sample SD; five intervals,2.0,-5.191382473521888,12.12698994593448,local target-band PSD ratio; control is noise-only,0.0,sqrt(2Ddt),-1.0,3.0,0,0,0,1,,,False,insufficient_intervals,13.046361602384168,-18.23774407590605,-17.318372419456367,10,True
chb02,chb02_16+.edf,2980.0,2990.0,1,FP1-F7,bistable_driven_regularity,eeg_component,0.1,1,2,8725937310398778790,bistable hysteresis; CV sample SD; five intervals,2.0,-3.6999719292514217,12.12698994593448,local target-band PSD ratio; control is noise-only,0.0,sqrt(2Ddt),-1.0,3.0,0,0,0,1,,,False,insufficient_intervals,13.046361602384168,-16.74633353163559,-15.8269618751859,10,True
chb02,chb02_16+.edf,2980.0,2990.0,1,FP1-F7,bistable_driven_regularity,eeg_component,0.5,1,0,10591235666099491839,bistable hysteresis; CV sample SD; five intervals,2.0,-9.888987989288529,12.12698994593448,local target-band PSD ratio; control is noise-only,0.0,sqrt(2Ddt),-1.0,3.0,2,1,0,1,,,False,insufficient_intervals,13.046361602384168,-22.935349591672697,-22.01597793522301,10,True
chb02,chb02_16+.edf,2980.0,2990.0,1,FP1-F7,bistable_driven_regularity,eeg_component,0.5,1,1,8310893708392434124,bistable hysteresis; CV sample SD; five intervals,2.0,-9.030724643813013,12.12698994593448,local target-band PSD ratio; control is noise-only,0.0,sqrt(2Ddt),-1.0,3.0,2,1,0,1,,,False,insufficient_intervals,13.046361602384168,-22.07708624619718,-21.15771458974749,10,True
chb02,chb02_16+.edf,2980.0,2990.0,1,FP1-F7,bistable_driven_regularity,eeg_component,0.5,1,2,8725937310398778790,bistable hysteresis; CV sample SD; five intervals,2.0,-8.56755630977321,12.12698994593448,local target-band PSD ratio; control is noise-only,0.0,sqrt(2Ddt),-1.0,3.0,2,1,0,1,,,False,insufficient_intervals,13.046361602384168,-21.613917912157376,-20.69454625570769,10,True
chb02,chb02_16+.edf,2980.0,2990.0,1,FP1-F7,bistable_driven_regularity,eeg_component,2.0,1,0,10591235666099491839,bistable hysteresis; CV sample SD; five intervals,2.0,-8.32791797909404,12.12698994593448,local target-band PSD ratio; control is noise-only,0.0,sqrt(2Ddt),-1.0,3.0,10,9,0,1,0.9545884865365404,1.0475718218938743,True,ok,13.046361602384168,-21.37427958147821,-20.45490792502852,10,True
chb02,chb02_16+.edf,2980.0,2990.0,1,FP1-F7,bistable_driven_regularity,eeg_component,2.0,1,1,8310893708392434124,bistable hysteresis; CV sample SD; five intervals,2.0,-5.7397438796228295,12.12698994593448,local target-band PSD ratio; control is noise-only,0.0,sqrt(2Ddt),-1.0,3.0,4,3,0,1,,,False,insufficient_intervals,13.046361602384168,-18.786105482006995,-17.866733825557308,10,True
chb02,chb02_16+.edf,2980.0,2990.0,1,FP1-F7,bistable_driven_regularity,eeg_component,2.0,1,2,8725937310398778790,bistable hysteresis; CV sample SD; five intervals,2.0,-7.534090862727931,12.12698994593448,local target-band PSD ratio; control is noise-only,0.0,sqrt(2Ddt),-1.0,3.0,12,11,0,1,0.874185829528569,1.1439215395876183,True,ok,13.046361602384168,-20.580452465112096,-19.66108080866241,10,True
chb02,chb02_16+.edf,2980.0,2990.0,1,FP1-F7,bistable_driven_regularity,eeg_component,0.0,2,0,780244885830089446,bistable hysteresis; CV sample SD; five intervals,2.0,13.046218070062064,12.12698994593448,local target-band PSD ratio; control is noise-only,0.0,sqrt(2Ddt),-1.0,3.0,0,0,0,1,,,False,insufficient_intervals,13.046218070062064,0.0,0.919228124127585,10,True
chb02,chb02_16+.edf,2980.0,2990.0,1,FP1-F7,bistable_driven_regularity,eeg_component,0.0,2,1,16443547023225810701,bistable hysteresis; CV sample SD; five intervals,2.0,13.046218070062064,12.12698994593448,local target-band PSD ratio; control is noise-only,0.0,sqrt(2Ddt),-1.0,3.0,0,0,0,1,,,False,insufficient_intervals,13.046218070062064,0.0,0.919228124127585,10,True
chb02,chb02_16+.edf,2980.0,2990.0,1,FP1-F7,bistable_driven_regularity,eeg_component,0.0,2,2,3713772953000144575,bistable hysteresis; CV sample SD; five intervals,2.0,13.046218070062064,12.12698994593448,local target-band PSD ratio; control is noise-only,0.0,sqrt(2Ddt),-1.0,3.0,0,0,0,1,,,False,insufficient_intervals,13.046218070062064,0.0,0.919228124127585,10,True
chb02,chb02_16+.edf,2980.0,2990.0,1,FP1-F7,bistable_driven_regularity,eeg_component,0.1,2,0,780244885830089446,bistable hysteresis; CV sample SD; five intervals,2.0,-4.121090105363136,12.12698994593448,local target-band PSD ratio; control is noise-only,0.0,sqrt(2Ddt),-1.0,3.0,0,0,0,1,,,False,insufficient_intervals,13.046218070062064,-17.167308175425198,-16.248080051297613,10,True
chb02,chb02_16+.edf,2980.0,2990.0,1,FP1-F7,bistable_driven_regularity,eeg_component,0.1,2,1,16443547023225810701,bistable hysteresis; CV sample SD; five intervals,2.0,-8.961755897716287,12.12698994593448,local target-band PSD ratio; control is noise-only,0.0,sqrt(2Ddt),-1.0,3.0,1,0,0,1,,,False,insufficient_intervals,13.046218070062064,-22.00797396777835,-21.088745843650766,10,True
chb02,chb02_16+.edf,2980.0,2990.0,1,FP1-F7,bistable_driven_regularity,eeg_component,0.1,2,2,3713772953000144575,bistable hysteresis; CV sample SD; five intervals,2.0,-0.3303454594681658,12.12698994593448,local target-band PSD ratio; control is noise-only,0.0,sqrt(2Ddt),-1.0,3.0,0,0,0,1,,,False,insufficient_intervals,13.046218070062064,-13.37656352953023,-12.457335405402644,10,True
chb02,chb02_16+.edf,2980.0,2990.0,1,FP1-F7,bistable_driven_regularity,eeg_component,0.5,2,0,780244885830089446,bistable hysteresis; CV sample SD; five intervals,2.0,-6.311673303650263,12.12698994593448,local target-band PSD ratio; control is noise-only,0.0,sqrt(2Ddt),-1.0,3.0,3,2,0,1,,,False,insufficient_intervals,13.046218070062064,-19.357891373712327,-18.438663249584742,10,True
chb02,chb02_16+.edf,2980.0,2990.0,1,FP1-F7,bistable_driven_regularity,eeg_component,0.5,2,1,16443547023225810701,bistable hysteresis; CV sample SD; five intervals,2.0,-6.000705496048408,12.12698994593448,local target-band PSD ratio; control is noise-only,0.0,sqrt(2Ddt),-1.0,3.0,1,0,0,1,,,False,insufficient_intervals,13.046218070062064,-19.046923566110472,-18.127695441982887,10,True
chb02,chb02_16+.edf,2980.0,2990.0,1,FP1-F7,bistable_driven_regularity,eeg_component,0.5,2,2,3713772953000144575,bistable hysteresis; CV sample SD; five intervals,2.0,-6.479453155966203,12.12698994593448,local target-band PSD ratio; control is noise-only,0.0,sqrt(2Ddt),-1.0,3.0,1,0,0,1,,,False,insufficient_intervals,13.046218070062064,-19.525671226028265,-18.60644310190068,10,True
chb02,chb02_16+.edf,2980.0,2990.0,1,FP1-F7,bistable_driven_regularity,eeg_component,2.0,2,0,780244885830089446,bistable hysteresis; CV sample SD; five intervals,2.0,-6.867414992952252,12.12698994593448,local target-band PSD ratio; control is noise-only,0.0,sqrt(2Ddt),-1.0,3.0,7,6,0,1,0.9221775944586706,1.0843898247029218,True,ok,13.046218070062064,-19.91363306301432,-18.99440493888673,10,True
chb02,chb02_16+.edf,2980.0,2990.0,1,FP1-F7,bistable_driven_regularity,eeg_component,2.0,2,1,16443547023225810701,bistable hysteresis; CV sample SD; five intervals,2.0,-2.575063477798971,12.12698994593448,local target-band PSD ratio; control is noise-only,0.0,sqrt(2Ddt),-1.0,3.0,6,5,0,1,1.2206277630659774,0.8192505776602985,True,ok,13.046218070062064,-15.621281547861036,-14.70205342373345,10,True
chb02,chb02_16+.edf,2980.0,2990.0,1,FP1-F7,bistable_driven_regularity,eeg_component,2.0,2,2,3713772953000144575,bistable hysteresis; CV sample SD; five intervals,2.0,-6.278665602064898,12.12698994593448,local target-band PSD ratio; control is noise-only,0.0,sqrt(2Ddt),-1.0,3.0,5,4,0,1,,,False,insufficient_intervals,13.046218070062064,-19.32488367212696,-18.405655547999377,10,True
chb02,chb02_16+.edf,2980.0,2990.0,1,FP1-F7,bistable_driven_regularity,no_external_drive,0.0,1,0,10591235666099491839,bistable hysteresis; CV sample SD; five intervals,2.0,,,local target-band PSD ratio; control is noise-only,0.0,sqrt(2Ddt),-1.0,3.0,0,0,0,1,,,False,insufficient_intervals,,,,10,False
chb02,chb02_16+.edf,2980.0,2990.0,1,FP1-F7,bistable_driven_regularity,no_external_drive,0.0,1,1,8310893708392434124,bistable hysteresis; CV sample SD; five intervals,2.0,,,local target-band PSD ratio; control is noise-only,0.0,sqrt(2Ddt),-1.0,3.0,0,0,0,1,,,False,insufficient_intervals,,,,10,False
chb02,chb02_16+.edf,2980.0,2990.0,1,FP1-F7,bistable_driven_regularity,no_external_drive,0.0,1,2,8725937310398778790,bistable hysteresis; CV sample SD; five intervals,2.0,,,local target-band PSD ratio; control is noise-only,0.0,sqrt(2Ddt),-1.0,3.0,0,0,0,1,,,False,insufficient_intervals,,,,10,False
chb02,chb02_16+.edf,2980.0,2990.0,1,FP1-F7,bistable_driven_regularity,no_external_drive,0.1,1,0,10591235666099491839,bistable hysteresis; CV sample SD; five intervals,2.0,-7.261033948266816,,local target-band PSD ratio; control is noise-only,0.0,sqrt(2Ddt),-1.0,3.0,0,0,0,1,,,False,insufficient_intervals,,,,10,False
chb02,chb02_16+.edf,2980.0,2990.0,1,FP1-F7,bistable_driven_regularity,no_external_drive,0.1,1,1,8310893708392434124,bistable hysteresis; CV sample SD; five intervals,2.0,-8.066575631659038,,local target-band PSD ratio; control is noise-only,0.0,sqrt(2Ddt),-1.0,3.0,0,0,0,1,,,False,insufficient_intervals,,,,10,False
chb02,chb02_16+.edf,2980.0,2990.0,1,FP1-F7,bistable_driven_regularity,no_external_drive,0.1,1,2,8725937310398778790,bistable hysteresis; CV sample SD; five intervals,2.0,-4.843039712101617,,local target-band PSD ratio; control is noise-only,0.0,sqrt(2Ddt),-1.0,3.0,0,0,0,1,,,False,insufficient_intervals,,,,10,False
chb02,chb02_16+.edf,2980.0,2990.0,1,FP1-F7,bistable_driven_regularity,no_external_drive,0.5,1,0,10591235666099491839,bistable hysteresis; CV sample SD; five intervals,2.0,-10.262572233594408,,local target-band PSD ratio; control is noise-only,0.0,sqrt(2Ddt),-1.0,3.0,2,1,0,1,,,False,insufficient_intervals,,,,10,False
chb02,chb02_16+.edf,2980.0,2990.0,1,FP1-F7,bistable_driven_regularity,no_external_drive,0.5,1,1,8310893708392434124,bistable hysteresis; CV sample SD; five intervals,2.0,-10.514410651153035,,local target-band PSD ratio; control is noise-only,0.0,sqrt(2Ddt),-1.0,3.0,2,1,0,1,,,False,insufficient_intervals,,,,10,False
chb02,chb02_16+.edf,2980.0,2990.0,1,FP1-F7,bistable_driven_regularity,no_external_drive,0.5,1,2,8725937310398778790,bistable hysteresis; CV sample SD; five intervals,2.0,-8.867329489647668,,local target-band PSD ratio; control is noise-only,0.0,sqrt(2Ddt),-1.0,3.0,2,1,0,1,,,False,insufficient_intervals,,,,10,False
chb02,chb02_16+.edf,2980.0,2990.0,1,FP1-F7,bistable_driven_regularity,no_external_drive,2.0,1,0,10591235666099491839,bistable hysteresis; CV sample SD; five intervals,2.0,-8.482351689690166,,local target-band PSD ratio; control is noise-only,0.0,sqrt(2Ddt),-1.0,3.0,10,9,0,1,0.9561664094072851,1.0458430563565673,True,ok,,,,10,False
chb02,chb02_16+.edf,2980.0,2990.0,1,FP1-F7,bistable_driven_regularity,no_external_drive,2.0,1,1,8310893708392434124,bistable hysteresis; CV sample SD; five intervals,2.0,-6.450679882627396,,local target-band PSD ratio; control is noise-only,0.0,sqrt(2Ddt),-1.0,3.0,4,3,0,1,,,False,insufficient_intervals,,,,10,False
chb02,chb02_16+.edf,2980.0,2990.0,1,FP1-F7,bistable_driven_regularity,no_external_drive,2.0,1,2,8725937310398778790,bistable hysteresis; CV sample SD; five intervals,2.0,-7.68087886838933,,local target-band PSD ratio; control is noise-only,0.0,sqrt(2Ddt),-1.0,3.0,12,11,0,1,0.8737899024133213,1.1444398673389322,True,ok,,,,10,False
chb02,chb02_16+.edf,2980.0,2990.0,1,FP1-F7,bistable_driven_regularity,no_external_drive,0.0,2,0,780244885830089446,bistable hysteresis; CV sample SD; five intervals,2.0,,,local target-band PSD ratio; control is noise-only,0.0,sqrt(2Ddt),-1.0,3.0,0,0,0,1,,,False,insufficient_intervals,,,,10,False
chb02,chb02_16+.edf,2980.0,2990.0,1,FP1-F7,bistable_driven_regularity,no_external_drive,0.0,2,1,16443547023225810701,bistable hysteresis; CV sample SD; five intervals,2.0,,,local target-band PSD ratio; control is noise-only,0.0,sqrt(2Ddt),-1.0,3.0,0,0,0,1,,,False,insufficient_intervals,,,,10,False
chb02,chb02_16+.edf,2980.0,2990.0,1,FP1-F7,bistable_driven_regularity,no_external_drive,0.0,2,2,3713772953000144575,bistable hysteresis; CV sample SD; five intervals,2.0,,,local target-band PSD ratio; control is noise-only,0.0,sqrt(2Ddt),-1.0,3.0,0,0,0,1,,,False,insufficient_intervals,,,,10,False
chb02,chb02_16+.edf,2980.0,2990.0,1,FP1-F7,bistable_driven_regularity,no_external_drive,0.1,2,0,780244885830089446,bistable hysteresis; CV sample SD; five intervals,2.0,-5.350766376938912,,local target-band PSD ratio; control is noise-only,0.0,sqrt(2Ddt),-1.0,3.0,0,0,0,1,,,False,insufficient_intervals,,,,10,False
chb02,chb02_16+.edf,2980.0,2990.0,1,FP1-F7,bistable_driven_regularity,no_external_drive,0.1,2,1,16443547023225810701,bistable hysteresis; CV sample SD; five intervals,2.0,-5.641610348787553,,local target-band PSD ratio; control is noise-only,0.0,sqrt(2Ddt),-1.0,3.0,0,0,0,1,,,False,insufficient_intervals,,,,10,False
chb02,chb02_16+.edf,2980.0,2990.0,1,FP1-F7,bistable_driven_regularity,no_external_drive,0.1,2,2,3713772953000144575,bistable hysteresis; CV sample SD; five intervals,2.0,-4.127355096010299,,local target-band PSD ratio; control is noise-only,0.0,sqrt(2Ddt),-1.0,3.0,0,0,0,1,,,False,insufficient_intervals,,,,10,False
chb02,chb02_16+.edf,2980.0,2990.0,1,FP1-F7,bistable_driven_regularity,no_external_drive,0.5,2,0,780244885830089446,bistable hysteresis; CV sample SD; five intervals,2.0,-6.604602930180088,,local target-band PSD ratio; control is noise-only,0.0,sqrt(2Ddt),-1.0,3.0,3,2,0,1,,,False,insufficient_intervals,,,,10,False
chb02,chb02_16+.edf,2980.0,2990.0,1,FP1-F7,bistable_driven_regularity,no_external_drive,0.5,2,1,16443547023225810701,bistable hysteresis; CV sample SD; five intervals,2.0,-5.201895201188752,,local target-band PSD ratio; control is noise-only,0.0,sqrt(2Ddt),-1.0,3.0,1,0,0,1,,,False,insufficient_intervals,,,,10,False
chb02,chb02_16+.edf,2980.0,2990.0,1,FP1-F7,bistable_driven_regularity,no_external_drive,0.5,2,2,3713772953000144575,bistable hysteresis; CV sample SD; five intervals,2.0,-8.310572537887866,,local target-band PSD ratio; control is noise-only,0.0,sqrt(2Ddt),-1.0,3.0,1,0,0,1,,,False,insufficient_intervals,,,,10,False
chb02,chb02_16+.edf,2980.0,2990.0,1,FP1-F7,bistable_driven_regularity,no_external_drive,2.0,2,0,780244885830089446,bistable hysteresis; CV sample SD; five intervals,2.0,-6.980349975093808,,local target-band PSD ratio; control is noise-only,0.0,sqrt(2Ddt),-1.0,3.0,7,6,0,1,0.9160014851374348,1.091701286761519,True,ok,,,,10,False
chb02,chb02_16+.edf,2980.0,2990.0,1,FP1-F7,bistable_driven_regularity,no_external_drive,2.0,2,1,16443547023225810701,bistable hysteresis; CV sample SD; five intervals,2.0,-2.239825985603912,,local target-band PSD ratio; control is noise-only,0.0,sqrt(2Ddt),-1.0,3.0,8,7,0,1,1.044517548965559,0.9573797979654368,True,ok,,,,10,False
chb02,chb02_16+.edf,2980.0,2990.0,1,FP1-F7,bistable_driven_regularity,no_external_drive,2.0,2,2,3713772953000144575,bistable hysteresis; CV sample SD; five intervals,2.0,-7.266292165955704,,local target-band PSD ratio; control is noise-only,0.0,sqrt(2Ddt),-1.0,3.0,5,4,0,1,,,False,insufficient_intervals,,,,10,False
chb02,chb02_16+.edf,2980.0,2990.0,1,FP1-F7,fhn_sde,eeg_component,0.0,1,0,841055959855507556,FHN mean+SD peaks; >=0.2s intervals; CV population SD; three intervals,2.0,4.300332485418108,12.12698994593448,local target-band PSD ratio; control is noise-only,0.0,sde,,,2,1,0,0,,,False,insufficient_intervals,4.300332485418108,0.0,-7.826657460516371,10,True
chb02,chb02_16+.edf,2980.0,2990.0,1,FP1-F7,fhn_sde,eeg_component,0.0,1,1,12174236181735188869,FHN mean+SD peaks; >=0.2s intervals; CV population SD; three intervals,2.0,4.300332485418108,12.12698994593448,local target-band PSD ratio; control is noise-only,0.0,sde,,,2,1,0,0,,,False,insufficient_intervals,4.300332485418108,0.0,-7.826657460516371,10,True
chb02,chb02_16+.edf,2980.0,2990.0,1,FP1-F7,fhn_sde,eeg_component,0.0,1,2,137198160552411983,FHN mean+SD peaks; >=0.2s intervals; CV population SD; three intervals,2.0,4.300332485418108,12.12698994593448,local target-band PSD ratio; control is noise-only,0.0,sde,,,2,1,0,0,,,False,insufficient_intervals,4.300332485418108,0.0,-7.826657460516371,10,True
chb02,chb02_16+.edf,2980.0,2990.0,1,FP1-F7,fhn_sde,eeg_component,0.1,1,0,841055959855507556,FHN mean+SD peaks; >=0.2s intervals; CV population SD; three intervals,2.0,-14.436270975110148,12.12698994593448,local target-band PSD ratio; control is noise-only,0.0,sde,,,13,12,0,0,0.2243799184708936,4.456726817688541,True,ok,4.300332485418108,-18.736603460528254,-26.563260921044627,10,True
chb02,chb02_16+.edf,2980.0,2990.0,1,FP1-F7,fhn_sde,eeg_component,0.1,1,1,12174236181735188869,FHN mean+SD peaks; >=0.2s intervals; CV population SD; three intervals,2.0,-9.498476615256749,12.12698994593448,local target-band PSD ratio; control is noise-only,0.0,sde,,,8,7,0,0,1.2986782047008716,0.7700136926763416,True,ok,4.300332485418108,-13.798809100674855,-21.625466561191228,10,True
chb02,chb02_16+.edf,2980.0,2990.0,1,FP1-F7,fhn_sde,eeg_component,0.1,1,2,137198160552411983,FHN mean+SD peaks; >=0.2s intervals; CV population SD; three intervals,2.0,-10.33478814589342,12.12698994593448,local target-band PSD ratio; control is noise-only,0.0,sde,,,11,10,0,0,1.699305407977037,0.5884757356186281,True,ok,4.300332485418108,-14.63512063131153,-22.461778091827902,10,True
chb02,chb02_16+.edf,2980.0,2990.0,1,FP1-F7,fhn_sde,eeg_component,0.5,1,0,841055959855507556,FHN mean+SD peaks; >=0.2s intervals; CV population SD; three intervals,2.0,-12.141671408904172,12.12698994593448,local target-band PSD ratio; control is noise-only,0.0,sde,,,10,9,0,0,0.367854466548571,2.718466379877329,True,ok,4.300332485418108,-16.442003894322283,-24.26866135483865,10,True
chb02,chb02_16+.edf,2980.0,2990.0,1,FP1-F7,fhn_sde,eeg_component,0.5,1,1,12174236181735188869,FHN mean+SD peaks; >=0.2s intervals; CV population SD; three intervals,2.0,-11.934869725848287,12.12698994593448,local target-band PSD ratio; control is noise-only,0.0,sde,,,9,7,1,0,1.4857154820613463,0.6730763810932066,True,ok,4.300332485418108,-16.235202211266397,-24.06185967178277,10,True
chb02,chb02_16+.edf,2980.0,2990.0,1,FP1-F7,fhn_sde,eeg_component,0.5,1,2,137198160552411983,FHN mean+SD peaks; >=0.2s intervals; CV population SD; three intervals,2.0,-9.754836404946596,12.12698994593448,local target-band PSD ratio; control is noise-only,0.0,sde,,,5,4,0,0,1.1068690110911814,0.9034492699494524,True,ok,4.300332485418108,-14.055168890364705,-21.88182635088108,10,True
chb02,chb02_16+.edf,2980.0,2990.0,1,FP1-F7,fhn_sde,eeg_component,2.0,1,0,841055959855507556,FHN mean+SD peaks; >=0.2s intervals; CV population SD; three intervals,2.0,-7.501392614072936,12.12698994593448,local target-band PSD ratio; control is noise-only,0.0,sde,,,11,10,0,0,0.6545992707510351,1.527652175433498,True,ok,4.300332485418108,-11.801725099491044,-19.628382560007417,10,True
chb02,chb02_16+.edf,2980.0,2990.0,1,FP1-F7,fhn_sde,eeg_component,2.0,1,1,12174236181735188869,FHN mean+SD peaks; >=0.2s intervals; CV population SD; three intervals,2.0,-10.951410703060876,12.12698994593448,local target-band PSD ratio; control is noise-only,0.0,sde,,,9,8,0,0,1.261840569328021,0.7924931439892907,True,ok,4.300332485418108,-15.251743188478985,-23.078400648995355,10,True
chb02,chb02_16+.edf,2980.0,2990.0,1,FP1-F7,fhn_sde,eeg_component,2.0,1,2,137198160552411983,FHN mean+SD peaks; >=0.2s intervals; CV population SD; three intervals,2.0,-10.667986372905746,12.12698994593448,local target-band PSD ratio; control is noise-only,0.0,sde,,,12,10,1,0,1.5517319881591674,0.6444411841933532,True,ok,4.300332485418108,-14.968318858323856,-22.794976318840227,10,True
chb02,chb02_16+.edf,2980.0,2990.0,1,FP1-F7,fhn_sde,eeg_component,0.0,2,0,7107564706441515154,FHN mean+SD peaks; >=0.2s intervals; CV population SD; three intervals,2.0,4.29660989348598,12.12698994593448,local target-band PSD ratio; control is noise-only,0.0,sde,,,2,1,0,0,,,False,insufficient_intervals,4.29660989348598,0.0,-7.8303800524485,10,True
chb02,chb02_16+.edf,2980.0,2990.0,1,FP1-F7,fhn_sde,eeg_component,0.0,2,1,13899437103298598713,FHN mean+SD peaks; >=0.2s intervals; CV population SD; three intervals,2.0,4.29660989348598,12.12698994593448,local target-band PSD ratio; control is noise-only,0.0,sde,,,2,1,0,0,,,False,insufficient_intervals,4.29660989348598,0.0,-7.8303800524485,10,True
chb02,chb02_16+.edf,2980.0,2990.0,1,FP1-F7,fhn_sde,eeg_component,0.0,2,2,6034776140875043317,FHN mean+SD peaks; >=0.2s intervals; CV population SD; three intervals,2.0,4.29660989348598,12.12698994593448,local target-band PSD ratio; control is noise-only,0.0,sde,,,2,1,0,0,,,False,insufficient_intervals,4.29660989348598,0.0,-7.8303800524485,10,True
chb02,chb02_16+.edf,2980.0,2990.0,1,FP1-F7,fhn_sde,eeg_component,0.1,2,0,7107564706441515154,FHN mean+SD peaks; >=0.2s intervals; CV population SD; three intervals,2.0,-6.848324226005525,12.12698994593448,local target-band PSD ratio; control is noise-only,0.0,sde,,,11,9,1,0,1.2540746189614185,0.7974007167357917,True,ok,4.29660989348598,-11.144934119491506,-18.975314171940006,10,True
chb02,chb02_16+.edf,2980.0,2990.0,1,FP1-F7,fhn_sde,eeg_component,0.1,2,1,13899437103298598713,FHN mean+SD peaks; >=0.2s intervals; CV population SD; three intervals,2.0,-15.742910218811604,12.12698994593448,local target-band PSD ratio; control is noise-only,0.0,sde,,,10,8,1,0,0.0748344492154781,13.362829692520382,True,ok,4.29660989348598,-20.039520112297584,-27.869900164746085,10,True
chb02,chb02_16+.edf,2980.0,2990.0,1,FP1-F7,fhn_sde,eeg_component,0.1,2,2,6034776140875043317,FHN mean+SD peaks; >=0.2s intervals; CV population SD; three intervals,2.0,-3.038245537580389,12.12698994593448,local target-band PSD ratio; control is noise-only,0.0,sde,,,13,10,2,0,1.0212171644192982,0.9792236507977584,True,ok,4.29660989348598,-7.334855431066368,-15.165235483514868,10,True
chb02,chb02_16+.edf,2980.0,2990.0,1,FP1-F7,fhn_sde,eeg_component,0.5,2,0,7107564706441515154,FHN mean+SD peaks; >=0.2s intervals; CV population SD; three intervals,2.0,-12.069172248824753,12.12698994593448,local target-band PSD ratio; control is noise-only,0.0,sde,,,13,12,0,0,0.5059830460513768,1.9763508042490048,True,ok,4.29660989348598,-16.36578214231073,-24.196162194759232,10,True
chb02,chb02_16+.edf,2980.0,2990.0,1,FP1-F7,fhn_sde,eeg_component,0.5,2,1,13899437103298598713,FHN mean+SD peaks; >=0.2s intervals; CV population SD; three intervals,2.0,-15.573511310877738,12.12698994593448,local target-band PSD ratio; control is noise-only,0.0,sde,,,14,11,2,0,0.0420063434368246,23.805928299947094,True,ok,4.29660989348598,-19.87012120436372,-27.700501256812217,10,True
chb02,chb02_16+.edf,2980.0,2990.0,1,FP1-F7,fhn_sde,eeg_component,0.5,2,2,6034776140875043317,FHN mean+SD peaks; >=0.2s intervals; CV population SD; three intervals,2.0,-10.773860163585969,12.12698994593448,local target-band PSD ratio; control is noise-only,0.0,sde,,,11,9,1,0,0.4222799355801198,2.3680973585122387,True,ok,4.29660989348598,-15.070470057071947,-22.900850109520448,10,True
chb02,chb02_16+.edf,2980.0,2990.0,1,FP1-F7,fhn_sde,eeg_component,2.0,2,0,7107564706441515154,FHN mean+SD peaks; >=0.2s intervals; CV population SD; three intervals,2.0,-8.22578858497075,12.12698994593448,local target-band PSD ratio; control is noise-only,0.0,sde,,,10,9,0,0,1.1764090010515482,0.8500444990697429,True,ok,4.29660989348598,-12.52239847845673,-20.35277853090523,10,True
chb02,chb02_16+.edf,2980.0,2990.0,1,FP1-F7,fhn_sde,eeg_component,2.0,2,1,13899437103298598713,FHN mean+SD peaks; >=0.2s intervals; CV population SD; three intervals,2.0,-14.022214634267716,12.12698994593448,local target-band PSD ratio; control is noise-only,0.0,sde,,,11,9,1,0,0.2667010880153547,3.74951601225724,True,ok,4.29660989348598,-18.318824527753694,-26.149204580202195,10,True
chb02,chb02_16+.edf,2980.0,2990.0,1,FP1-F7,fhn_sde,eeg_component,2.0,2,2,6034776140875043317,FHN mean+SD peaks; >=0.2s intervals; CV population SD; three intervals,2.0,-10.00430170654089,12.12698994593448,local target-band PSD ratio; control is noise-only,0.0,sde,,,14,13,0,0,1.3525256481089338,0.739357513403294,True,ok,4.29660989348598,-14.300911600026868,-22.13129165247537,10,True
chb02,chb02_16+.edf,2980.0,2990.0,1,FP1-F7,fhn_sde,no_external_drive,0.0,1,0,841055959855507556,FHN mean+SD peaks; >=0.2s intervals; CV population SD; three intervals,2.0,-61.63727016203524,,local target-band PSD ratio; control is noise-only,0.0,sde,,,0,0,0,0,,,False,insufficient_intervals,-61.63727016203524,0.0,,10,True
chb02,chb02_16+.edf,2980.0,2990.0,1,FP1-F7,fhn_sde,no_external_drive,0.0,1,1,12174236181735188869,FHN mean+SD peaks; >=0.2s intervals; CV population SD; three intervals,2.0,-61.63727016203524,,local target-band PSD ratio; control is noise-only,0.0,sde,,,0,0,0,0,,,False,insufficient_intervals,-61.63727016203524,0.0,,10,True
chb02,chb02_16+.edf,2980.0,2990.0,1,FP1-F7,fhn_sde,no_external_drive,0.0,1,2,137198160552411983,FHN mean+SD peaks; >=0.2s intervals; CV population SD; three intervals,2.0,-61.63727016203524,,local target-band PSD ratio; control is noise-only,0.0,sde,,,0,0,0,0,,,False,insufficient_intervals,-61.63727016203524,0.0,,10,True
chb02,chb02_16+.edf,2980.0,2990.0,1,FP1-F7,fhn_sde,no_external_drive,0.1,1,0,841055959855507556,FHN mean+SD peaks; >=0.2s intervals; CV population SD; three intervals,2.0,-17.345469248684864,,local target-band PSD ratio; control is noise-only,0.0,sde,,,12,11,0,0,0.2234967065373393,4.474338863838832,True,ok,-61.63727016203524,44.29180091335038,,10,True
chb02,chb02_16+.edf,2980.0,2990.0,1,FP1-F7,fhn_sde,no_external_drive,0.1,1,1,12174236181735188869,FHN mean+SD peaks; >=0.2s intervals; CV population SD; three intervals,2.0,-12.450173843613609,,local target-band PSD ratio; control is noise-only,0.0,sde,,,8,6,1,0,1.3338686712186043,0.7496989932947549,True,ok,-61.63727016203524,49.18709631842164,,10,True
chb02,chb02_16+.edf,2980.0,2990.0,1,FP1-F7,fhn_sde,no_external_drive,0.1,1,2,137198160552411983,FHN mean+SD peaks; >=0.2s intervals; CV population SD; three intervals,2.0,-11.292175841391687,,local target-band PSD ratio; control is noise-only,0.0,sde,,,12,11,0,0,1.4522408981280823,0.6885909915420958,True,ok,-61.63727016203524,50.345094320643554,,10,True
chb02,chb02_16+.edf,2980.0,2990.0,1,FP1-F7,fhn_sde,no_external_drive,0.5,1,0,841055959855507556,FHN mean+SD peaks; >=0.2s intervals; CV population SD; three intervals,2.0,-13.548041119192016,,local target-band PSD ratio; control is noise-only,0.0,sde,,,10,9,0,0,0.367854466548571,2.718466379877329,True,ok,-61.63727016203524,48.08922904284323,,10,True
chb02,chb02_16+.edf,2980.0,2990.0,1,FP1-F7,fhn_sde,no_external_drive,0.5,1,1,12174236181735188869,FHN mean+SD peaks; >=0.2s intervals; CV population SD; three intervals,2.0,-12.750586199946486,,local target-band PSD ratio; control is noise-only,0.0,sde,,,9,7,1,0,1.4857154820613463,0.6730763810932066,True,ok,-61.63727016203524,48.88668396208875,,10,True
chb02,chb02_16+.edf,2980.0,2990.0,1,FP1-F7,fhn_sde,no_external_drive,0.5,1,2,137198160552411983,FHN mean+SD peaks; >=0.2s intervals; CV population SD; three intervals,2.0,-9.70670865500061,,local target-band PSD ratio; control is noise-only,0.0,sde,,,5,4,0,0,1.1068690110911814,0.9034492699494524,True,ok,-61.63727016203524,51.93056150703463,,10,True
chb02,chb02_16+.edf,2980.0,2990.0,1,FP1-F7,fhn_sde,no_external_drive,2.0,1,0,841055959855507556,FHN mean+SD peaks; >=0.2s intervals; CV population SD; three intervals,2.0,-8.19849910318289,,local target-band PSD ratio; control is noise-only,0.0,sde,,,11,10,0,0,0.6545992707510351,1.527652175433498,True,ok,-61.63727016203524,53.43877105885235,,10,True
chb02,chb02_16+.edf,2980.0,2990.0,1,FP1-F7,fhn_sde,no_external_drive,2.0,1,1,12174236181735188869,FHN mean+SD peaks; >=0.2s intervals; CV population SD; three intervals,2.0,-11.294656252746163,,local target-band PSD ratio; control is noise-only,0.0,sde,,,10,9,0,0,1.315755948278764,0.7600193647675868,True,ok,-61.63727016203524,50.34261390928908,,10,True
chb02,chb02_16+.edf,2980.0,2990.0,1,FP1-F7,fhn_sde,no_external_drive,2.0,1,2,137198160552411983,FHN mean+SD peaks; >=0.2s intervals; CV population SD; three intervals,2.0,-10.655350412583786,,local target-band PSD ratio; control is noise-only,0.0,sde,,,12,10,1,0,1.549471873530418,0.6453811889605551,True,ok,-61.63727016203524,50.98191974945146,,10,True
chb02,chb02_16+.edf,2980.0,2990.0,1,FP1-F7,fhn_sde,no_external_drive,0.0,2,0,7107564706441515154,FHN mean+SD peaks; >=0.2s intervals; CV population SD; three intervals,2.0,-61.63478756572832,,local target-band PSD ratio; control is noise-only,0.0,sde,,,0,0,0,0,,,False,insufficient_intervals,-61.63478756572832,0.0,,10,True
chb02,chb02_16+.edf,2980.0,2990.0,1,FP1-F7,fhn_sde,no_external_drive,0.0,2,1,13899437103298598713,FHN mean+SD peaks; >=0.2s intervals; CV population SD; three intervals,2.0,-61.63478756572832,,local target-band PSD ratio; control is noise-only,0.0,sde,,,0,0,0,0,,,False,insufficient_intervals,-61.63478756572832,0.0,,10,True
chb02,chb02_16+.edf,2980.0,2990.0,1,FP1-F7,fhn_sde,no_external_drive,0.0,2,2,6034776140875043317,FHN mean+SD peaks; >=0.2s intervals; CV population SD; three intervals,2.0,-61.63478756572832,,local target-band PSD ratio; control is noise-only,0.0,sde,,,0,0,0,0,,,False,insufficient_intervals,-61.63478756572832,0.0,,10,True
chb02,chb02_16+.edf,2980.0,2990.0,1,FP1-F7,fhn_sde,no_external_drive,0.1,2,0,7107564706441515154,FHN mean+SD peaks; >=0.2s intervals; CV population SD; three intervals,2.0,-10.50348752322282,,local target-band PSD ratio; control is noise-only,0.0,sde,,,11,8,2,0,1.2194879739469984,0.8200162866415132,True,ok,-61.63478756572832,51.1313000425055,,10,True
chb02,chb02_16+.edf,2980.0,2990.0,1,FP1-F7,fhn_sde,no_external_drive,0.1,2,1,13899437103298598713,FHN mean+SD peaks; >=0.2s intervals; CV population SD; three intervals,2.0,-18.93690946888248,,local target-band PSD ratio; control is noise-only,0.0,sde,,,10,8,1,0,0.075411438642555,13.26058775698379,True,ok,-61.63478756572832,42.69787809684585,,10,True
chb02,chb02_16+.edf,2980.0,2990.0,1,FP1-F7,fhn_sde,no_external_drive,0.1,2,2,6034776140875043317,FHN mean+SD peaks; >=0.2s intervals; CV population SD; three intervals,2.0,-6.730133345194266,,local target-band PSD ratio; control is noise-only,0.0,sde,,,13,11,1,0,1.0770910092872583,0.9284266523232132,True,ok,-61.63478756572832,54.904654220534056,,10,True
chb02,chb02_16+.edf,2980.0,2990.0,1,FP1-F7,fhn_sde,no_external_drive,0.5,2,0,7107564706441515154,FHN mean+SD peaks; >=0.2s intervals; CV population SD; three intervals,2.0,-13.825824193638326,,local target-band PSD ratio; control is noise-only,0.0,sde,,,13,12,0,0,0.5059830460513768,1.9763508042490048,True,ok,-61.63478756572832,47.80896337209,,10,True
chb02,chb02_16+.edf,2980.0,2990.0,1,FP1-F7,fhn_sde,no_external_drive,0.5,2,1,13899437103298598713,FHN mean+SD peaks; >=0.2s intervals; CV population SD; three intervals,2.0,-16.55862918664351,,local target-band PSD ratio; control is noise-only,0.0,sde,,,14,11,2,0,0.0454320128644759,22.010911182452084,True,ok,-61.63478756572832,45.076158379084816,,10,True
chb02,chb02_16+.edf,2980.0,2990.0,1,FP1-F7,fhn_sde,no_external_drive,0.5,2,2,6034776140875043317,FHN mean+SD peaks; >=0.2s intervals; CV population SD; three intervals,2.0,-12.316427831858691,,local target-band PSD ratio; control is noise-only,0.0,sde,,,12,10,1,0,0.5008592455723487,1.9965689140015104,True,ok,-61.63478756572832,49.318359733869634,,10,True
chb02,chb02_16+.edf,2980.0,2990.0,1,FP1-F7,fhn_sde,no_external_drive,2.0,2,0,7107564706441515154,FHN mean+SD peaks; >=0.2s intervals; CV population SD; three intervals,2.0,-9.086922603903169,,local target-band PSD ratio; control is noise-only,0.0,sde,,,10,9,0,0,1.15908264439194,0.8627512497390594,True,ok,-61.63478756572832,52.54786496182516,,10,True
chb02,chb02_16+.edf,2980.0,2990.0,1,FP1-F7,fhn_sde,no_external_drive,2.0,2,1,13899437103298598713,FHN mean+SD peaks; >=0.2s intervals; CV population SD; three intervals,2.0,-14.539962316743072,,local target-band PSD ratio; control is noise-only,0.0,sde,,,11,9,1,0,0.2667010880153547,3.74951601225724,True,ok,-61.63478756572832,47.09482524898525,,10,True
chb02,chb02_16+.edf,2980.0,2990.0,1,FP1-F7,fhn_sde,no_external_drive,2.0,2,2,6034776140875043317,FHN mean+SD peaks; >=0.2s intervals; CV population SD; three intervals,2.0,-10.88976875250104,,local target-band PSD ratio; control is noise-only,0.0,sde,,,14,13,0,0,1.3533032808723608,0.7389326650825705,True,ok,-61.63478756572832,50.74501881322728,,10,True
chb08,chb08_21.edf,0.0,10.0,0,FP1-F7,bistable_driven_regularity,eeg_component,0.0,1,0,11246914186339654880,bistable hysteresis; CV sample SD; five intervals,1.8,14.65703367166819,14.515313178155209,local target-band PSD ratio; control is noise-only,0.0,sqrt(2Ddt),-1.0,3.0,0,0,0,1,,,False,insufficient_intervals,14.65703367166819,0.0,0.141720493512981,10,True
chb08,chb08_21.edf,0.0,10.0,0,FP1-F7,bistable_driven_regularity,eeg_component,0.0,1,1,6035664361125705715,bistable hysteresis; CV sample SD; five intervals,1.8,14.65703367166819,14.515313178155209,local target-band PSD ratio; control is noise-only,0.0,sqrt(2Ddt),-1.0,3.0,0,0,0,1,,,False,insufficient_intervals,14.65703367166819,0.0,0.141720493512981,10,True
chb08,chb08_21.edf,0.0,10.0,0,FP1-F7,bistable_driven_regularity,eeg_component,0.0,1,2,4510323369277704900,bistable hysteresis; CV sample SD; five intervals,1.8,14.65703367166819,14.515313178155209,local target-band PSD ratio; control is noise-only,0.0,sqrt(2Ddt),-1.0,3.0,0,0,0,1,,,False,insufficient_intervals,14.65703367166819,0.0,0.141720493512981,10,True
chb08,chb08_21.edf,0.0,10.0,0,FP1-F7,bistable_driven_regularity,eeg_component,0.1,1,0,11246914186339654880,bistable hysteresis; CV sample SD; five intervals,1.8,-19.054006041566332,14.515313178155209,local target-band PSD ratio; control is noise-only,0.0,sqrt(2Ddt),-1.0,3.0,0,0,0,1,,,False,insufficient_intervals,14.65703367166819,-33.71103971323453,-33.56931921972154,10,True
chb08,chb08_21.edf,0.0,10.0,0,FP1-F7,bistable_driven_regularity,eeg_component,0.1,1,1,6035664361125705715,bistable hysteresis; CV sample SD; five intervals,1.8,-8.051617182962975,14.515313178155209,local target-band PSD ratio; control is noise-only,0.0,sqrt(2Ddt),-1.0,3.0,0,0,0,1,,,False,insufficient_intervals,14.65703367166819,-22.708650854631166,-22.56693036111818,10,True
chb08,chb08_21.edf,0.0,10.0,0,FP1-F7,bistable_driven_regularity,eeg_component,0.1,1,2,4510323369277704900,bistable hysteresis; CV sample SD; five intervals,1.8,-9.742229898213887,14.515313178155209,local target-band PSD ratio; control is noise-only,0.0,sqrt(2Ddt),-1.0,3.0,0,0,0,1,,,False,insufficient_intervals,14.65703367166819,-24.39926356988208,-24.257543076369096,10,True
chb08,chb08_21.edf,0.0,10.0,0,FP1-F7,bistable_driven_regularity,eeg_component,0.5,1,0,11246914186339654880,bistable hysteresis; CV sample SD; five intervals,1.8,-15.682738779321037,14.515313178155209,local target-band PSD ratio; control is noise-only,0.0,sqrt(2Ddt),-1.0,3.0,3,2,0,1,,,False,insufficient_intervals,14.65703367166819,-30.339772450989223,-30.198051957476245,10,True
chb08,chb08_21.edf,0.0,10.0,0,FP1-F7,bistable_driven_regularity,eeg_component,0.5,1,1,6035664361125705715,bistable hysteresis; CV sample SD; five intervals,1.8,-13.476129534302132,14.515313178155209,local target-band PSD ratio; control is noise-only,0.0,sqrt(2Ddt),-1.0,3.0,2,1,0,1,,,False,insufficient_intervals,14.65703367166819,-28.13316320597032,-27.991442712457346,10,True
chb08,chb08_21.edf,0.0,10.0,0,FP1-F7,bistable_driven_regularity,eeg_component,0.5,1,2,4510323369277704900,bistable hysteresis; CV sample SD; five intervals,1.8,-14.958806463690602,14.515313178155209,local target-band PSD ratio; control is noise-only,0.0,sqrt(2Ddt),-1.0,3.0,3,2,0,1,,,False,insufficient_intervals,14.65703367166819,-29.61584013535879,-29.47411964184581,10,True
chb08,chb08_21.edf,0.0,10.0,0,FP1-F7,bistable_driven_regularity,eeg_component,2.0,1,0,11246914186339654880,bistable hysteresis; CV sample SD; five intervals,1.8,-11.30637828085213,14.515313178155209,local target-band PSD ratio; control is noise-only,0.0,sqrt(2Ddt),-1.0,3.0,5,4,0,1,,,False,insufficient_intervals,14.65703367166819,-25.96341195252032,-25.82169145900734,10,True
chb08,chb08_21.edf,0.0,10.0,0,FP1-F7,bistable_driven_regularity,eeg_component,2.0,1,1,6035664361125705715,bistable hysteresis; CV sample SD; five intervals,1.8,-9.287406086997544,14.515313178155209,local target-band PSD ratio; control is noise-only,0.0,sqrt(2Ddt),-1.0,3.0,8,7,0,1,0.8825298739895229,1.1331061185265574,True,ok,14.65703367166819,-23.94443975866573,-23.802719265152756,10,True
chb08,chb08_21.edf,0.0,10.0,0,FP1-F7,bistable_driven_regularity,eeg_component,2.0,1,2,4510323369277704900,bistable hysteresis; CV sample SD; five intervals,1.8,-11.747652767519993,14.515313178155209,local target-band PSD ratio; control is noise-only,0.0,sqrt(2Ddt),-1.0,3.0,5,4,0,1,,,False,insufficient_intervals,14.65703367166819,-26.404686439188183,-26.2629659456752,10,True
chb08,chb08_21.edf,0.0,10.0,0,FP1-F7,bistable_driven_regularity,eeg_component,0.0,2,0,5467364685018783524,bistable hysteresis; CV sample SD; five intervals,1.8,14.656908932661842,14.515313178155209,local target-band PSD ratio; control is noise-only,0.0,sqrt(2Ddt),-1.0,3.0,0,0,0,1,,,False,insufficient_intervals,14.656908932661842,0.0,0.1415957545066337,10,True
chb08,chb08_21.edf,0.0,10.0,0,FP1-F7,bistable_driven_regularity,eeg_component,0.0,2,1,5039564222463091381,bistable hysteresis; CV sample SD; five intervals,1.8,14.656908932661842,14.515313178155209,local target-band PSD ratio; control is noise-only,0.0,sqrt(2Ddt),-1.0,3.0,0,0,0,1,,,False,insufficient_intervals,14.656908932661842,0.0,0.1415957545066337,10,True
chb08,chb08_21.edf,0.0,10.0,0,FP1-F7,bistable_driven_regularity,eeg_component,0.0,2,2,6150676883091691409,bistable hysteresis; CV sample SD; five intervals,1.8,14.656908932661842,14.515313178155209,local target-band PSD ratio; control is noise-only,0.0,sqrt(2Ddt),-1.0,3.0,0,0,0,1,,,False,insufficient_intervals,14.656908932661842,0.0,0.1415957545066337,10,True
chb08,chb08_21.edf,0.0,10.0,0,FP1-F7,bistable_driven_regularity,eeg_component,0.1,2,0,5467364685018783524,bistable hysteresis; CV sample SD; five intervals,1.8,-10.78897637908712,14.515313178155209,local target-band PSD ratio; control is noise-only,0.0,sqrt(2Ddt),-1.0,3.0,0,0,0,1,,,False,insufficient_intervals,14.656908932661842,-25.445885311748963,-25.304289557242328,10,True
chb08,chb08_21.edf,0.0,10.0,0,FP1-F7,bistable_driven_regularity,eeg_component,0.1,2,1,5039564222463091381,bistable hysteresis; CV sample SD; five intervals,1.8,-4.961563628921989,14.515313178155209,local target-band PSD ratio; control is noise-only,0.0,sqrt(2Ddt),-1.0,3.0,0,0,0,1,,,False,insufficient_intervals,14.656908932661842,-19.618472561583832,-19.4768768070772,10,True
chb08,chb08_21.edf,0.0,10.0,0,FP1-F7,bistable_driven_regularity,eeg_component,0.1,2,2,6150676883091691409,bistable hysteresis; CV sample SD; five intervals,1.8,-14.099413414730888,14.515313178155209,local target-band PSD ratio; control is noise-only,0.0,sqrt(2Ddt),-1.0,3.0,0,0,0,1,,,False,insufficient_intervals,14.656908932661842,-28.75632234739273,-28.614726592886097,10,True
chb08,chb08_21.edf,0.0,10.0,0,FP1-F7,bistable_driven_regularity,eeg_component,0.5,2,0,5467364685018783524,bistable hysteresis; CV sample SD; five intervals,1.8,-14.808564756112828,14.515313178155209,local target-band PSD ratio; control is noise-only,0.0,sqrt(2Ddt),-1.0,3.0,3,2,0,1,,,False,insufficient_intervals,14.656908932661842,-29.465473688774672,-29.32387793426804,10,True
chb08,chb08_21.edf,0.0,10.0,0,FP1-F7,bistable_driven_regularity,eeg_component,0.5,2,1,5039564222463091381,bistable hysteresis; CV sample SD; five intervals,1.8,-7.281897132940428,14.515313178155209,local target-band PSD ratio; control is noise-only,0.0,sqrt(2Ddt),-1.0,3.0,0,0,0,1,,,False,insufficient_intervals,14.656908932661842,-21.93880606560227,-21.79721031109564,10,True
chb08,chb08_21.edf,0.0,10.0,0,FP1-F7,bistable_driven_regularity,eeg_component,0.5,2,2,6150676883091691409,bistable hysteresis; CV sample SD; five intervals,1.8,-13.796199348922508,14.515313178155209,local target-band PSD ratio; control is noise-only,0.0,sqrt(2Ddt),-1.0,3.0,4,3,0,1,,,False,insufficient_intervals,14.656908932661842,-28.45310828158435,-28.31151252707772,10,True
chb08,chb08_21.edf,0.0,10.0,0,FP1-F7,bistable_driven_regularity,eeg_component,2.0,2,0,5467364685018783524,bistable hysteresis; CV sample SD; five intervals,1.8,-12.293062511901011,14.515313178155209,local target-band PSD ratio; control is noise-only,0.0,sqrt(2Ddt),-1.0,3.0,5,4,0,1,,,False,insufficient_intervals,14.656908932661842,-26.949971444562856,-26.80837569005622,10,True
chb08,chb08_21.edf,0.0,10.0,0,FP1-F7,bistable_driven_regularity,eeg_component,2.0,2,1,5039564222463091381,bistable hysteresis; CV sample SD; five intervals,1.8,-9.32881629757257,14.515313178155209,local target-band PSD ratio; control is noise-only,0.0,sqrt(2Ddt),-1.0,3.0,11,10,0,1,0.5784334213875267,1.7288074357827274,True,ok,14.656908932661842,-23.98572523023441,-23.84412947572778,10,True
chb08,chb08_21.edf,0.0,10.0,0,FP1-F7,bistable_driven_regularity,eeg_component,2.0,2,2,6150676883091691409,bistable hysteresis; CV sample SD; five intervals,1.8,-10.24799797521547,14.515313178155209,local target-band PSD ratio; control is noise-only,0.0,sqrt(2Ddt),-1.0,3.0,4,3,0,1,,,False,insufficient_intervals,14.656908932661842,-24.90490690787731,-24.76331115337068,10,True
chb08,chb08_21.edf,0.0,10.0,0,FP1-F7,bistable_driven_regularity,no_external_drive,0.0,1,0,11246914186339654880,bistable hysteresis; CV sample SD; five intervals,1.8,,,local target-band PSD ratio; control is noise-only,0.0,sqrt(2Ddt),-1.0,3.0,0,0,0,1,,,False,insufficient_intervals,,,,10,False
chb08,chb08_21.edf,0.0,10.0,0,FP1-F7,bistable_driven_regularity,no_external_drive,0.0,1,1,6035664361125705715,bistable hysteresis; CV sample SD; five intervals,1.8,,,local target-band PSD ratio; control is noise-only,0.0,sqrt(2Ddt),-1.0,3.0,0,0,0,1,,,False,insufficient_intervals,,,,10,False
chb08,chb08_21.edf,0.0,10.0,0,FP1-F7,bistable_driven_regularity,no_external_drive,0.0,1,2,4510323369277704900,bistable hysteresis; CV sample SD; five intervals,1.8,,,local target-band PSD ratio; control is noise-only,0.0,sqrt(2Ddt),-1.0,3.0,0,0,0,1,,,False,insufficient_intervals,,,,10,False
chb08,chb08_21.edf,0.0,10.0,0,FP1-F7,bistable_driven_regularity,no_external_drive,0.1,1,0,11246914186339654880,bistable hysteresis; CV sample SD; five intervals,1.8,-15.35616097339245,,local target-band PSD ratio; control is noise-only,0.0,sqrt(2Ddt),-1.0,3.0,0,0,0,1,,,False,insufficient_intervals,,,,10,False
chb08,chb08_21.edf,0.0,10.0,0,FP1-F7,bistable_driven_regularity,no_external_drive,0.1,1,1,6035664361125705715,bistable hysteresis; CV sample SD; five intervals,1.8,-7.596520271352487,,local target-band PSD ratio; control is noise-only,0.0,sqrt(2Ddt),-1.0,3.0,0,0,0,1,,,False,insufficient_intervals,,,,10,False
chb08,chb08_21.edf,0.0,10.0,0,FP1-F7,bistable_driven_regularity,no_external_drive,0.1,1,2,4510323369277704900,bistable hysteresis; CV sample SD; five intervals,1.8,-14.324980821223347,,local target-band PSD ratio; control is noise-only,0.0,sqrt(2Ddt),-1.0,3.0,0,0,0,1,,,False,insufficient_intervals,,,,10,False
chb08,chb08_21.edf,0.0,10.0,0,FP1-F7,bistable_driven_regularity,no_external_drive,0.5,1,0,11246914186339654880,bistable hysteresis; CV sample SD; five intervals,1.8,-13.86737919145942,,local target-band PSD ratio; control is noise-only,0.0,sqrt(2Ddt),-1.0,3.0,3,2,0,1,,,False,insufficient_intervals,,,,10,False
chb08,chb08_21.edf,0.0,10.0,0,FP1-F7,bistable_driven_regularity,no_external_drive,0.5,1,1,6035664361125705715,bistable hysteresis; CV sample SD; five intervals,1.8,-13.1924898997453,,local target-band PSD ratio; control is noise-only,0.0,sqrt(2Ddt),-1.0,3.0,2,1,0,1,,,False,insufficient_intervals,,,,10,False
chb08,chb08_21.edf,0.0,10.0,0,FP1-F7,bistable_driven_regularity,no_external_drive,0.5,1,2,4510323369277704900,bistable hysteresis; CV sample SD; five intervals,1.8,-16.84614452832526,,local target-band PSD ratio; control is noise-only,0.0,sqrt(2Ddt),-1.0,3.0,3,2,0,1,,,False,insufficient_intervals,,,,10,False
chb08,chb08_21.edf,0.0,10.0,0,FP1-F7,bistable_driven_regularity,no_external_drive,2.0,1,0,11246914186339654880,bistable hysteresis; CV sample SD; five intervals,1.8,-10.403106394371846,,local target-band PSD ratio; control is noise-only,0.0,sqrt(2Ddt),-1.0,3.0,3,2,0,1,,,False,insufficient_intervals,,,,10,False
chb08,chb08_21.edf,0.0,10.0,0,FP1-F7,bistable_driven_regularity,no_external_drive,2.0,1,1,6035664361125705715,bistable hysteresis; CV sample SD; five intervals,1.8,-9.100356527179269,,local target-band PSD ratio; control is noise-only,0.0,sqrt(2Ddt),-1.0,3.0,8,7,0,1,0.8825298739895229,1.1331061185265574,True,ok,,,,10,False
chb08,chb08_21.edf,0.0,10.0,0,FP1-F7,bistable_driven_regularity,no_external_drive,2.0,1,2,4510323369277704900,bistable hysteresis; CV sample SD; five intervals,1.8,-12.791220555810504,,local target-band PSD ratio; control is noise-only,0.0,sqrt(2Ddt),-1.0,3.0,5,4,0,1,,,False,insufficient_intervals,,,,10,False
chb08,chb08_21.edf,0.0,10.0,0,FP1-F7,bistable_driven_regularity,no_external_drive,0.0,2,0,5467364685018783524,bistable hysteresis; CV sample SD; five intervals,1.8,,,local target-band PSD ratio; control is noise-only,0.0,sqrt(2Ddt),-1.0,3.0,0,0,0,1,,,False,insufficient_intervals,,,,10,False
chb08,chb08_21.edf,0.0,10.0,0,FP1-F7,bistable_driven_regularity,no_external_drive,0.0,2,1,5039564222463091381,bistable hysteresis; CV sample SD; five intervals,1.8,,,local target-band PSD ratio; control is noise-only,0.0,sqrt(2Ddt),-1.0,3.0,0,0,0,1,,,False,insufficient_intervals,,,,10,False
chb08,chb08_21.edf,0.0,10.0,0,FP1-F7,bistable_driven_regularity,no_external_drive,0.0,2,2,6150676883091691409,bistable hysteresis; CV sample SD; five intervals,1.8,,,local target-band PSD ratio; control is noise-only,0.0,sqrt(2Ddt),-1.0,3.0,0,0,0,1,,,False,insufficient_intervals,,,,10,False
chb08,chb08_21.edf,0.0,10.0,0,FP1-F7,bistable_driven_regularity,no_external_drive,0.1,2,0,5467364685018783524,bistable hysteresis; CV sample SD; five intervals,1.8,-9.472797586667747,,local target-band PSD ratio; control is noise-only,0.0,sqrt(2Ddt),-1.0,3.0,0,0,0,1,,,False,insufficient_intervals,,,,10,False
chb08,chb08_21.edf,0.0,10.0,0,FP1-F7,bistable_driven_regularity,no_external_drive,0.1,2,1,5039564222463091381,bistable hysteresis; CV sample SD; five intervals,1.8,-9.054074774279451,,local target-band PSD ratio; control is noise-only,0.0,sqrt(2Ddt),-1.0,3.0,0,0,0,1,,,False,insufficient_intervals,,,,10,False
chb08,chb08_21.edf,0.0,10.0,0,FP1-F7,bistable_driven_regularity,no_external_drive,0.1,2,2,6150676883091691409,bistable hysteresis; CV sample SD; five intervals,1.8,-13.12030695912824,,local target-band PSD ratio; control is noise-only,0.0,sqrt(2Ddt),-1.0,3.0,0,0,0,1,,,False,insufficient_intervals,,,,10,False
chb08,chb08_21.edf,0.0,10.0,0,FP1-F7,bistable_driven_regularity,no_external_drive,0.5,2,0,5467364685018783524,bistable hysteresis; CV sample SD; five intervals,1.8,-13.696591266109984,,local target-band PSD ratio; control is noise-only,0.0,sqrt(2Ddt),-1.0,3.0,3,2,0,1,,,False,insufficient_intervals,,,,10,False
chb08,chb08_21.edf,0.0,10.0,0,FP1-F7,bistable_driven_regularity,no_external_drive,0.5,2,1,5039564222463091381,bistable hysteresis; CV sample SD; five intervals,1.8,-9.29392935733678,,local target-band PSD ratio; control is noise-only,0.0,sqrt(2Ddt),-1.0,3.0,0,0,0,1,,,False,insufficient_intervals,,,,10,False
chb08,chb08_21.edf,0.0,10.0,0,FP1-F7,bistable_driven_regularity,no_external_drive,0.5,2,2,6150676883091691409,bistable hysteresis; CV sample SD; five intervals,1.8,-13.03711263733424,,local target-band PSD ratio; control is noise-only,0.0,sqrt(2Ddt),-1.0,3.0,4,3,0,1,,,False,insufficient_intervals,,,,10,False
chb08,chb08_21.edf,0.0,10.0,0,FP1-F7,bistable_driven_regularity,no_external_drive,2.0,2,0,5467364685018783524,bistable hysteresis; CV sample SD; five intervals,1.8,-11.918748006622511,,local target-band PSD ratio; control is noise-only,0.0,sqrt(2Ddt),-1.0,3.0,5,4,0,1,,,False,insufficient_intervals,,,,10,False
chb08,chb08_21.edf,0.0,10.0,0,FP1-F7,bistable_driven_regularity,no_external_drive,2.0,2,1,5039564222463091381,bistable hysteresis; CV sample SD; five intervals,1.8,-10.23744627927208,,local target-band PSD ratio; control is noise-only,0.0,sqrt(2Ddt),-1.0,3.0,11,10,0,1,0.5879380399548074,1.700859498862952,True,ok,,,,10,False
chb08,chb08_21.edf,0.0,10.0,0,FP1-F7,bistable_driven_regularity,no_external_drive,2.0,2,2,6150676883091691409,bistable hysteresis; CV sample SD; five intervals,1.8,-9.785092041481164,,local target-band PSD ratio; control is noise-only,0.0,sqrt(2Ddt),-1.0,3.0,4,3,0,1,,,False,insufficient_intervals,,,,10,False
chb08,chb08_21.edf,0.0,10.0,0,FP1-F7,fhn_sde,eeg_component,0.0,1,0,6173266222930575267,FHN mean+SD peaks; >=0.2s intervals; CV population SD; three intervals,1.8,5.183235133621898,14.515313178155209,local target-band PSD ratio; control is noise-only,0.0,sde,,,2,1,0,0,,,False,insufficient_intervals,5.183235133621898,0.0,-9.332078044533311,10,True
chb08,chb08_21.edf,0.0,10.0,0,FP1-F7,fhn_sde,eeg_component,0.0,1,1,15096000637201056860,FHN mean+SD peaks; >=0.2s intervals; CV population SD; three intervals,1.8,5.183235133621898,14.515313178155209,local target-band PSD ratio; control is noise-only,0.0,sde,,,2,1,0,0,,,False,insufficient_intervals,5.183235133621898,0.0,-9.332078044533311,10,True
chb08,chb08_21.edf,0.0,10.0,0,FP1-F7,fhn_sde,eeg_component,0.0,1,2,8343842141920088809,FHN mean+SD peaks; >=0.2s intervals; CV population SD; three intervals,1.8,5.183235133621898,14.515313178155209,local target-band PSD ratio; control is noise-only,0.0,sde,,,2,1,0,0,,,False,insufficient_intervals,5.183235133621898,0.0,-9.332078044533311,10,True
chb08,chb08_21.edf,0.0,10.0,0,FP1-F7,fhn_sde,eeg_component,0.1,1,0,6173266222930575267,FHN mean+SD peaks; >=0.2s intervals; CV population SD; three intervals,1.8,-6.849323100703875,14.515313178155209,local target-band PSD ratio; control is noise-only,0.0,sde,,,11,9,1,0,1.0846941358195874,0.9219188773841824,True,ok,5.183235133621898,-12.032558234325773,-21.364636278859084,10,True
chb08,chb08_21.edf,0.0,10.0,0,FP1-F7,fhn_sde,eeg_component,0.1,1,1,15096000637201056860,FHN mean+SD peaks; >=0.2s intervals; CV population SD; three intervals,1.8,-1.6151327460496732,14.515313178155209,local target-band PSD ratio; control is noise-only,0.0,sde,,,8,7,0,0,1.2721163220002671,0.7860916354155465,True,ok,5.183235133621898,-6.798367879671572,-16.13044592420488,10,True
chb08,chb08_21.edf,0.0,10.0,0,FP1-F7,fhn_sde,eeg_component,0.1,1,2,8343842141920088809,FHN mean+SD peaks; >=0.2s intervals; CV population SD; three intervals,1.8,-13.96237091003243,14.515313178155209,local target-band PSD ratio; control is noise-only,0.0,sde,,,7,6,0,0,0.2350731579968535,4.253994835145683,True,ok,5.183235133621898,-19.14560604365433,-28.47768408818764,10,True
chb08,chb08_21.edf,0.0,10.0,0,FP1-F7,fhn_sde,eeg_component,0.5,1,0,6173266222930575267,FHN mean+SD peaks; >=0.2s intervals; CV population SD; three intervals,1.8,-11.324082011834324,14.515313178155209,local target-band PSD ratio; control is noise-only,0.0,sde,,,10,9,0,0,1.0257352948013456,0.9749103936154117,True,ok,5.183235133621898,-16.507317145456224,-25.83939518998953,10,True
chb08,chb08_21.edf,0.0,10.0,0,FP1-F7,fhn_sde,eeg_component,0.5,1,1,15096000637201056860,FHN mean+SD peaks; >=0.2s intervals; CV population SD; three intervals,1.8,-3.3249166285275638,14.515313178155209,local target-band PSD ratio; control is noise-only,0.0,sde,,,9,8,0,0,1.4377007243935072,0.6955550505282309,True,ok,5.183235133621898,-8.508151762149462,-17.84022980668277,10,True
chb08,chb08_21.edf,0.0,10.0,0,FP1-F7,fhn_sde,eeg_component,0.5,1,2,8343842141920088809,FHN mean+SD peaks; >=0.2s intervals; CV population SD; three intervals,1.8,-14.04918834259041,14.515313178155209,local target-band PSD ratio; control is noise-only,0.0,sde,,,11,10,0,0,1.2960506658653042,0.7715747743027879,True,ok,5.183235133621898,-19.232423476212308,-28.56450152074562,10,True
chb08,chb08_21.edf,0.0,10.0,0,FP1-F7,fhn_sde,eeg_component,2.0,1,0,6173266222930575267,FHN mean+SD peaks; >=0.2s intervals; CV population SD; three intervals,1.8,-11.564493701951136,14.515313178155209,local target-band PSD ratio; control is noise-only,0.0,sde,,,10,8,1,0,1.2270872188167357,0.8149379967988641,True,ok,5.183235133621898,-16.747728835573035,-26.079806880106347,10,True
chb08,chb08_21.edf,0.0,10.0,0,FP1-F7,fhn_sde,eeg_component,2.0,1,1,15096000637201056860,FHN mean+SD peaks; >=0.2s intervals; CV population SD; three intervals,1.8,-3.9464213937163,14.515313178155209,local target-band PSD ratio; control is noise-only,0.0,sde,,,8,7,0,0,1.2945989655808985,0.7724399807096176,True,ok,5.183235133621898,-9.1296565273382,-18.46173457187151,10,True
chb08,chb08_21.edf,0.0,10.0,0,FP1-F7,fhn_sde,eeg_component,2.0,1,2,8343842141920088809,FHN mean+SD peaks; >=0.2s intervals; CV population SD; three intervals,1.8,-12.219462986403126,14.515313178155209,local target-band PSD ratio; control is noise-only,0.0,sde,,,10,9,0,0,0.5505642002491833,1.816318604710229,True,ok,5.183235133621898,-17.402698120025025,-26.734776164558333,10,True
chb08,chb08_21.edf,0.0,10.0,0,FP1-F7,fhn_sde,eeg_component,0.0,2,0,7738138755767798467,FHN mean+SD peaks; >=0.2s intervals; CV population SD; three intervals,1.8,5.179871749759212,14.515313178155209,local target-band PSD ratio; control is noise-only,0.0,sde,,,2,1,0,0,,,False,insufficient_intervals,5.179871749759212,0.0,-9.335441428395995,10,True
chb08,chb08_21.edf,0.0,10.0,0,FP1-F7,fhn_sde,eeg_component,0.0,2,1,10431830874568711072,FHN mean+SD peaks; >=0.2s intervals; CV population SD; three intervals,1.8,5.179871749759212,14.515313178155209,local target-band PSD ratio; control is noise-only,0.0,sde,,,2,1,0,0,,,False,insufficient_intervals,5.179871749759212,0.0,-9.335441428395995,10,True
chb08,chb08_21.edf,0.0,10.0,0,FP1-F7,fhn_sde,eeg_component,0.0,2,2,22049746362159392,FHN mean+SD peaks; >=0.2s intervals; CV population SD; three intervals,1.8,5.179871749759212,14.515313178155209,local target-band PSD ratio; control is noise-only,0.0,sde,,,2,1,0,0,,,False,insufficient_intervals,5.179871749759212,0.0,-9.335441428395995,10,True
chb08,chb08_21.edf,0.0,10.0,0,FP1-F7,fhn_sde,eeg_component,0.1,2,0,7738138755767798467,FHN mean+SD peaks; >=0.2s intervals; CV population SD; three intervals,1.8,-3.292536413857285,14.515313178155209,local target-band PSD ratio; control is noise-only,0.0,sde,,,16,14,1,0,0.6490203811431196,1.5407836626620262,True,ok,5.179871749759212,-8.472408163616496,-17.807849592012495,10,True
chb08,chb08_21.edf,0.0,10.0,0,FP1-F7,fhn_sde,eeg_component,0.1,2,1,10431830874568711072,FHN mean+SD peaks; >=0.2s intervals; CV population SD; three intervals,1.8,-20.078105172207927,14.515313178155209,local target-band PSD ratio; control is noise-only,0.0,sde,,,8,7,0,0,0.4196971106539458,2.382670679914528,True,ok,5.179871749759212,-25.25797692196714,-34.59341835036314,10,True
chb08,chb08_21.edf,0.0,10.0,0,FP1-F7,fhn_sde,eeg_component,0.1,2,2,22049746362159392,FHN mean+SD peaks; >=0.2s intervals; CV population SD; three intervals,1.8,-17.972445604473975,14.515313178155209,local target-band PSD ratio; control is noise-only,0.0,sde,,,10,9,0,0,0.3598155301635027,2.779201885881893,True,ok,5.179871749759212,-23.152317354233187,-32.487758782629186,10,True
chb08,chb08_21.edf,0.0,10.0,0,FP1-F7,fhn_sde,eeg_component,0.5,2,0,7738138755767798467,FHN mean+SD peaks; >=0.2s intervals; CV population SD; three intervals,1.8,-6.641372188963095,14.515313178155209,local target-band PSD ratio; control is noise-only,0.0,sde,,,13,11,1,0,0.7671612649163684,1.303506897091597,True,ok,5.179871749759212,-11.821243938722306,-21.156685367118303,10,True
chb08,chb08_21.edf,0.0,10.0,0,FP1-F7,fhn_sde,eeg_component,0.5,2,1,10431830874568711072,FHN mean+SD peaks; >=0.2s intervals; CV population SD; three intervals,1.8,-13.64418752575764,14.515313178155209,local target-band PSD ratio; control is noise-only,0.0,sde,,,8,7,0,0,0.8750310144167696,1.1428166356669374,True,ok,5.179871749759212,-18.82405927551685,-28.159500703912848,10,True
chb08,chb08_21.edf,0.0,10.0,0,FP1-F7,fhn_sde,eeg_component,0.5,2,2,22049746362159392,FHN mean+SD peaks; >=0.2s intervals; CV population SD; three intervals,1.8,-9.674348673902797,14.515313178155209,local target-band PSD ratio; control is noise-only,0.0,sde,,,9,7,1,0,0.7956434911036547,1.2568443168093764,True,ok,5.179871749759212,-14.854220423662008,-24.18966185205801,10,True
chb08,chb08_21.edf,0.0,10.0,0,FP1-F7,fhn_sde,eeg_component,2.0,2,0,7738138755767798467,FHN mean+SD peaks; >=0.2s intervals; CV population SD; three intervals,1.8,-10.23254018947123,14.515313178155209,local target-band PSD ratio; control is noise-only,0.0,sde,,,9,8,0,0,0.5973648424818644,1.6740188388812978,True,ok,5.179871749759212,-15.412411939230442,-24.74785336762644,10,True
chb08,chb08_21.edf,0.0,10.0,0,FP1-F7,fhn_sde,eeg_component,2.0,2,1,10431830874568711072,FHN mean+SD peaks; >=0.2s intervals; CV population SD; three intervals,1.8,-11.267787579400563,14.515313178155209,local target-band PSD ratio; control is noise-only,0.0,sde,,,8,7,0,0,0.3799987069734646,2.6315879018762827,True,ok,5.179871749759212,-16.447659329159777,-25.78310075755577,10,True
chb08,chb08_21.edf,0.0,10.0,0,FP1-F7,fhn_sde,eeg_component,2.0,2,2,22049746362159392,FHN mean+SD peaks; >=0.2s intervals; CV population SD; three intervals,1.8,-7.571814138716888,14.515313178155209,local target-band PSD ratio; control is noise-only,0.0,sde,,,12,10,1,0,0.7290129253519176,1.3717177915841043,True,ok,5.179871749759212,-12.7516858884761,-22.0871273168721,10,True
chb08,chb08_21.edf,0.0,10.0,0,FP1-F7,fhn_sde,no_external_drive,0.0,1,0,6173266222930575267,FHN mean+SD peaks; >=0.2s intervals; CV population SD; three intervals,1.8,-59.6186329181286,,local target-band PSD ratio; control is noise-only,0.0,sde,,,0,0,0,0,,,False,insufficient_intervals,-59.6186329181286,0.0,,10,True
chb08,chb08_21.edf,0.0,10.0,0,FP1-F7,fhn_sde,no_external_drive,0.0,1,1,15096000637201056860,FHN mean+SD peaks; >=0.2s intervals; CV population SD; three intervals,1.8,-59.6186329181286,,local target-band PSD ratio; control is noise-only,0.0,sde,,,0,0,0,0,,,False,insufficient_intervals,-59.6186329181286,0.0,,10,True
chb08,chb08_21.edf,0.0,10.0,0,FP1-F7,fhn_sde,no_external_drive,0.0,1,2,8343842141920088809,FHN mean+SD peaks; >=0.2s intervals; CV population SD; three intervals,1.8,-59.6186329181286,,local target-band PSD ratio; control is noise-only,0.0,sde,,,0,0,0,0,,,False,insufficient_intervals,-59.6186329181286,0.0,,10,True
chb08,chb08_21.edf,0.0,10.0,0,FP1-F7,fhn_sde,no_external_drive,0.1,1,0,6173266222930575267,FHN mean+SD peaks; >=0.2s intervals; CV population SD; three intervals,1.8,-10.250650568667323,,local target-band PSD ratio; control is noise-only,0.0,sde,,,12,10,1,0,1.1455670453026503,0.8729301389215567,True,ok,-59.6186329181286,49.36798234946127,,10,True
chb08,chb08_21.edf,0.0,10.0,0,FP1-F7,fhn_sde,no_external_drive,0.1,1,1,15096000637201056860,FHN mean+SD peaks; >=0.2s intervals; CV population SD; three intervals,1.8,-4.962237690417328,,local target-band PSD ratio; control is noise-only,0.0,sde,,,9,8,0,0,1.3951853011620514,0.7167506704429145,True,ok,-59.6186329181286,54.65639522771127,,10,True
chb08,chb08_21.edf,0.0,10.0,0,FP1-F7,fhn_sde,no_external_drive,0.1,1,2,8343842141920088809,FHN mean+SD peaks; >=0.2s intervals; CV population SD; three intervals,1.8,-10.618616048865263,,local target-band PSD ratio; control is noise-only,0.0,sde,,,7,6,0,0,0.2350731579968535,4.253994835145683,True,ok,-59.6186329181286,49.00001686926333,,10,True
chb08,chb08_21.edf,0.0,10.0,0,FP1-F7,fhn_sde,no_external_drive,0.5,1,0,6173266222930575267,FHN mean+SD peaks; >=0.2s intervals; CV population SD; three intervals,1.8,-12.368125181733792,,local target-band PSD ratio; control is noise-only,0.0,sde,,,8,6,1,0,1.2859493002937112,0.7776356344465521,True,ok,-59.6186329181286,47.25050773639481,,10,True
chb08,chb08_21.edf,0.0,10.0,0,FP1-F7,fhn_sde,no_external_drive,0.5,1,1,15096000637201056860,FHN mean+SD peaks; >=0.2s intervals; CV population SD; three intervals,1.8,-4.688410562585189,,local target-band PSD ratio; control is noise-only,0.0,sde,,,9,8,0,0,1.424480510168734,0.7020103068181306,True,ok,-59.6186329181286,54.93022235554341,,10,True
chb08,chb08_21.edf,0.0,10.0,0,FP1-F7,fhn_sde,no_external_drive,0.5,1,2,8343842141920088809,FHN mean+SD peaks; >=0.2s intervals; CV population SD; three intervals,1.8,-12.3276760613636,,local target-band PSD ratio; control is noise-only,0.0,sde,,,11,10,0,0,1.2606745858954378,0.7932261117881704,True,ok,-59.6186329181286,47.290956856765,,10,True
chb08,chb08_21.edf,0.0,10.0,0,FP1-F7,fhn_sde,no_external_drive,2.0,1,0,6173266222930575267,FHN mean+SD peaks; >=0.2s intervals; CV population SD; three intervals,1.8,-11.926693560101445,,local target-band PSD ratio; control is noise-only,0.0,sde,,,10,8,1,0,1.2270872188167357,0.8149379967988641,True,ok,-59.6186329181286,47.69193935802716,,10,True
chb08,chb08_21.edf,0.0,10.0,0,FP1-F7,fhn_sde,no_external_drive,2.0,1,1,15096000637201056860,FHN mean+SD peaks; >=0.2s intervals; CV population SD; three intervals,1.8,-4.592102563930204,,local target-band PSD ratio; control is noise-only,0.0,sde,,,9,8,0,0,1.4241179746380463,0.7021890165062764,True,ok,-59.6186329181286,55.02653035419839,,10,True
chb08,chb08_21.edf,0.0,10.0,0,FP1-F7,fhn_sde,no_external_drive,2.0,1,2,8343842141920088809,FHN mean+SD peaks; >=0.2s intervals; CV population SD; three intervals,1.8,-11.17652053745633,,local target-band PSD ratio; control is noise-only,0.0,sde,,,10,9,0,0,0.5505642002491833,1.816318604710229,True,ok,-59.6186329181286,48.44211238067227,,10,True
chb08,chb08_21.edf,0.0,10.0,0,FP1-F7,fhn_sde,no_external_drive,0.0,2,0,7738138755767798467,FHN mean+SD peaks; >=0.2s intervals; CV population SD; three intervals,1.8,-59.61617733862234,,local target-band PSD ratio; control is noise-only,0.0,sde,,,0,0,0,0,,,False,insufficient_intervals,-59.61617733862234,0.0,,10,True
chb08,chb08_21.edf,0.0,10.0,0,FP1-F7,fhn_sde,no_external_drive,0.0,2,1,10431830874568711072,FHN mean+SD peaks; >=0.2s intervals; CV population SD; three intervals,1.8,-59.61617733862234,,local target-band PSD ratio; control is noise-only,0.0,sde,,,0,0,0,0,,,False,insufficient_intervals,-59.61617733862234,0.0,,10,True
chb08,chb08_21.edf,0.0,10.0,0,FP1-F7,fhn_sde,no_external_drive,0.0,2,2,22049746362159392,FHN mean+SD peaks; >=0.2s intervals; CV population SD; three intervals,1.8,-59.61617733862234,,local target-band PSD ratio; control is noise-only,0.0,sde,,,0,0,0,0,,,False,insufficient_intervals,-59.61617733862234,0.0,,10,True
chb08,chb08_21.edf,0.0,10.0,0,FP1-F7,fhn_sde,no_external_drive,0.1,2,0,7738138755767798467,FHN mean+SD peaks; >=0.2s intervals; CV population SD; three intervals,1.8,-6.522545967296467,,local target-band PSD ratio; control is noise-only,0.0,sde,,,14,12,1,0,0.9163777837470204,1.0912529938373807,True,ok,-59.61617733862234,53.09363137132588,,10,True
chb08,chb08_21.edf,0.0,10.0,0,FP1-F7,fhn_sde,no_external_drive,0.1,2,1,10431830874568711072,FHN mean+SD peaks; >=0.2s intervals; CV population SD; three intervals,1.8,-16.52961803109755,,local target-band PSD ratio; control is noise-only,0.0,sde,,,9,8,0,0,0.3878834668431531,2.5780939005692804,True,ok,-59.61617733862234,43.0865593075248,,10,True
chb08,chb08_21.edf,0.0,10.0,0,FP1-F7,fhn_sde,no_external_drive,0.1,2,2,22049746362159392,FHN mean+SD peaks; >=0.2s intervals; CV population SD; three intervals,1.8,-15.64795900634759,,local target-band PSD ratio; control is noise-only,0.0,sde,,,9,8,0,0,0.4290347619444428,2.330813464782822,True,ok,-59.61617733862234,43.96821833227475,,10,True
chb08,chb08_21.edf,0.0,10.0,0,FP1-F7,fhn_sde,no_external_drive,0.5,2,0,7738138755767798467,FHN mean+SD peaks; >=0.2s intervals; CV population SD; three intervals,1.8,-7.701272531336083,,local target-band PSD ratio; control is noise-only,0.0,sde,,,13,11,1,0,0.7671612649163684,1.303506897091597,True,ok,-59.61617733862234,51.91490480728626,,10,True
chb08,chb08_21.edf,0.0,10.0,0,FP1-F7,fhn_sde,no_external_drive,0.5,2,1,10431830874568711072,FHN mean+SD peaks; >=0.2s intervals; CV population SD; three intervals,1.8,-11.281344559765136,,local target-band PSD ratio; control is noise-only,0.0,sde,,,8,7,0,0,0.8750310144167696,1.1428166356669374,True,ok,-59.61617733862234,48.334832778857205,,10,True
chb08,chb08_21.edf,0.0,10.0,0,FP1-F7,fhn_sde,no_external_drive,0.5,2,2,22049746362159392,FHN mean+SD peaks; >=0.2s intervals; CV population SD; three intervals,1.8,-8.233577630064172,,local target-band PSD ratio; control is noise-only,0.0,sde,,,7,5,1,0,0.7444648170438797,1.3432468225574437,True,ok,-59.61617733862234,51.382599708558175,,10,True
chb08,chb08_21.edf,0.0,10.0,0,FP1-F7,fhn_sde,no_external_drive,2.0,2,0,7738138755767798467,FHN mean+SD peaks; >=0.2s intervals; CV population SD; three intervals,1.8,-10.849947691481493,,local target-band PSD ratio; control is noise-only,0.0,sde,,,9,8,0,0,0.5748453219504334,1.7395983959772503,True,ok,-59.61617733862234,48.76622964714085,,10,True
chb08,chb08_21.edf,0.0,10.0,0,FP1-F7,fhn_sde,no_external_drive,2.0,2,1,10431830874568711072,FHN mean+SD peaks; >=0.2s intervals; CV population SD; three intervals,1.8,-9.833702212691133,,local target-band PSD ratio; control is noise-only,0.0,sde,,,7,6,0,0,0.5334381283638293,1.874631652347794,True,ok,-59.61617733862234,49.782475125931214,,10,True
chb08,chb08_21.edf,0.0,10.0,0,FP1-F7,fhn_sde,no_external_drive,2.0,2,2,22049746362159392,FHN mean+SD peaks; >=0.2s intervals; CV population SD; three intervals,1.8,-6.826173566205758,,local target-band PSD ratio; control is noise-only,0.0,sde,,,12,10,1,0,0.7951236744778752,1.2576659859318848,True,ok,-59.61617733862234,52.79000377241658,,10,True
chb08,chb08_21.edf,2140.0,2150.0,1,FP1-F7,bistable_driven_regularity,eeg_component,0.0,1,0,3455556794382999071,bistable hysteresis; CV sample SD; five intervals,1.0,12.786555381122922,14.056919675424568,local target-band PSD ratio; control is noise-only,0.0,sqrt(2Ddt),-1.0,3.0,0,0,0,1,,,False,insufficient_intervals,12.786555381122922,0.0,-1.2703642943016469,10,True
chb08,chb08_21.edf,2140.0,2150.0,1,FP1-F7,bistable_driven_regularity,eeg_component,0.0,1,1,11383262729531432962,bistable hysteresis; CV sample SD; five intervals,1.0,12.786555381122922,14.056919675424568,local target-band PSD ratio; control is noise-only,0.0,sqrt(2Ddt),-1.0,3.0,0,0,0,1,,,False,insufficient_intervals,12.786555381122922,0.0,-1.2703642943016469,10,True
chb08,chb08_21.edf,2140.0,2150.0,1,FP1-F7,bistable_driven_regularity,eeg_component,0.0,1,2,12286230788570882037,bistable hysteresis; CV sample SD; five intervals,1.0,12.786555381122922,14.056919675424568,local target-band PSD ratio; control is noise-only,0.0,sqrt(2Ddt),-1.0,3.0,0,0,0,1,,,False,insufficient_intervals,12.786555381122922,0.0,-1.2703642943016469,10,True
chb08,chb08_21.edf,2140.0,2150.0,1,FP1-F7,bistable_driven_regularity,eeg_component,0.1,1,0,3455556794382999071,bistable hysteresis; CV sample SD; five intervals,1.0,-0.6533113863053913,14.056919675424568,local target-band PSD ratio; control is noise-only,0.0,sqrt(2Ddt),-1.0,3.0,0,0,0,1,,,False,insufficient_intervals,12.786555381122922,-13.439866767428311,-14.71023106172996,10,True
chb08,chb08_21.edf,2140.0,2150.0,1,FP1-F7,bistable_driven_regularity,eeg_component,0.1,1,1,11383262729531432962,bistable hysteresis; CV sample SD; five intervals,1.0,-7.282442542940208,14.056919675424568,local target-band PSD ratio; control is noise-only,0.0,sqrt(2Ddt),-1.0,3.0,0,0,0,1,,,False,insufficient_intervals,12.786555381122922,-20.06899792406313,-21.339362218364776,10,True
chb08,chb08_21.edf,2140.0,2150.0,1,FP1-F7,bistable_driven_regularity,eeg_component,0.1,1,2,12286230788570882037,bistable hysteresis; CV sample SD; five intervals,1.0,-1.8920449984331884,14.056919675424568,local target-band PSD ratio; control is noise-only,0.0,sqrt(2Ddt),-1.0,3.0,0,0,0,1,,,False,insufficient_intervals,12.786555381122922,-14.67860037955611,-15.948964673857756,10,True
chb08,chb08_21.edf,2140.0,2150.0,1,FP1-F7,bistable_driven_regularity,eeg_component,0.5,1,0,3455556794382999071,bistable hysteresis; CV sample SD; five intervals,1.0,-6.5906526013156,14.056919675424568,local target-band PSD ratio; control is noise-only,0.0,sqrt(2Ddt),-1.0,3.0,1,0,0,1,,,False,insufficient_intervals,12.786555381122922,-19.37720798243852,-20.647572276740167,10,True
chb08,chb08_21.edf,2140.0,2150.0,1,FP1-F7,bistable_driven_regularity,eeg_component,0.5,1,1,11383262729531432962,bistable hysteresis; CV sample SD; five intervals,1.0,-11.545929429648956,14.056919675424568,local target-band PSD ratio; control is noise-only,0.0,sqrt(2Ddt),-1.0,3.0,2,1,0,1,,,False,insufficient_intervals,12.786555381122922,-24.33248481077188,-25.602849105073524,10,True
chb08,chb08_21.edf,2140.0,2150.0,1,FP1-F7,bistable_driven_regularity,eeg_component,0.5,1,2,12286230788570882037,bistable hysteresis; CV sample SD; five intervals,1.0,-6.503233633507607,14.056919675424568,local target-band PSD ratio; control is noise-only,0.0,sqrt(2Ddt),-1.0,3.0,3,2,0,1,,,False,insufficient_intervals,12.786555381122922,-19.28978901463053,-20.560153308932176,10,True
chb08,chb08_21.edf,2140.0,2150.0,1,FP1-F7,bistable_driven_regularity,eeg_component,2.0,1,0,3455556794382999071,bistable hysteresis; CV sample SD; five intervals,1.0,-2.6608803970265344,14.056919675424568,local target-band PSD ratio; control is noise-only,0.0,sqrt(2Ddt),-1.0,3.0,13,12,0,1,1.1036856412146767,0.9060550963582672,True,ok,12.786555381122922,-15.447435778149456,-16.7178000724511,10,True
chb08,chb08_21.edf,2140.0,2150.0,1,FP1-F7,bistable_driven_regularity,eeg_component,2.0,1,1,11383262729531432962,bistable hysteresis; CV sample SD; five intervals,1.0,-6.199218248709293,14.056919675424568,local target-band PSD ratio; control is noise-only,0.0,sqrt(2Ddt),-1.0,3.0,9,8,0,1,1.055796934148826,0.9471518316220447,True,ok,12.786555381122922,-18.985773629832217,-20.25613792413386,10,True
chb08,chb08_21.edf,2140.0,2150.0,1,FP1-F7,bistable_driven_regularity,eeg_component,2.0,1,2,12286230788570882037,bistable hysteresis; CV sample SD; five intervals,1.0,-4.561477343680691,14.056919675424568,local target-band PSD ratio; control is noise-only,0.0,sqrt(2Ddt),-1.0,3.0,6,5,0,1,1.0716061245507382,0.9331786904626376,True,ok,12.786555381122922,-17.348032724803613,-18.61839701910526,10,True
chb08,chb08_21.edf,2140.0,2150.0,1,FP1-F7,bistable_driven_regularity,eeg_component,0.0,2,0,2905568787839655025,bistable hysteresis; CV sample SD; five intervals,1.0,12.786137130563144,14.056919675424568,local target-band PSD ratio; control is noise-only,0.0,sqrt(2Ddt),-1.0,3.0,0,0,0,1,,,False,insufficient_intervals,12.786137130563144,0.0,-1.2707825448614258,10,True
chb08,chb08_21.edf,2140.0,2150.0,1,FP1-F7,bistable_driven_regularity,eeg_component,0.0,2,1,432724919376054970,bistable hysteresis; CV sample SD; five intervals,1.0,12.786137130563144,14.056919675424568,local target-band PSD ratio; control is noise-only,0.0,sqrt(2Ddt),-1.0,3.0,0,0,0,1,,,False,insufficient_intervals,12.786137130563144,0.0,-1.2707825448614258,10,True
chb08,chb08_21.edf,2140.0,2150.0,1,FP1-F7,bistable_driven_regularity,eeg_component,0.0,2,2,4096820444594902719,bistable hysteresis; CV sample SD; five intervals,1.0,12.786137130563144,14.056919675424568,local target-band PSD ratio; control is noise-only,0.0,sqrt(2Ddt),-1.0,3.0,0,0,0,1,,,False,insufficient_intervals,12.786137130563144,0.0,-1.2707825448614258,10,True
chb08,chb08_21.edf,2140.0,2150.0,1,FP1-F7,bistable_driven_regularity,eeg_component,0.1,2,0,2905568787839655025,bistable hysteresis; CV sample SD; five intervals,1.0,0.7443854101952762,14.056919675424568,local target-band PSD ratio; control is noise-only,0.0,sqrt(2Ddt),-1.0,3.0,0,0,0,1,,,False,insufficient_intervals,12.786137130563144,-12.041751720367866,-13.312534265229292,10,True
chb08,chb08_21.edf,2140.0,2150.0,1,FP1-F7,bistable_driven_regularity,eeg_component,0.1,2,1,432724919376054970,bistable hysteresis; CV sample SD; five intervals,1.0,2.6145933067685028,14.056919675424568,local target-band PSD ratio; control is noise-only,0.0,sqrt(2Ddt),-1.0,3.0,0,0,0,1,,,False,insufficient_intervals,12.786137130563144,-10.17154382379464,-11.442326368656063,10,True
chb08,chb08_21.edf,2140.0,2150.0,1,FP1-F7,bistable_driven_regularity,eeg_component,0.1,2,2,4096820444594902719,bistable hysteresis; CV sample SD; five intervals,1.0,-0.1844113633481828,14.056919675424568,local target-band PSD ratio; control is noise-only,0.0,sqrt(2Ddt),-1.0,3.0,0,0,0,1,,,False,insufficient_intervals,12.786137130563144,-12.970548493911323,-14.241331038772753,10,True
chb08,chb08_21.edf,2140.0,2150.0,1,FP1-F7,bistable_driven_regularity,eeg_component,0.5,2,0,2905568787839655025,bistable hysteresis; CV sample SD; five intervals,1.0,0.6247014226122212,14.056919675424568,local target-band PSD ratio; control is noise-only,0.0,sqrt(2Ddt),-1.0,3.0,1,0,0,1,,,False,insufficient_intervals,12.786137130563144,-12.161435707950922,-13.432218252812348,10,True
chb08,chb08_21.edf,2140.0,2150.0,1,FP1-F7,bistable_driven_regularity,eeg_component,0.5,2,1,432724919376054970,bistable hysteresis; CV sample SD; five intervals,1.0,0.9683409450784805,14.056919675424568,local target-band PSD ratio; control is noise-only,0.0,sqrt(2Ddt),-1.0,3.0,0,0,0,1,,,False,insufficient_intervals,12.786137130563144,-11.817796185484662,-13.088578730346088,10,True
chb08,chb08_21.edf,2140.0,2150.0,1,FP1-F7,bistable_driven_regularity,eeg_component,0.5,2,2,4096820444594902719,bistable hysteresis; CV sample SD; five intervals,1.0,-5.424832492293598,14.056919675424568,local target-band PSD ratio; control is noise-only,0.0,sqrt(2Ddt),-1.0,3.0,3,2,0,1,,,False,insufficient_intervals,12.786137130563144,-18.21096962285674,-19.481752167718167,10,True
chb08,chb08_21.edf,2140.0,2150.0,1,FP1-F7,bistable_driven_regularity,eeg_component,2.0,2,0,2905568787839655025,bistable hysteresis; CV sample SD; five intervals,1.0,0.6285618082438875,14.056919675424568,local target-band PSD ratio; control is noise-only,0.0,sqrt(2Ddt),-1.0,3.0,14,13,0,1,1.5090882488267272,0.6626517705491851,True,ok,12.786137130563144,-12.157575322319255,-13.42835786718068,10,True
chb08,chb08_21.edf,2140.0,2150.0,1,FP1-F7,bistable_driven_regularity,eeg_component,2.0,2,1,432724919376054970,bistable hysteresis; CV sample SD; five intervals,1.0,-3.928748871712135,14.056919675424568,local target-band PSD ratio; control is noise-only,0.0,sqrt(2Ddt),-1.0,3.0,6,5,0,1,1.1076562113751518,0.9028071975134804,True,ok,12.786137130563144,-16.71488600227528,-17.985668547136704,10,True
chb08,chb08_21.edf,2140.0,2150.0,1,FP1-F7,bistable_driven_regularity,eeg_component,2.0,2,2,4096820444594902719,bistable hysteresis; CV sample SD; five intervals,1.0,-2.37411550204166,14.056919675424568,local target-band PSD ratio; control is noise-only,0.0,sqrt(2Ddt),-1.0,3.0,7,6,0,1,0.9281979520763064,1.0773563955437286,True,ok,12.786137130563144,-15.160252632604802,-16.431035177466228,10,True
chb08,chb08_21.edf,2140.0,2150.0,1,FP1-F7,bistable_driven_regularity,no_external_drive,0.0,1,0,3455556794382999071,bistable hysteresis; CV sample SD; five intervals,1.0,,,local target-band PSD ratio; control is noise-only,0.0,sqrt(2Ddt),-1.0,3.0,0,0,0,1,,,False,insufficient_intervals,,,,10,False
chb08,chb08_21.edf,2140.0,2150.0,1,FP1-F7,bistable_driven_regularity,no_external_drive,0.0,1,1,11383262729531432962,bistable hysteresis; CV sample SD; five intervals,1.0,,,local target-band PSD ratio; control is noise-only,0.0,sqrt(2Ddt),-1.0,3.0,0,0,0,1,,,False,insufficient_intervals,,,,10,False
chb08,chb08_21.edf,2140.0,2150.0,1,FP1-F7,bistable_driven_regularity,no_external_drive,0.0,1,2,12286230788570882037,bistable hysteresis; CV sample SD; five intervals,1.0,,,local target-band PSD ratio; control is noise-only,0.0,sqrt(2Ddt),-1.0,3.0,0,0,0,1,,,False,insufficient_intervals,,,,10,False
chb08,chb08_21.edf,2140.0,2150.0,1,FP1-F7,bistable_driven_regularity,no_external_drive,0.1,1,0,3455556794382999071,bistable hysteresis; CV sample SD; five intervals,1.0,0.7839211225291064,,local target-band PSD ratio; control is noise-only,0.0,sqrt(2Ddt),-1.0,3.0,0,0,0,1,,,False,insufficient_intervals,,,,10,False
chb08,chb08_21.edf,2140.0,2150.0,1,FP1-F7,bistable_driven_regularity,no_external_drive,0.1,1,1,11383262729531432962,bistable hysteresis; CV sample SD; five intervals,1.0,-8.002318211526623,,local target-band PSD ratio; control is noise-only,0.0,sqrt(2Ddt),-1.0,3.0,0,0,0,1,,,False,insufficient_intervals,,,,10,False
chb08,chb08_21.edf,2140.0,2150.0,1,FP1-F7,bistable_driven_regularity,no_external_drive,0.1,1,2,12286230788570882037,bistable hysteresis; CV sample SD; five intervals,1.0,-1.826984865658606,,local target-band PSD ratio; control is noise-only,0.0,sqrt(2Ddt),-1.0,3.0,0,0,0,1,,,False,insufficient_intervals,,,,10,False
chb08,chb08_21.edf,2140.0,2150.0,1,FP1-F7,bistable_driven_regularity,no_external_drive,0.5,1,0,3455556794382999071,bistable hysteresis; CV sample SD; five intervals,1.0,-5.124874133329092,,local target-band PSD ratio; control is noise-only,0.0,sqrt(2Ddt),-1.0,3.0,3,2,0,1,,,False,insufficient_intervals,,,,10,False
chb08,chb08_21.edf,2140.0,2150.0,1,FP1-F7,bistable_driven_regularity,no_external_drive,0.5,1,1,11383262729531432962,bistable hysteresis; CV sample SD; five intervals,1.0,-10.047171006791144,,local target-band PSD ratio; control is noise-only,0.0,sqrt(2Ddt),-1.0,3.0,2,1,0,1,,,False,insufficient_intervals,,,,10,False
chb08,chb08_21.edf,2140.0,2150.0,1,FP1-F7,bistable_driven_regularity,no_external_drive,0.5,1,2,12286230788570882037,bistable hysteresis; CV sample SD; five intervals,1.0,-5.804692757397617,,local target-band PSD ratio; control is noise-only,0.0,sqrt(2Ddt),-1.0,3.0,3,2,0,1,,,False,insufficient_intervals,,,,10,False
chb08,chb08_21.edf,2140.0,2150.0,1,FP1-F7,bistable_driven_regularity,no_external_drive,2.0,1,0,3455556794382999071,bistable hysteresis; CV sample SD; five intervals,1.0,-1.5241300082748022,,local target-band PSD ratio; control is noise-only,0.0,sqrt(2Ddt),-1.0,3.0,11,10,0,1,1.0256892816422625,0.9749541287970462,True,ok,,,,10,False
chb08,chb08_21.edf,2140.0,2150.0,1,FP1-F7,bistable_driven_regularity,no_external_drive,2.0,1,1,11383262729531432962,bistable hysteresis; CV sample SD; five intervals,1.0,-6.4387525517403805,,local target-band PSD ratio; control is noise-only,0.0,sqrt(2Ddt),-1.0,3.0,9,8,0,1,1.0571816679440291,0.9459112187830176,True,ok,,,,10,False
chb08,chb08_21.edf,2140.0,2150.0,1,FP1-F7,bistable_driven_regularity,no_external_drive,2.0,1,2,12286230788570882037,bistable hysteresis; CV sample SD; five intervals,1.0,-4.228126276862011,,local target-band PSD ratio; control is noise-only,0.0,sqrt(2Ddt),-1.0,3.0,6,5,0,1,1.072670350782707,0.9322528578051212,True,ok,,,,10,False
chb08,chb08_21.edf,2140.0,2150.0,1,FP1-F7,bistable_driven_regularity,no_external_drive,0.0,2,0,2905568787839655025,bistable hysteresis; CV sample SD; five intervals,1.0,,,local target-band PSD ratio; control is noise-only,0.0,sqrt(2Ddt),-1.0,3.0,0,0,0,1,,,False,insufficient_intervals,,,,10,False
chb08,chb08_21.edf,2140.0,2150.0,1,FP1-F7,bistable_driven_regularity,no_external_drive,0.0,2,1,432724919376054970,bistable hysteresis; CV sample SD; five intervals,1.0,,,local target-band PSD ratio; control is noise-only,0.0,sqrt(2Ddt),-1.0,3.0,0,0,0,1,,,False,insufficient_intervals,,,,10,False
chb08,chb08_21.edf,2140.0,2150.0,1,FP1-F7,bistable_driven_regularity,no_external_drive,0.0,2,2,4096820444594902719,bistable hysteresis; CV sample SD; five intervals,1.0,,,local target-band PSD ratio; control is noise-only,0.0,sqrt(2Ddt),-1.0,3.0,0,0,0,1,,,False,insufficient_intervals,,,,10,False
chb08,chb08_21.edf,2140.0,2150.0,1,FP1-F7,bistable_driven_regularity,no_external_drive,0.1,2,0,2905568787839655025,bistable hysteresis; CV sample SD; five intervals,1.0,3.894461015974573,,local target-band PSD ratio; control is noise-only,0.0,sqrt(2Ddt),-1.0,3.0,0,0,0,1,,,False,insufficient_intervals,,,,10,False
chb08,chb08_21.edf,2140.0,2150.0,1,FP1-F7,bistable_driven_regularity,no_external_drive,0.1,2,1,432724919376054970,bistable hysteresis; CV sample SD; five intervals,1.0,0.9319727994694526,,local target-band PSD ratio; control is noise-only,0.0,sqrt(2Ddt),-1.0,3.0,0,0,0,1,,,False,insufficient_intervals,,,,10,False
chb08,chb08_21.edf,2140.0,2150.0,1,FP1-F7,bistable_driven_regularity,no_external_drive,0.1,2,2,4096820444594902719,bistable hysteresis; CV sample SD; five intervals,1.0,-2.438140609169961,,local target-band PSD ratio; control is noise-only,0.0,sqrt(2Ddt),-1.0,3.0,0,0,0,1,,,False,insufficient_intervals,,,,10,False
chb08,chb08_21.edf,2140.0,2150.0,1,FP1-F7,bistable_driven_regularity,no_external_drive,0.5,2,0,2905568787839655025,bistable hysteresis; CV sample SD; five intervals,1.0,2.4079703094205787,,local target-band PSD ratio; control is noise-only,0.0,sqrt(2Ddt),-1.0,3.0,1,0,0,1,,,False,insufficient_intervals,,,,10,False
chb08,chb08_21.edf,2140.0,2150.0,1,FP1-F7,bistable_driven_regularity,no_external_drive,0.5,2,1,432724919376054970,bistable hysteresis; CV sample SD; five intervals,1.0,0.4228968260332433,,local target-band PSD ratio; control is noise-only,0.0,sqrt(2Ddt),-1.0,3.0,0,0,0,1,,,False,insufficient_intervals,,,,10,False
chb08,chb08_21.edf,2140.0,2150.0,1,FP1-F7,bistable_driven_regularity,no_external_drive,0.5,2,2,4096820444594902719,bistable hysteresis; CV sample SD; five intervals,1.0,-6.327012614014417,,local target-band PSD ratio; control is noise-only,0.0,sqrt(2Ddt),-1.0,3.0,3,2,0,1,,,False,insufficient_intervals,,,,10,False
chb08,chb08_21.edf,2140.0,2150.0,1,FP1-F7,bistable_driven_regularity,no_external_drive,2.0,2,0,2905568787839655025,bistable hysteresis; CV sample SD; five intervals,1.0,1.5712039882323632,,local target-band PSD ratio; control is noise-only,0.0,sqrt(2Ddt),-1.0,3.0,14,13,0,1,1.510577069954922,0.6619986625573773,True,ok,,,,10,False
chb08,chb08_21.edf,2140.0,2150.0,1,FP1-F7,bistable_driven_regularity,no_external_drive,2.0,2,1,432724919376054970,bistable hysteresis; CV sample SD; five intervals,1.0,-4.217634179208931,,local target-band PSD ratio; control is noise-only,0.0,sqrt(2Ddt),-1.0,3.0,6,5,0,1,1.1131386032221215,0.8983607226497873,True,ok,,,,10,False
chb08,chb08_21.edf,2140.0,2150.0,1,FP1-F7,bistable_driven_regularity,no_external_drive,2.0,2,2,4096820444594902719,bistable hysteresis; CV sample SD; five intervals,1.0,-2.7378075541409643,,local target-band PSD ratio; control is noise-only,0.0,sqrt(2Ddt),-1.0,3.0,5,4,0,1,,,False,insufficient_intervals,,,,10,False
chb08,chb08_21.edf,2140.0,2150.0,1,FP1-F7,fhn_sde,eeg_component,0.0,1,0,11470831439718158010,FHN mean+SD peaks; >=0.2s intervals; CV population SD; three intervals,1.0,9.69336987532641,14.056919675424568,local target-band PSD ratio; control is noise-only,0.0,sde,,,2,1,0,0,,,False,insufficient_intervals,9.69336987532641,0.0,-4.363549800098159,10,True
chb08,chb08_21.edf,2140.0,2150.0,1,FP1-F7,fhn_sde,eeg_component,0.0,1,1,4621335362385912673,FHN mean+SD peaks; >=0.2s intervals; CV population SD; three intervals,1.0,9.69336987532641,14.056919675424568,local target-band PSD ratio; control is noise-only,0.0,sde,,,2,1,0,0,,,False,insufficient_intervals,9.69336987532641,0.0,-4.363549800098159,10,True
chb08,chb08_21.edf,2140.0,2150.0,1,FP1-F7,fhn_sde,eeg_component,0.0,1,2,12624524378241472309,FHN mean+SD peaks; >=0.2s intervals; CV population SD; three intervals,1.0,9.69336987532641,14.056919675424568,local target-band PSD ratio; control is noise-only,0.0,sde,,,2,1,0,0,,,False,insufficient_intervals,9.69336987532641,0.0,-4.363549800098159,10,True
chb08,chb08_21.edf,2140.0,2150.0,1,FP1-F7,fhn_sde,eeg_component,0.1,1,0,11470831439718158010,FHN mean+SD peaks; >=0.2s intervals; CV population SD; three intervals,1.0,-6.459960869839646,14.056919675424568,local target-band PSD ratio; control is noise-only,0.0,sde,,,7,6,0,0,0.2485540653742591,4.023269538940168,True,ok,9.69336987532641,-16.153330745166055,-20.51688054526421,10,True
chb08,chb08_21.edf,2140.0,2150.0,1,FP1-F7,fhn_sde,eeg_component,0.1,1,1,4621335362385912673,FHN mean+SD peaks; >=0.2s intervals; CV population SD; three intervals,1.0,-6.891875657341211,14.056919675424568,local target-band PSD ratio; control is noise-only,0.0,sde,,,10,9,0,0,1.81989370360513,0.5494826417713538,True,ok,9.69336987532641,-16.58524553266762,-20.94879533276578,10,True
chb08,chb08_21.edf,2140.0,2150.0,1,FP1-F7,fhn_sde,eeg_component,0.1,1,2,12624524378241472309,FHN mean+SD peaks; >=0.2s intervals; CV population SD; three intervals,1.0,4.025762747383992,14.056919675424568,local target-band PSD ratio; control is noise-only,0.0,sde,,,12,11,0,0,0.8750992918950627,1.1427274701987928,True,ok,9.69336987532641,-5.667607127942417,-10.031156928040575,10,True
chb08,chb08_21.edf,2140.0,2150.0,1,FP1-F7,fhn_sde,eeg_component,0.5,1,0,11470831439718158010,FHN mean+SD peaks; >=0.2s intervals; CV population SD; three intervals,1.0,-8.409303465927545,14.056919675424568,local target-band PSD ratio; control is noise-only,0.0,sde,,,11,9,1,0,0.2206474707882662,4.532116304925164,True,ok,9.69336987532641,-18.102673341253958,-22.466223141352117,10,True
chb08,chb08_21.edf,2140.0,2150.0,1,FP1-F7,fhn_sde,eeg_component,0.5,1,1,4621335362385912673,FHN mean+SD peaks; >=0.2s intervals; CV population SD; three intervals,1.0,-10.7041671206237,14.056919675424568,local target-band PSD ratio; control is noise-only,0.0,sde,,,7,6,0,0,0.1677810567731402,5.960148417423058,True,ok,9.69336987532641,-20.39753699595011,-24.761086796048268,10,True
chb08,chb08_21.edf,2140.0,2150.0,1,FP1-F7,fhn_sde,eeg_component,0.5,1,2,12624524378241472309,FHN mean+SD peaks; >=0.2s intervals; CV population SD; three intervals,1.0,3.874245946850183,14.056919675424568,local target-band PSD ratio; control is noise-only,0.0,sde,,,17,15,1,0,1.0841442124771494,0.9223865132435756,True,ok,9.69336987532641,-5.819123928476227,-10.182673728574386,10,True
chb08,chb08_21.edf,2140.0,2150.0,1,FP1-F7,fhn_sde,eeg_component,2.0,1,0,11470831439718158010,FHN mean+SD peaks; >=0.2s intervals; CV population SD; three intervals,1.0,-6.665781345446745,14.056919675424568,local target-band PSD ratio; control is noise-only,0.0,sde,,,13,12,0,0,0.2227147032836898,4.4900493108720285,True,ok,9.69336987532641,-16.359151220773153,-20.722701020871312,10,True
chb08,chb08_21.edf,2140.0,2150.0,1,FP1-F7,fhn_sde,eeg_component,2.0,1,1,4621335362385912673,FHN mean+SD peaks; >=0.2s intervals; CV population SD; three intervals,1.0,-7.435574336471436,14.056919675424568,local target-band PSD ratio; control is noise-only,0.0,sde,,,15,14,0,0,1.5939784652811824,0.6273610477062481,True,ok,9.69336987532641,-17.128944211797844,-21.492494011896007,10,True
chb08,chb08_21.edf,2140.0,2150.0,1,FP1-F7,fhn_sde,eeg_component,2.0,1,2,12624524378241472309,FHN mean+SD peaks; >=0.2s intervals; CV population SD; three intervals,1.0,3.442801133934048,14.056919675424568,local target-band PSD ratio; control is noise-only,0.0,sde,,,14,12,1,0,1.1733950128670851,0.8522279275387322,True,ok,9.69336987532641,-6.250568741392362,-10.61411854149052,10,True
chb08,chb08_21.edf,2140.0,2150.0,1,FP1-F7,fhn_sde,eeg_component,0.0,2,0,9402335511040766655,FHN mean+SD peaks; >=0.2s intervals; CV population SD; three intervals,1.0,9.690540249698469,14.056919675424568,local target-band PSD ratio; control is noise-only,0.0,sde,,,2,1,0,0,,,False,insufficient_intervals,9.690540249698469,0.0,-4.366379425726102,10,True
chb08,chb08_21.edf,2140.0,2150.0,1,FP1-F7,fhn_sde,eeg_component,0.0,2,1,9439229488520533140,FHN mean+SD peaks; >=0.2s intervals; CV population SD; three intervals,1.0,9.690540249698469,14.056919675424568,local target-band PSD ratio; control is noise-only,0.0,sde,,,2,1,0,0,,,False,insufficient_intervals,9.690540249698469,0.0,-4.366379425726102,10,True
chb08,chb08_21.edf,2140.0,2150.0,1,FP1-F7,fhn_sde,eeg_component,0.0,2,2,9725441191095363844,FHN mean+SD peaks; >=0.2s intervals; CV population SD; three intervals,1.0,9.690540249698469,14.056919675424568,local target-band PSD ratio; control is noise-only,0.0,sde,,,2,1,0,0,,,False,insufficient_intervals,9.690540249698469,0.0,-4.366379425726102,10,True
chb08,chb08_21.edf,2140.0,2150.0,1,FP1-F7,fhn_sde,eeg_component,0.1,2,0,9402335511040766655,FHN mean+SD peaks; >=0.2s intervals; CV population SD; three intervals,1.0,-10.481468187406282,14.056919675424568,local target-band PSD ratio; control is noise-only,0.0,sde,,,5,4,0,0,0.5959642654171262,1.6779529546122731,True,ok,9.690540249698469,-20.17200843710475,-24.53838786283085,10,True
chb08,chb08_21.edf,2140.0,2150.0,1,FP1-F7,fhn_sde,eeg_component,0.1,2,1,9439229488520533140,FHN mean+SD peaks; >=0.2s intervals; CV population SD; three intervals,1.0,0.0499273825573364,14.056919675424568,local target-band PSD ratio; control is noise-only,0.0,sde,,,11,9,1,0,1.2460413232395346,0.8025416022320501,True,ok,9.690540249698469,-9.64061286714113,-14.006992292867231,10,True
chb08,chb08_21.edf,2140.0,2150.0,1,FP1-F7,fhn_sde,eeg_component,0.1,2,2,9725441191095363844,FHN mean+SD peaks; >=0.2s intervals; CV population SD; three intervals,1.0,-3.7349320176724654,14.056919675424568,local target-band PSD ratio; control is noise-only,0.0,sde,,,10,8,1,0,0.3120214625408419,3.2049077388998697,True,ok,9.690540249698469,-13.425472267370932,-17.791851693097033,10,True
chb08,chb08_21.edf,2140.0,2150.0,1,FP1-F7,fhn_sde,eeg_component,0.5,2,0,9402335511040766655,FHN mean+SD peaks; >=0.2s intervals; CV population SD; three intervals,1.0,-8.784103034605913,14.056919675424568,local target-band PSD ratio; control is noise-only,0.0,sde,,,8,7,0,0,0.8735412213719717,1.1447656682181684,True,ok,9.690540249698469,-18.474643284304378,-22.84102271003048,10,True
chb08,chb08_21.edf,2140.0,2150.0,1,FP1-F7,fhn_sde,eeg_component,0.5,2,1,9439229488520533140,FHN mean+SD peaks; >=0.2s intervals; CV population SD; three intervals,1.0,-4.2422739808353445,14.056919675424568,local target-band PSD ratio; control is noise-only,0.0,sde,,,7,6,0,0,0.1948978839936062,5.130892031812957,True,ok,9.690540249698469,-13.932814230533811,-18.299193656259916,10,True
chb08,chb08_21.edf,2140.0,2150.0,1,FP1-F7,fhn_sde,eeg_component,0.5,2,2,9725441191095363844,FHN mean+SD peaks; >=0.2s intervals; CV population SD; three intervals,1.0,-7.896160456755988,14.056919675424568,local target-band PSD ratio; control is noise-only,0.0,sde,,,11,8,2,0,0.3884524792830601,2.5743174605182872,True,ok,9.690540249698469,-17.586700706454454,-21.95308013218056,10,True
chb08,chb08_21.edf,2140.0,2150.0,1,FP1-F7,fhn_sde,eeg_component,2.0,2,0,9402335511040766655,FHN mean+SD peaks; >=0.2s intervals; CV population SD; three intervals,1.0,-5.754149908030163,14.056919675424568,local target-band PSD ratio; control is noise-only,0.0,sde,,,9,7,1,0,1.3613091686663388,0.7345869865694729,True,ok,9.690540249698469,-15.44469015772863,-19.81106958345473,10,True
chb08,chb08_21.edf,2140.0,2150.0,1,FP1-F7,fhn_sde,eeg_component,2.0,2,1,9439229488520533140,FHN mean+SD peaks; >=0.2s intervals; CV population SD; three intervals,1.0,-5.413765847247624,14.056919675424568,local target-band PSD ratio; control is noise-only,0.0,sde,,,11,10,0,0,1.1046863492096566,0.9052343234941266,True,ok,9.690540249698469,-15.10430609694609,-19.47068552267219,10,True
chb08,chb08_21.edf,2140.0,2150.0,1,FP1-F7,fhn_sde,eeg_component,2.0,2,2,9725441191095363844,FHN mean+SD peaks; >=0.2s intervals; CV population SD; three intervals,1.0,-5.443132954919766,14.056919675424568,local target-band PSD ratio; control is noise-only,0.0,sde,,,11,9,1,0,1.6309870776864064,0.6131256425517017,True,ok,9.690540249698469,-15.133673204618232,-19.50005263034433,10,True
chb08,chb08_21.edf,2140.0,2150.0,1,FP1-F7,fhn_sde,no_external_drive,0.0,1,0,11470831439718158010,FHN mean+SD peaks; >=0.2s intervals; CV population SD; three intervals,1.0,-42.63945851653652,,local target-band PSD ratio; control is noise-only,0.0,sde,,,0,0,0,0,,,False,insufficient_intervals,-42.63945851653652,0.0,,10,True
chb08,chb08_21.edf,2140.0,2150.0,1,FP1-F7,fhn_sde,no_external_drive,0.0,1,1,4621335362385912673,FHN mean+SD peaks; >=0.2s intervals; CV population SD; three intervals,1.0,-42.63945851653652,,local target-band PSD ratio; control is noise-only,0.0,sde,,,0,0,0,0,,,False,insufficient_intervals,-42.63945851653652,0.0,,10,True
chb08,chb08_21.edf,2140.0,2150.0,1,FP1-F7,fhn_sde,no_external_drive,0.0,1,2,12624524378241472309,FHN mean+SD peaks; >=0.2s intervals; CV population SD; three intervals,1.0,-42.63945851653652,,local target-band PSD ratio; control is noise-only,0.0,sde,,,0,0,0,0,,,False,insufficient_intervals,-42.63945851653652,0.0,,10,True
chb08,chb08_21.edf,2140.0,2150.0,1,FP1-F7,fhn_sde,no_external_drive,0.1,1,0,11470831439718158010,FHN mean+SD peaks; >=0.2s intervals; CV population SD; three intervals,1.0,-12.199341587386408,,local target-band PSD ratio; control is noise-only,0.0,sde,,,7,6,0,0,0.2035937221303449,4.911742805899384,True,ok,-42.63945851653652,30.440116929150115,,10,True
chb08,chb08_21.edf,2140.0,2150.0,1,FP1-F7,fhn_sde,no_external_drive,0.1,1,1,4621335362385912673,FHN mean+SD peaks; >=0.2s intervals; CV population SD; three intervals,1.0,-5.37069011720931,,local target-band PSD ratio; control is noise-only,0.0,sde,,,10,9,0,0,1.81989370360513,0.5494826417713538,True,ok,-42.63945851653652,37.268768399327215,,10,True
chb08,chb08_21.edf,2140.0,2150.0,1,FP1-F7,fhn_sde,no_external_drive,0.1,1,2,12624524378241472309,FHN mean+SD peaks; >=0.2s intervals; CV population SD; three intervals,1.0,2.886475208868582,,local target-band PSD ratio; control is noise-only,0.0,sde,,,14,12,1,0,0.9606736374407412,1.0409362358105558,True,ok,-42.63945851653652,45.5259337254051,,10,True
chb08,chb08_21.edf,2140.0,2150.0,1,FP1-F7,fhn_sde,no_external_drive,0.5,1,0,11470831439718158010,FHN mean+SD peaks; >=0.2s intervals; CV population SD; three intervals,1.0,-10.276133324362789,,local target-band PSD ratio; control is noise-only,0.0,sde,,,11,9,1,0,0.2206474707882662,4.532116304925164,True,ok,-42.63945851653652,32.36332519217373,,10,True
chb08,chb08_21.edf,2140.0,2150.0,1,FP1-F7,fhn_sde,no_external_drive,0.5,1,1,4621335362385912673,FHN mean+SD peaks; >=0.2s intervals; CV population SD; three intervals,1.0,-8.484363921659174,,local target-band PSD ratio; control is noise-only,0.0,sde,,,7,5,1,0,0.1070410058805257,9.342214152174112,True,ok,-42.63945851653652,34.15509459487735,,10,True
chb08,chb08_21.edf,2140.0,2150.0,1,FP1-F7,fhn_sde,no_external_drive,0.5,1,2,12624524378241472309,FHN mean+SD peaks; >=0.2s intervals; CV population SD; three intervals,1.0,3.7909240127581305,,local target-band PSD ratio; control is noise-only,0.0,sde,,,15,13,1,0,1.0158601587356948,0.984387458648409,True,ok,-42.63945851653652,46.430382529294654,,10,True
chb08,chb08_21.edf,2140.0,2150.0,1,FP1-F7,fhn_sde,no_external_drive,2.0,1,0,11470831439718158010,FHN mean+SD peaks; >=0.2s intervals; CV population SD; three intervals,1.0,-7.090586653402418,,local target-band PSD ratio; control is noise-only,0.0,sde,,,13,12,0,0,0.2227147032836898,4.4900493108720285,True,ok,-42.63945851653652,35.5488718631341,,10,True
chb08,chb08_21.edf,2140.0,2150.0,1,FP1-F7,fhn_sde,no_external_drive,2.0,1,1,4621335362385912673,FHN mean+SD peaks; >=0.2s intervals; CV population SD; three intervals,1.0,-6.16995541042516,,local target-band PSD ratio; control is noise-only,0.0,sde,,,15,14,0,0,1.5939784652811824,0.6273610477062481,True,ok,-42.63945851653652,36.46950310611136,,10,True
chb08,chb08_21.edf,2140.0,2150.0,1,FP1-F7,fhn_sde,no_external_drive,2.0,1,2,12624524378241472309,FHN mean+SD peaks; >=0.2s intervals; CV population SD; three intervals,1.0,3.473967055825171,,local target-band PSD ratio; control is noise-only,0.0,sde,,,16,14,1,0,1.2236919699488258,0.8171991191883196,True,ok,-42.63945851653652,46.11342557236169,,10,True
chb08,chb08_21.edf,2140.0,2150.0,1,FP1-F7,fhn_sde,no_external_drive,0.0,2,0,9402335511040766655,FHN mean+SD peaks; >=0.2s intervals; CV population SD; three intervals,1.0,-42.63749151938228,,local target-band PSD ratio; control is noise-only,0.0,sde,,,0,0,0,0,,,False,insufficient_intervals,-42.63749151938228,0.0,,10,True
chb08,chb08_21.edf,2140.0,2150.0,1,FP1-F7,fhn_sde,no_external_drive,0.0,2,1,9439229488520533140,FHN mean+SD peaks; >=0.2s intervals; CV population SD; three intervals,1.0,-42.63749151938228,,local target-band PSD ratio; control is noise-only,0.0,sde,,,0,0,0,0,,,False,insufficient_intervals,-42.63749151938228,0.0,,10,True
chb08,chb08_21.edf,2140.0,2150.0,1,FP1-F7,fhn_sde,no_external_drive,0.0,2,2,9725441191095363844,FHN mean+SD peaks; >=0.2s intervals; CV population SD; three intervals,1.0,-42.63749151938228,,local target-band PSD ratio; control is noise-only,0.0,sde,,,0,0,0,0,,,False,insufficient_intervals,-42.63749151938228,0.0,,10,True
chb08,chb08_21.edf,2140.0,2150.0,1,FP1-F7,fhn_sde,no_external_drive,0.1,2,0,9402335511040766655,FHN mean+SD peaks; >=0.2s intervals; CV population SD; three intervals,1.0,-13.199595379503137,,local target-band PSD ratio; control is noise-only,0.0,sde,,,3,2,0,0,,,False,insufficient_intervals,-42.63749151938228,29.437896139879143,,10,True
chb08,chb08_21.edf,2140.0,2150.0,1,FP1-F7,fhn_sde,no_external_drive,0.1,2,1,9439229488520533140,FHN mean+SD peaks; >=0.2s intervals; CV population SD; three intervals,1.0,-6.113659090268403,,local target-band PSD ratio; control is noise-only,0.0,sde,,,10,8,1,0,0.15262821266113,6.551868639254994,True,ok,-42.63749151938228,36.52383242911388,,10,True
chb08,chb08_21.edf,2140.0,2150.0,1,FP1-F7,fhn_sde,no_external_drive,0.1,2,2,9725441191095363844,FHN mean+SD peaks; >=0.2s intervals; CV population SD; three intervals,1.0,-7.872917756210249,,local target-band PSD ratio; control is noise-only,0.0,sde,,,10,8,1,0,0.3122507684996689,3.202554167616277,True,ok,-42.63749151938228,34.76457376317203,,10,True
chb08,chb08_21.edf,2140.0,2150.0,1,FP1-F7,fhn_sde,no_external_drive,0.5,2,0,9402335511040766655,FHN mean+SD peaks; >=0.2s intervals; CV population SD; three intervals,1.0,-7.117355720831586,,local target-band PSD ratio; control is noise-only,0.0,sde,,,6,5,0,0,0.8877013469654962,1.1265049933948883,True,ok,-42.63749151938228,35.5201357985507,,10,True
chb08,chb08_21.edf,2140.0,2150.0,1,FP1-F7,fhn_sde,no_external_drive,0.5,2,1,9439229488520533140,FHN mean+SD peaks; >=0.2s intervals; CV population SD; three intervals,1.0,-7.438030099588248,,local target-band PSD ratio; control is noise-only,0.0,sde,,,7,6,0,0,0.1948978839936062,5.130892031812957,True,ok,-42.63749151938228,35.199461419794034,,10,True
chb08,chb08_21.edf,2140.0,2150.0,1,FP1-F7,fhn_sde,no_external_drive,0.5,2,2,9725441191095363844,FHN mean+SD peaks; >=0.2s intervals; CV population SD; three intervals,1.0,-9.527342422132822,,local target-band PSD ratio; control is noise-only,0.0,sde,,,11,10,0,0,0.2601820422892815,3.843462797052524,True,ok,-42.63749151938228,33.11014909724946,,10,True
chb08,chb08_21.edf,2140.0,2150.0,1,FP1-F7,fhn_sde,no_external_drive,2.0,2,0,9402335511040766655,FHN mean+SD peaks; >=0.2s intervals; CV population SD; three intervals,1.0,-4.692811052885765,,local target-band PSD ratio; control is noise-only,0.0,sde,,,10,8,1,0,1.011951505737769,0.9881896457784746,True,ok,-42.63749151938228,37.944680466496514,,10,True
chb08,chb08_21.edf,2140.0,2150.0,1,FP1-F7,fhn_sde,no_external_drive,2.0,2,1,9439229488520533140,FHN mean+SD peaks; >=0.2s intervals; CV population SD; three intervals,1.0,-6.017217584841943,,local target-band PSD ratio; control is noise-only,0.0,sde,,,12,11,0,0,1.0125472091594545,0.9876082724381114,True,ok,-42.63749151938228,36.620273934540336,,10,True
chb08,chb08_21.edf,2140.0,2150.0,1,FP1-F7,fhn_sde,no_external_drive,2.0,2,2,9725441191095363844,FHN mean+SD peaks; >=0.2s intervals; CV population SD; three intervals,1.0,-5.809642666055595,,local target-band PSD ratio; control is noise-only,0.0,sde,,,12,11,0,0,1.7536402209862452,0.5702423952374913,True,ok,-42.63749151938228,36.827848853326685,,10,True
