patient,file,start_sec,mode,seed,sr_value,cr_value,sr_reason,cr_reason,frequency,max_clipped_fraction,bistable_valid,bistable_reason,bistable_events,bistable_intervals,bistable_cv,fhn_events,fhn_intervals,fhn_valid
chb01,chb01_01.edf,4.0,centered,42,-9.651857851472503,0.983905512019438,ok,ok,1.6,0.0,False,insufficient_intervals,0,0,,15,12,True
chb01,chb01_01.edf,4.0,centered,43,-15.013473948930109,0.7816642741518455,ok,ok,1.6,0.0,False,insufficient_intervals,0,0,,14,12,True
chb01,chb01_01.edf,4.0,centered,44,-16.15329563023825,0.5817771800451791,ok,ok,1.6,0.0,True,ok,6,5,0.7563250410841427,11,10,True
chb01,chb01_01.edf,1800.0,centered,42,-13.794577492185855,0.9394745874762352,ok,ok,1.6,0.0,False,insufficient_intervals,0,0,,13,11,True
chb01,chb01_01.edf,1800.0,centered,43,-17.002418119347823,0.8190856436926941,ok,ok,1.6,0.0,False,insufficient_intervals,0,0,,15,13,True
chb01,chb01_01.edf,1800.0,centered,44,-19.879837345220224,0.5817771800451791,ok,ok,1.6,0.0,True,ok,6,5,0.757975985267183,11,10,True
chb01,chb01_01.edf,3592.0,centered,42,-18.405618142487448,0.8846135701161248,ok,ok,2.2,0.0,False,insufficient_intervals,0,0,,12,10,True
chb01,chb01_01.edf,3592.0,centered,43,-18.95618640042052,0.8210858044271492,ok,ok,2.2,0.0,False,insufficient_intervals,0,0,,15,13,True
chb01,chb01_01.edf,3592.0,centered,44,-22.60063009798251,0.5738531861237478,ok,ok,2.2,0.0,True,ok,6,5,0.7608158014525248,11,9,True
chb01,chb01_01.edf,8.0,trailing,42,-8.647950158350756,0.9671271878788834,ok,ok,1.6,0.0,False,insufficient_intervals,0,0,,14,12,True
chb01,chb01_01.edf,8.0,trailing,43,-15.28818927693019,0.7927189995908239,ok,ok,1.6,0.0,False,insufficient_intervals,0,0,,14,12,True
chb01,chb01_01.edf,8.0,trailing,44,-16.5827316985442,0.23071188120571898,ok,ok,1.6,0.0,True,ok,6,5,0.7343222010897716,10,9,True
chb01,chb01_01.edf,1804.0,trailing,42,-12.095469397908111,1.0036339976325919,ok,ok,1.4000000000000001,0.0,False,insufficient_intervals,0,0,,13,11,True
chb01,chb01_01.edf,1804.0,trailing,43,-18.78417667438286,0.7927189995908239,ok,ok,1.4000000000000001,0.0,False,insufficient_intervals,0,0,,14,12,True
chb01,chb01_01.edf,1804.0,trailing,44,-18.282684616055022,0.5234424491170963,ok,ok,1.4000000000000001,0.0,True,ok,6,5,0.7559392424501804,10,8,True
chb01,chb01_01.edf,3596.0,trailing,42,-18.988502266955308,0.9394745874762352,ok,ok,2.2,0.0,False,insufficient_intervals,0,0,,13,11,True
chb01,chb01_01.edf,3596.0,trailing,43,-19.62970930158425,0.792341414140958,ok,ok,2.2,0.0,False,insufficient_intervals,0,0,,13,12,True
chb01,chb01_01.edf,3596.0,trailing,44,-22.424459604490387,0.5738531861237478,ok,ok,2.2,0.0,True,ok,6,5,0.755827867973932,11,9,True
chb01,chb01_02.edf,4.0,centered,42,-17.33473229560165,0.9438969256405406,ok,ok,1.7000000000000002,0.0,False,insufficient_intervals,0,0,,14,11,True
chb01,chb01_02.edf,4.0,centered,43,-19.981107603886905,0.7557926957263537,ok,ok,1.7000000000000002,0.0,False,insufficient_intervals,0,0,,14,11,True
chb01,chb01_02.edf,4.0,centered,44,-22.556657758376424,0.590073286167904,ok,ok,1.7000000000000002,0.0,True,ok,6,5,0.7566157887477064,11,10,True
chb01,chb01_02.edf,1800.0,centered,42,-11.591285689106407,0.9345659351916152,ok,ok,1.2000000000000002,0.0,False,insufficient_intervals,0,0,,13,11,True
chb01,chb01_02.edf,1800.0,centered,43,-10.69755926422618,0.86179588090368,ok,ok,1.2000000000000002,0.0,False,insufficient_intervals,0,0,,15,13,True
chb01,chb01_02.edf,1800.0,centered,44,-13.52514924063324,0.5848473317658375,ok,ok,1.2000000000000002,0.0,True,ok,6,5,0.7765294277343716,11,10,True
chb01,chb01_02.edf,3592.0,centered,42,-8.462727368076525,0.7827518847813133,ok,ok,1.3,0.0,False,insufficient_intervals,0,0,,11,9,True
chb01,chb01_02.edf,3592.0,centered,43,-10.416133583997247,0.862175938895508,ok,ok,1.3,0.0,False,insufficient_intervals,0,0,,14,13,True
chb01,chb01_02.edf,3592.0,centered,44,-13.710788596701986,0.5817771800451791,ok,ok,1.3,0.0,True,ok,6,5,0.7572960273799565,11,10,True
chb01,chb01_02.edf,8.0,trailing,42,-16.347523073073692,0.983905512019438,ok,ok,2.5,0.0,False,insufficient_intervals,0,0,,15,12,True
chb01,chb01_02.edf,8.0,trailing,43,-12.898211180796903,0.7927189995908239,ok,ok,2.5,0.0,False,insufficient_intervals,0,0,,14,12,True
chb01,chb01_02.edf,8.0,trailing,44,-18.323775018830474,0.5697623334788614,ok,ok,2.5,0.0,True,ok,6,5,0.755827867973932,11,9,True
chb01,chb01_02.edf,1804.0,trailing,42,-9.264780519783557,0.8568946371721161,ok,ok,1.2000000000000002,0.0,False,insufficient_intervals,0,0,,12,10,True
chb01,chb01_02.edf,1804.0,trailing,43,-11.418835708863703,0.862175938895508,ok,ok,1.2000000000000002,0.0,False,insufficient_intervals,0,0,,14,13,True
chb01,chb01_02.edf,1804.0,trailing,44,-14.770420122654576,0.23071188120571898,ok,ok,1.2000000000000002,0.0,True,ok,6,5,0.7338476679644262,10,9,True
chb01,chb01_02.edf,3596.0,trailing,42,-13.981518412268148,0.8267878233312719,ok,ok,1.4000000000000001,0.0,False,insufficient_intervals,0,0,,11,8,True
chb01,chb01_02.edf,3596.0,trailing,43,-18.549950464839334,0.8955824739288749,ok,ok,1.4000000000000001,0.0,False,insufficient_intervals,0,0,,15,14,True
chb01,chb01_02.edf,3596.0,trailing,44,-19.44572385479362,0.6057892450500277,ok,ok,1.4000000000000001,0.0,True,ok,6,5,0.7606928651382987,11,9,True
chb01,chb01_03.edf,4.0,centered,42,-10.802643788812011,0.8867435039767271,ok,ok,1.0,0.0,False,insufficient_intervals,0,0,,13,10,True
chb01,chb01_03.edf,4.0,centered,43,-7.824706523180074,0.8619201811912605,ok,ok,1.0,0.0,False,insufficient_intervals,0,0,,15,13,True
chb01,chb01_03.edf,4.0,centered,44,-15.800344143200014,0.9582545980435712,ok,ok,1.0,0.0,True,ok,6,5,0.7582430778110462,11,9,True
chb01,chb01_03.edf,1800.0,centered,42,-14.455077486937828,0.8809953131673368,ok,ok,1.4000000000000001,0.0,False,insufficient_intervals,0,0,,12,10,True
chb01,chb01_03.edf,1800.0,centered,43,-19.51817282729187,0.8930337779060793,ok,ok,1.4000000000000001,0.0,False,insufficient_intervals,0,0,,16,14,True
chb01,chb01_03.edf,1800.0,centered,44,-20.24485631305557,0.5234424491170963,ok,ok,1.4000000000000001,0.0,True,ok,6,5,0.758060203066824,10,8,True
chb01,chb01_03.edf,3592.0,centered,42,-27.45117890542859,1.025530060854294,ok,ok,16.0,0.0,False,insufficient_intervals,0,0,,15,13,True
chb01,chb01_03.edf,3592.0,centered,43,-26.40681190435847,0.7927189995908239,ok,ok,16.0,0.0,False,insufficient_intervals,0,0,,14,12,True
chb01,chb01_03.edf,3592.0,centered,44,-25.879168840911273,0.5848473317658375,ok,ok,16.0,0.0,True,ok,6,5,0.755827867973932,11,10,True
chb01,chb01_03.edf,8.0,trailing,42,-10.545661974363172,1.0515563316295375,ok,ok,1.0,0.0,False,insufficient_intervals,0,0,,13,10,True
chb01,chb01_03.edf,8.0,trailing,43,-7.9041236662611185,0.8260691097618758,ok,ok,1.0,0.0,False,insufficient_intervals,0,0,,15,13,True
chb01,chb01_03.edf,8.0,trailing,44,-15.691632794467456,0.5214525148879743,ok,ok,1.0,0.0,True,ok,6,5,0.7614007368843947,10,8,True
chb01,chb01_03.edf,1804.0,trailing,42,-13.980870185548893,0.8606580546557882,ok,ok,1.4000000000000001,0.0,False,insufficient_intervals,0,0,,13,11,True
chb01,chb01_03.edf,1804.0,trailing,43,-19.241599784465794,0.8260691097618758,ok,ok,1.4000000000000001,0.0,False,insufficient_intervals,0,0,,15,13,True
chb01,chb01_03.edf,1804.0,trailing,44,-20.103079050300142,0.5801835197482597,ok,ok,1.4000000000000001,0.0,True,ok,6,5,0.7318522987648967,11,10,True
chb01,chb01_03.edf,3596.0,trailing,42,-26.921362177153785,1.025530060854294,ok,ok,16.0,0.0,False,insufficient_intervals,0,0,,15,13,True
chb01,chb01_03.edf,3596.0,trailing,43,-25.79433988156364,0.7927189995908239,ok,ok,16.0,0.0,False,insufficient_intervals,0,0,,14,12,True
chb01,chb01_03.edf,3596.0,trailing,44,-25.206754148161302,0.5905685842667504,ok,ok,16.0,0.0,True,ok,6,5,0.755827867973932,11,10,True
chb01,chb01_04.edf,4.0,centered,42,-7.686265125511901,0.8568946371721161,ok,ok,1.3,0.0,False,insufficient_intervals,0,0,,12,10,True
chb01,chb01_04.edf,4.0,centered,43,-10.522480934826467,0.8179222189247507,ok,ok,1.3,0.0,False,insufficient_intervals,0,0,,14,12,True
chb01,chb01_04.edf,4.0,centered,44,-13.786747524793814,0.5832620601751652,ok,ok,1.3,0.0,True,ok,6,5,0.7787019397703244,11,10,True
chb01,chb01_04.edf,1800.0,centered,42,-9.705465912750268,0.963959852090742,ok,ok,1.5,0.0,False,insufficient_intervals,0,0,,14,11,True
chb01,chb01_04.edf,1800.0,centered,43,-16.44841306756284,0.8304915167246676,ok,ok,1.5,0.0,False,insufficient_intervals,0,0,,15,12,True
chb01,chb01_04.edf,1800.0,centered,44,-17.69733718600891,0.5848473317658375,ok,ok,1.5,0.0,True,ok,6,5,0.755827867973932,11,10,True
chb01,chb01_04.edf,3592.0,centered,42,-9.465773111448442,0.9215600573304648,ok,ok,1.0,0.0,False,insufficient_intervals,0,0,,12,10,True
chb01,chb01_04.edf,3592.0,centered,43,-8.551311267362543,0.8024622443693074,ok,ok,1.0,0.0,False,insufficient_intervals,0,0,,14,13,True
chb01,chb01_04.edf,3592.0,centered,44,-16.019366373011867,0.5875283299301702,ok,ok,1.0,0.0,True,ok,6,5,0.7578725220801705,11,10,True
chb01,chb01_04.edf,8.0,trailing,42,-10.081077421322373,0.8867435039767271,ok,ok,1.3,0.0,False,insufficient_intervals,0,0,,13,10,True
chb01,chb01_04.edf,8.0,trailing,43,-11.606336286344241,0.8839923177751691,ok,ok,1.3,0.0,False,insufficient_intervals,0,0,,16,14,True
chb01,chb01_04.edf,8.0,trailing,44,-15.344507935955775,0.5848473317658375,ok,ok,1.3,0.0,True,ok,6,5,0.7386718741464026,11,10,True
chb01,chb01_04.edf,1804.0,trailing,42,-11.703745796073822,0.9168986518918317,ok,ok,1.5,0.0,False,insufficient_intervals,0,0,,13,11,True
chb01,chb01_04.edf,1804.0,trailing,43,-15.945772706159147,0.8589730813677661,ok,ok,1.5,0.0,False,insufficient_intervals,0,0,,15,13,True
chb01,chb01_04.edf,1804.0,trailing,44,-17.323307189046652,0.5801835197482597,ok,ok,1.5,0.0,True,ok,6,5,0.7563250410841427,11,10,True
chb01,chb01_04.edf,3596.0,trailing,42,-8.307458872540607,0.8500734023639607,ok,ok,1.0,0.0,False,insufficient_intervals,0,0,,12,10,True
chb01,chb01_04.edf,3596.0,trailing,43,-7.805068180723628,0.862175938895508,ok,ok,1.0,0.0,False,insufficient_intervals,0,0,,14,13,True
chb01,chb01_04.edf,3596.0,trailing,44,-16.08067459099093,0.5775528038221884,ok,ok,1.0,0.0,True,ok,6,5,0.7664612371743402,11,10,True
chb01,chb01_05.edf,4.0,centered,42,-22.211361577327594,0.9345659351916152,ok,ok,2.5,0.0,False,insufficient_intervals,0,0,,13,11,True
chb01,chb01_05.edf,4.0,centered,43,-17.191102244942293,0.7927189995908239,ok,ok,2.5,0.0,False,insufficient_intervals,0,0,,14,12,True
chb01,chb01_05.edf,4.0,centered,44,-22.45578886841102,0.5848473317658375,ok,ok,2.5,0.0,True,ok,6,5,0.7609209406661214,11,10,True
chb01,chb01_05.edf,1800.0,centered,42,-17.614992365533524,0.8809953131673368,ok,ok,1.7000000000000002,0.0,False,insufficient_intervals,0,0,,12,10,True
chb01,chb01_05.edf,1800.0,centered,43,-18.3982622259868,0.8210858044271492,ok,ok,1.7000000000000002,0.0,False,insufficient_intervals,0,0,,15,13,True
chb01,chb01_05.edf,1800.0,centered,44,-22.22347195256957,0.5801835197482597,ok,ok,1.7000000000000002,0.0,True,ok,6,5,0.7565097053092892,11,10,True
chb01,chb01_05.edf,3592.0,centered,42,-10.560883581845351,1.0448530530606388,ok,ok,1.5,0.0,False,insufficient_intervals,0,0,,13,11,True
chb01,chb01_05.edf,3592.0,centered,43,-16.230770167504307,0.8619201811912605,ok,ok,1.5,0.0,False,insufficient_intervals,0,0,,15,13,True
chb01,chb01_05.edf,3592.0,centered,44,-17.638410225308483,0.6453962439929484,ok,ok,1.5,0.0,True,ok,6,5,0.7552562437778875,12,11,True
chb01,chb01_05.edf,8.0,trailing,42,-19.78187090108541,0.9394745874762352,ok,ok,2.5,0.0,False,insufficient_intervals,0,0,,13,11,True
chb01,chb01_05.edf,8.0,trailing,43,-17.317453642872177,0.7927189995908239,ok,ok,2.5,0.0,False,insufficient_intervals,0,0,,14,12,True
chb01,chb01_05.edf,8.0,trailing,44,-19.997750746474157,0.5775528038221884,ok,ok,2.5,0.0,True,ok,6,5,0.755827867973932,11,10,True
chb01,chb01_05.edf,1804.0,trailing,42,-5.41976130856753,1.025530060854294,ok,ok,1.0,0.0,False,insufficient_intervals,0,0,,15,13,True
chb01,chb01_05.edf,1804.0,trailing,43,-4.136464276816879,0.7768462554187284,ok,ok,1.0,0.0,False,insufficient_intervals,2,1,,14,12,True
chb01,chb01_05.edf,1804.0,trailing,44,-11.395044923794531,0.9446385835551379,ok,ok,1.0,0.0,True,ok,6,5,0.6045372611451694,10,8,True
chb01,chb01_05.edf,3596.0,trailing,42,-12.248226579228936,0.963959852090742,ok,ok,1.5,0.0,False,insufficient_intervals,0,0,,14,11,True
chb01,chb01_05.edf,3596.0,trailing,43,-19.11941174996026,0.8210858044271492,ok,ok,1.5,0.0,False,insufficient_intervals,0,0,,15,13,True
chb01,chb01_05.edf,3596.0,trailing,44,-19.865166091681633,0.5234424491170963,ok,ok,1.5,0.0,True,ok,6,5,0.7565097053092892,10,8,True
chb01,chb01_10.edf,4.0,centered,42,-10.681523634777797,1.018569118814605,ok,ok,1.3,0.0,False,insufficient_intervals,0,0,,14,12,True
chb01,chb01_10.edf,4.0,centered,43,-12.627490455446878,0.7662244358987493,ok,ok,1.3,0.0,False,insufficient_intervals,0,0,,12,10,True
chb01,chb01_10.edf,4.0,centered,44,-16.648116162599568,0.5801835197482597,ok,ok,1.3,0.0,True,ok,6,5,0.7351322560408048,11,10,True
chb01,chb01_10.edf,1800.0,centered,42,-13.471779934925133,0.9394745874762352,ok,ok,1.9000000000000001,0.0,False,insufficient_intervals,0,0,,13,11,True
chb01,chb01_10.edf,1800.0,centered,43,-18.601957655193655,0.8619201811912606,ok,ok,1.9000000000000001,0.0,False,insufficient_intervals,0,0,,15,13,True
chb01,chb01_10.edf,1800.0,centered,44,-20.255085436049306,0.6453962439929484,ok,ok,1.9000000000000001,0.0,True,ok,6,5,0.755827867973932,12,11,True
chb01,chb01_10.edf,3592.0,centered,42,-13.0589959496755,0.8809953131673368,ok,ok,3.1,0.0,False,insufficient_intervals,0,0,,12,10,True
chb01,chb01_10.edf,3592.0,centered,43,-18.168610020454587,0.7927189995908239,ok,ok,3.1,0.0,False,insufficient_intervals,0,0,,14,12,True
chb01,chb01_10.edf,3592.0,centered,44,-19.056509988032225,0.5698487593168222,ok,ok,3.1,0.0,True,ok,6,5,0.755827867973932,11,9,True
chb01,chb01_10.edf,8.0,trailing,42,-8.48285767913374,1.0515563316295375,ok,ok,1.3,0.0,False,insufficient_intervals,0,0,,13,10,True
chb01,chb01_10.edf,8.0,trailing,43,-9.857502991723672,0.7927189995908239,ok,ok,1.3,0.0,False,insufficient_intervals,0,0,,14,12,True
chb01,chb01_10.edf,8.0,trailing,44,-13.550714323018333,0.5848473317658375,ok,ok,1.3,0.0,True,ok,6,5,0.7613662864607882,11,10,True
chb01,chb01_10.edf,1804.0,trailing,42,-15.695372535684498,0.9394745874762352,ok,ok,1.8,0.0,False,insufficient_intervals,0,0,,13,11,True
chb01,chb01_10.edf,1804.0,trailing,43,-18.06034045908477,0.8619201811912605,ok,ok,1.8,0.0,False,insufficient_intervals,0,0,,15,13,True
chb01,chb01_10.edf,1804.0,trailing,44,-20.55439277046162,0.5214525148879743,ok,ok,1.8,0.0,True,ok,6,5,0.7547361622335885,10,8,True
chb01,chb01_10.edf,3596.0,trailing,42,-15.500171233414921,0.9345659351916152,ok,ok,3.1,0.0,False,insufficient_intervals,0,0,,13,11,True
chb01,chb01_10.edf,3596.0,trailing,43,-21.33612521116884,0.7927189995908239,ok,ok,3.1,0.0,False,insufficient_intervals,0,0,,14,12,True
chb01,chb01_10.edf,3596.0,trailing,44,-21.051557568385626,0.51409728914656,ok,ok,3.1,0.0,True,ok,6,5,0.755827867973932,10,8,True
chb01,chb01_15.edf,4.0,centered,42,-5.737898302451871,1.0321561028350597,ok,ok,1.0,0.0,False,insufficient_intervals,0,0,,15,13,True
chb01,chb01_15.edf,4.0,centered,43,-4.258145170283302,0.7625597049676931,ok,ok,1.0,0.0,False,insufficient_intervals,0,0,,14,12,True
chb01,chb01_15.edf,4.0,centered,44,-12.196560816197021,0.5875283299301702,ok,ok,1.0,0.0,True,ok,6,5,0.755827867973932,11,10,True
chb01,chb01_15.edf,1800.0,centered,42,-14.764928182972774,0.9671271878788834,ok,ok,1.7000000000000002,0.0,False,insufficient_intervals,0,0,,14,12,True
chb01,chb01_15.edf,1800.0,centered,43,-18.66165171203633,0.862175938895508,ok,ok,1.7000000000000002,0.0,False,insufficient_intervals,0,0,,14,13,True
chb01,chb01_15.edf,1800.0,centered,44,-19.98696099545453,0.5773182821390352,ok,ok,1.7000000000000002,0.0,True,ok,6,5,0.7563250410841427,11,9,True
chb01,chb01_15.edf,3592.0,centered,42,-8.729840565478678,0.9605984988978551,ok,ok,10.9,0.0,False,insufficient_intervals,0,0,,14,12,True
chb01,chb01_15.edf,3592.0,centered,43,-9.049153723154587,0.7927189995908239,ok,ok,10.9,0.0,False,insufficient_intervals,0,0,,14,12,True
chb01,chb01_15.edf,3592.0,centered,44,-13.284350849437999,0.5832620601751652,ok,ok,10.9,0.0,True,ok,6,5,0.755827867973932,11,10,True
chb01,chb01_15.edf,8.0,trailing,42,-7.811085979274315,0.8937540732103981,ok,ok,1.0,0.0,False,insufficient_intervals,0,0,,11,9,True
chb01,chb01_15.edf,8.0,trailing,43,-6.413875242802428,0.7760731329249699,ok,ok,1.0,0.0,False,insufficient_intervals,0,0,,13,12,True
chb01,chb01_15.edf,8.0,trailing,44,-15.896052720876654,0.2539604999786908,ok,ok,1.0,0.0,True,ok,6,5,0.7571754489800626,10,9,True
chb01,chb01_15.edf,1804.0,trailing,42,-11.79859030474686,1.0123722281616863,ok,ok,1.6,0.0,False,insufficient_intervals,0,0,,14,12,True
chb01,chb01_15.edf,1804.0,trailing,43,-16.260159444943056,0.8190856436926941,ok,ok,1.6,0.0,False,insufficient_intervals,0,0,,15,13,True
chb01,chb01_15.edf,1804.0,trailing,44,-18.92674579807757,0.5801835197482597,ok,ok,1.6,0.0,True,ok,6,5,0.755827867973932,11,10,True
chb01,chb01_15.edf,3596.0,trailing,42,-17.756983129621222,0.912586625598188,ok,ok,1.5,0.0,False,insufficient_intervals,0,0,,13,10,True
chb01,chb01_15.edf,3596.0,trailing,43,-21.82002423139849,0.7846946445372286,ok,ok,1.5,0.0,False,insufficient_intervals,0,0,,14,12,True
chb01,chb01_15.edf,3596.0,trailing,44,-22.926219544118933,0.5214525148879743,ok,ok,1.5,0.0,True,ok,6,5,0.7566157887477064,10,8,True
chb01,chb01_16.edf,4.0,centered,42,-8.382105461371715,0.946507448929672,ok,ok,1.0,0.0,False,insufficient_intervals,0,0,,12,10,True
chb01,chb01_16.edf,4.0,centered,43,-7.847987419243055,0.9104669894514549,ok,ok,1.0,0.0,False,insufficient_intervals,2,1,,14,12,True
chb01,chb01_16.edf,4.0,centered,44,-15.732076517993006,0.5802675057245464,ok,ok,1.0,0.0,True,ok,6,5,0.7645314099875544,11,10,True
chb01,chb01_16.edf,1800.0,centered,42,-9.706332544236059,0.9455946428090657,ok,ok,1.0,0.0,False,insufficient_intervals,0,0,,13,11,True
chb01,chb01_16.edf,1800.0,centered,43,-7.669667462772715,0.8260691097618758,ok,ok,1.0,0.0,False,insufficient_intervals,0,0,,15,13,True
chb01,chb01_16.edf,1800.0,centered,44,-15.287677655208388,0.5832620601751652,ok,ok,1.0,0.0,True,ok,6,5,0.7776264669191154,11,10,True
chb01,chb01_16.edf,3592.0,centered,42,-19.532029828779837,0.9514620792882313,ok,ok,2.5,0.0,False,insufficient_intervals,0,0,,15,12,True
chb01,chb01_16.edf,3592.0,centered,43,-16.914485042145852,0.8705017205826545,ok,ok,2.5,0.0,False,insufficient_intervals,0,0,,16,14,True
chb01,chb01_16.edf,3592.0,centered,44,-19.999095302810385,0.5621924281366941,ok,ok,2.5,0.0,True,ok,6,5,0.75530224525198,11,9,True
chb01,chb01_16.edf,8.0,trailing,42,-8.621821028802305,1.0468680236404875,ok,ok,1.0,0.0,False,insufficient_intervals,0,0,,15,13,True
chb01,chb01_16.edf,8.0,trailing,43,-7.520236338009996,0.982824642185067,ok,ok,1.0,0.0,False,insufficient_intervals,0,0,,14,13,True
chb01,chb01_16.edf,8.0,trailing,44,-16.05925138400939,0.2100566216375997,ok,ok,1.0,0.0,True,ok,6,5,0.7642385751866068,10,9,True
chb01,chb01_16.edf,1804.0,trailing,42,-9.342789576258557,0.8452177404942196,ok,ok,1.0,0.0,False,insufficient_intervals,0,0,,15,13,True
chb01,chb01_16.edf,1804.0,trailing,43,-7.700374972460271,0.8619201811912605,ok,ok,1.0,0.0,False,insufficient_intervals,0,0,,15,13,True
chb01,chb01_16.edf,1804.0,trailing,44,-14.931310218648811,0.9582545980435712,ok,ok,1.0,0.0,True,ok,6,5,0.7293023861713773,11,9,True
chb01,chb01_16.edf,3596.0,trailing,42,-20.21731211733725,0.9345659351916152,ok,ok,2.5,0.0,False,insufficient_intervals,0,0,,13,11,True
chb01,chb01_16.edf,3596.0,trailing,43,-15.879696271497377,0.8619201811912605,ok,ok,2.5,0.0,False,insufficient_intervals,0,0,,15,13,True
chb01,chb01_16.edf,3596.0,trailing,44,-20.46207228564781,0.5532477442630649,ok,ok,2.5,0.0,True,ok,6,5,0.7572960273799565,10,9,True
chb01,chb01_18.edf,4.0,centered,42,-8.438440502269879,0.9664242192178318,ok,ok,1.0,0.0,False,insufficient_intervals,0,0,,12,10,True
chb01,chb01_18.edf,4.0,centered,43,-6.143985059066337,0.8619201811912606,ok,ok,1.0,0.0,False,insufficient_intervals,0,0,,15,13,True
chb01,chb01_18.edf,4.0,centered,44,-13.424805113412344,0.9582545980435712,ok,ok,1.0,0.0,True,ok,6,5,0.733224855997541,11,9,True
chb01,chb01_18.edf,1800.0,centered,42,-10.449184349241378,0.9062277067811949,ok,ok,1.6,0.0,False,insufficient_intervals,0,0,,13,10,True
chb01,chb01_18.edf,1800.0,centered,43,-15.602382887305911,0.8619201811912606,ok,ok,1.6,0.0,False,insufficient_intervals,0,0,,15,13,True
chb01,chb01_18.edf,1800.0,centered,44,-17.224648975413235,0.5214525148879743,ok,ok,1.6,0.0,True,ok,6,5,0.7618460196526409,10,8,True
chb01,chb01_18.edf,3592.0,centered,42,-10.507567377174189,1.0036339976325919,ok,ok,1.2000000000000002,0.0,False,insufficient_intervals,0,0,,13,11,True
chb01,chb01_18.edf,3592.0,centered,43,-11.346792116192738,0.7299892257406878,ok,ok,1.2000000000000002,0.0,False,insufficient_intervals,2,1,,13,11,True
chb01,chb01_18.edf,3592.0,centered,44,-15.035281141695457,1.072188601914789,ok,ok,1.2000000000000002,0.0,True,ok,6,5,0.7632543223436933,14,12,True
chb01,chb01_18.edf,8.0,trailing,42,-10.576389780671185,0.9395787808082281,ok,ok,1.0,0.0,False,insufficient_intervals,0,0,,14,11,True
chb01,chb01_18.edf,8.0,trailing,43,-8.553594999684776,0.8375971559489783,ok,ok,1.0,0.0,False,insufficient_intervals,2,1,,12,11,True
chb01,chb01_18.edf,8.0,trailing,44,-15.89341756228032,0.5214525148879743,ok,ok,1.0,0.0,True,ok,6,5,0.7588676247373229,10,8,True
chb01,chb01_18.edf,1804.0,trailing,42,-10.783874897750582,0.9455946428090657,ok,ok,1.6,0.0,False,insufficient_intervals,0,0,,13,11,True
chb01,chb01_18.edf,1804.0,trailing,43,-17.499602264459135,0.8210858044271492,ok,ok,1.6,0.0,False,insufficient_intervals,0,0,,15,13,True
chb01,chb01_18.edf,1804.0,trailing,44,-18.467448111648928,0.5817771800451791,ok,ok,1.6,0.0,True,ok,6,5,0.7393664879797375,11,10,True
chb01,chb01_18.edf,3596.0,trailing,42,-6.726968914028058,1.087807303626947,ok,ok,1.0,0.0,False,insufficient_intervals,0,0,,16,14,True
chb01,chb01_18.edf,3596.0,trailing,43,-5.166890946385381,0.7977717408741013,ok,ok,1.0,0.0,False,insufficient_intervals,0,0,,14,12,True
chb01,chb01_18.edf,3596.0,trailing,44,-14.148858204009185,0.5214525148879743,ok,ok,1.0,0.0,True,ok,6,5,0.7602691114830681,10,8,True
chb01,chb01_21.edf,4.0,centered,42,-11.056024940854638,0.9664242192178318,ok,ok,1.5,0.0,False,insufficient_intervals,0,0,,12,10,True
chb01,chb01_21.edf,4.0,centered,43,-16.90245556203743,0.7927189995908239,ok,ok,1.5,0.0,False,insufficient_intervals,0,0,,14,12,True
chb01,chb01_21.edf,4.0,centered,44,-17.32264031046357,0.5214525148879743,ok,ok,1.5,0.0,True,ok,6,5,0.756769590998055,10,8,True
chb01,chb01_21.edf,1800.0,centered,42,-10.791458748887226,0.9394745874762352,ok,ok,11.600000000000001,0.0,False,insufficient_intervals,0,0,,13,11,True
chb01,chb01_21.edf,1800.0,centered,43,-9.524185292228491,0.7927189995908239,ok,ok,11.600000000000001,0.0,False,insufficient_intervals,0,0,,14,12,True
chb01,chb01_21.edf,1800.0,centered,44,-7.651712050468063,0.5832620601751652,ok,ok,11.600000000000001,0.0,True,ok,6,5,0.7566157887477064,11,10,True
chb01,chb01_21.edf,3592.0,centered,42,-13.293080482907135,1.025530060854294,ok,ok,1.6,0.0,False,insufficient_intervals,0,0,,15,13,True
chb01,chb01_21.edf,3592.0,centered,43,-17.950902802705333,0.7479903343202925,ok,ok,1.6,0.0,False,insufficient_intervals,0,0,,14,12,True
chb01,chb01_21.edf,3592.0,centered,44,-19.900884646307937,0.5832620601751652,ok,ok,1.6,0.0,True,ok,6,5,0.7555394635227161,11,10,True
chb01,chb01_21.edf,8.0,trailing,42,-9.128447526339057,0.9407179254251196,ok,ok,1.3,0.0,False,insufficient_intervals,0,0,,13,11,True
chb01,chb01_21.edf,8.0,trailing,43,-11.001055965882376,0.7971375479513516,ok,ok,1.3,0.0,False,insufficient_intervals,0,0,,13,12,True
chb01,chb01_21.edf,8.0,trailing,44,-14.07388095044507,0.5832620601751652,ok,ok,1.3,0.0,True,ok,6,5,0.7745967931442698,11,10,True
chb01,chb01_21.edf,1804.0,trailing,42,-13.905431028060857,1.025530060854294,ok,ok,11.5,0.0,False,insufficient_intervals,0,0,,15,13,True
chb01,chb01_21.edf,1804.0,trailing,43,-10.013947615854706,0.7886835919486747,ok,ok,11.5,0.0,False,insufficient_intervals,0,0,,14,12,True
chb01,chb01_21.edf,1804.0,trailing,44,-10.143869646291538,0.5848473317658375,ok,ok,11.5,0.0,True,ok,6,5,0.755827867973932,11,10,True
chb01,chb01_21.edf,3596.0,trailing,42,-13.683374647765342,0.9599543595386388,ok,ok,1.6,0.0,False,insufficient_intervals,0,0,,14,11,True
chb01,chb01_21.edf,3596.0,trailing,43,-19.362890960552107,0.8475110033095222,ok,ok,1.6,0.0,False,insufficient_intervals,0,0,,14,12,True
chb01,chb01_21.edf,3596.0,trailing,44,-21.445516075934215,0.5848473317658375,ok,ok,1.6,0.0,True,ok,6,5,0.7609209406661214,11,10,True
chb01,chb01_26.edf,4.0,centered,42,-7.416913858304495,0.946507448929672,ok,ok,1.2000000000000002,0.0,False,insufficient_intervals,0,0,,12,10,True
chb01,chb01_26.edf,4.0,centered,43,-6.622611331189192,0.7755680125721919,ok,ok,1.2000000000000002,0.0,False,insufficient_intervals,0,0,,14,12,True
chb01,chb01_26.edf,4.0,centered,44,-10.644237113427316,0.5848473317658375,ok,ok,1.2000000000000002,0.0,True,ok,6,5,0.7615009626626968,11,10,True
chb01,chb01_26.edf,1160.0,centered,42,-10.59524144110726,1.025530060854294,ok,ok,3.0,0.0,False,insufficient_intervals,0,0,,15,13,True
chb01,chb01_26.edf,1160.0,centered,43,-19.08780660019571,0.7927189995908239,ok,ok,3.0,0.0,False,insufficient_intervals,0,0,,14,12,True
chb01,chb01_26.edf,1160.0,centered,44,-14.77575854400066,0.5848473317658375,ok,ok,3.0,0.0,True,ok,6,5,0.7555394635227161,11,10,True
chb01,chb01_26.edf,2316.0,centered,42,-17.902357048595302,1.010760060296442,ok,ok,2.7,0.0,False,insufficient_intervals,0,0,,13,11,True
chb01,chb01_26.edf,2316.0,centered,43,-16.16284031715317,0.7927189995908239,ok,ok,2.7,0.0,False,insufficient_intervals,0,0,,14,12,True
chb01,chb01_26.edf,2316.0,centered,44,-14.26068626365381,0.5714021890757132,ok,ok,2.7,0.0,True,ok,6,5,0.7566157887477064,11,9,True
chb01,chb01_26.edf,8.0,trailing,42,-4.882346041997748,0.8937540732103981,ok,ok,1.2000000000000002,0.0,False,insufficient_intervals,0,0,,11,9,True
chb01,chb01_26.edf,8.0,trailing,43,-6.363079608141707,0.8619201811912605,ok,ok,1.2000000000000002,0.0,False,insufficient_intervals,0,0,,15,13,True
chb01,chb01_26.edf,8.0,trailing,44,-9.708716637385372,0.12973470557692657,ok,ok,1.2000000000000002,0.0,True,ok,6,5,0.7711792780075629,10,7,True
chb01,chb01_26.edf,1164.0,trailing,42,-10.990294349573121,0.9666120485594429,ok,ok,1.2000000000000002,0.0,False,insufficient_intervals,0,0,,13,11,True
chb01,chb01_26.edf,1164.0,trailing,43,-10.432524020831922,0.8541158118756227,ok,ok,1.2000000000000002,0.0,False,insufficient_intervals,0,0,,16,14,True
chb01,chb01_26.edf,1164.0,trailing,44,-13.574506765044745,1.045509009598488,ok,ok,1.2000000000000002,0.0,True,ok,6,5,0.7532564644285694,12,10,True
chb01,chb01_26.edf,2320.0,trailing,42,-19.661804694428266,0.9605984988978551,ok,ok,2.7,0.0,False,insufficient_intervals,0,0,,14,12,True
chb01,chb01_26.edf,2320.0,trailing,43,-18.814134445960885,0.8210858044271492,ok,ok,2.7,0.0,False,insufficient_intervals,0,0,,15,13,True
chb01,chb01_26.edf,2320.0,trailing,44,-15.447447645628104,0.5848473317658375,ok,ok,2.7,0.0,True,ok,6,5,0.75530224525198,11,10,True
chb02,chb02_01.edf,4.0,centered,42,-13.50271346162158,0.9098936057367173,ok,ok,1.6,0.0,False,insufficient_intervals,0,0,,13,10,True
chb02,chb02_01.edf,4.0,centered,43,-18.737149942401686,0.8210858044271492,ok,ok,1.6,0.0,False,insufficient_intervals,0,0,,15,13,True
chb02,chb02_01.edf,4.0,centered,44,-21.053131859961944,0.5817771800451791,ok,ok,1.6,0.0,True,ok,6,5,0.7565097053092892,11,10,True
chb02,chb02_01.edf,1800.0,centered,42,-10.251299982152647,0.9791095832680186,ok,ok,1.0,0.0,False,insufficient_intervals,0,0,,15,12,True
chb02,chb02_01.edf,1800.0,centered,43,-7.530224024459857,0.7925942438130665,ok,ok,1.0,0.0,False,insufficient_intervals,0,0,,14,12,True
chb02,chb02_01.edf,1800.0,centered,44,-16.94336980423512,0.5214525148879743,ok,ok,1.0,0.0,True,ok,6,5,0.7555394635227161,10,8,True
chb02,chb02_01.edf,3592.0,centered,42,-16.01884159605273,0.9062277067811949,ok,ok,1.3,0.0,False,insufficient_intervals,0,0,,13,10,True
chb02,chb02_01.edf,3592.0,centered,43,-16.705003802312163,0.8013450614138125,ok,ok,1.3,0.0,False,insufficient_intervals,0,0,,15,12,True
chb02,chb02_01.edf,3592.0,centered,44,-20.000837208149335,0.5759474546944623,ok,ok,1.3,0.0,True,ok,6,5,0.7616894694668002,11,10,True
chb02,chb02_01.edf,8.0,trailing,42,-13.075780374469964,0.9394745874762352,ok,ok,1.6,0.0,False,insufficient_intervals,0,0,,13,11,True
chb02,chb02_01.edf,8.0,trailing,43,-18.050451706608413,0.7846946445372286,ok,ok,1.6,0.0,False,insufficient_intervals,0,0,,14,12,True
chb02,chb02_01.edf,8.0,trailing,44,-18.967543969898337,0.5848473317658375,ok,ok,1.6,0.0,True,ok,6,5,0.7561664227445378,11,10,True
chb02,chb02_01.edf,1804.0,trailing,42,-9.21480962204847,0.9589743574261135,ok,ok,1.0,0.0,False,insufficient_intervals,0,0,,14,11,True
chb02,chb02_01.edf,1804.0,trailing,43,-6.8547140696843165,0.7927189995908239,ok,ok,1.0,0.0,False,insufficient_intervals,0,0,,14,12,True
chb02,chb02_01.edf,1804.0,trailing,44,-15.083751286636186,0.9896528962337129,ok,ok,1.0,0.0,True,ok,6,5,0.7595456463524826,11,9,True
chb02,chb02_01.edf,3596.0,trailing,42,-13.549077504816989,0.9407179254251196,ok,ok,1.3,0.0,False,insufficient_intervals,0,0,,13,11,True
chb02,chb02_01.edf,3596.0,trailing,43,-14.884332204704702,0.8416245845316441,ok,ok,1.3,0.0,False,insufficient_intervals,0,0,,16,14,True
chb02,chb02_01.edf,3596.0,trailing,44,-19.03527603600984,0.5801835197482597,ok,ok,1.3,0.0,True,ok,6,5,0.7400608143273039,11,10,True
chb02,chb02_02.edf,4.0,centered,42,-17.4455793023716,0.9455946428090657,ok,ok,1.5,0.0,False,insufficient_intervals,0,0,,13,11,True
chb02,chb02_02.edf,4.0,centered,43,-20.71249986876998,0.8190856436926941,ok,ok,1.5,0.0,False,insufficient_intervals,0,0,,15,13,True
chb02,chb02_02.edf,4.0,centered,44,-23.073514061026593,0.5817771800451791,ok,ok,1.5,0.0,True,ok,6,5,0.7572854781274151,11,10,True
chb02,chb02_02.edf,1800.0,centered,42,-12.967603636739913,0.9666120485594429,ok,ok,1.3,0.0,False,insufficient_intervals,0,0,,13,11,True
chb02,chb02_02.edf,1800.0,centered,43,-15.935405848473103,0.862175938895508,ok,ok,1.3,0.0,False,insufficient_intervals,0,0,,14,13,True
chb02,chb02_02.edf,1800.0,centered,44,-19.414099568898358,0.5905685842667504,ok,ok,1.3,0.0,True,ok,6,5,0.7554186773889309,11,10,True
chb02,chb02_02.edf,3592.0,centered,42,-11.84625040020478,0.896964841746811,ok,ok,1.4000000000000001,0.0,False,insufficient_intervals,0,0,,11,9,True
chb02,chb02_02.edf,3592.0,centered,43,-15.47450784913562,0.862175938895508,ok,ok,1.4000000000000001,0.0,False,insufficient_intervals,0,0,,14,13,True
chb02,chb02_02.edf,3592.0,centered,44,-16.439007991360462,0.5875283299301702,ok,ok,1.4000000000000001,0.0,True,ok,6,5,0.7659070817690546,11,10,True
chb02,chb02_02.edf,8.0,trailing,42,-13.043495936278468,1.0036339976325919,ok,ok,1.4000000000000001,0.0,False,insufficient_intervals,0,0,,13,11,True
chb02,chb02_02.edf,8.0,trailing,43,-18.885356778533634,0.8219112817554249,ok,ok,1.4000000000000001,0.0,False,insufficient_intervals,0,0,,14,13,True
chb02,chb02_02.edf,8.0,trailing,44,-19.288611553222708,0.5698487593168222,ok,ok,1.4000000000000001,0.0,True,ok,6,5,0.7579356236110752,11,9,True
chb02,chb02_02.edf,1804.0,trailing,42,-15.28736759076803,0.9098936057367173,ok,ok,1.3,0.0,False,insufficient_intervals,0,0,,13,10,True
chb02,chb02_02.edf,1804.0,trailing,43,-16.087563472639207,0.8611112142579418,ok,ok,1.3,0.0,False,insufficient_intervals,0,0,,15,13,True
chb02,chb02_02.edf,1804.0,trailing,44,-19.056071431264566,0.5775528038221884,ok,ok,1.3,0.0,True,ok,6,5,0.761378106968139,11,10,True
chb02,chb02_02.edf,3596.0,trailing,42,-10.492283805448674,1.025530060854294,ok,ok,3.0,0.0,False,insufficient_intervals,0,0,,15,13,True
chb02,chb02_02.edf,3596.0,trailing,43,-20.979322219818474,0.7927189995908239,ok,ok,3.0,0.0,False,insufficient_intervals,0,0,,14,12,True
chb02,chb02_02.edf,3596.0,trailing,44,-14.188098267657558,0.5848473317658375,ok,ok,3.0,0.0,True,ok,6,5,0.7566157887477064,11,10,True
chb02,chb02_05.edf,4.0,centered,42,-7.32925979244094,0.9558848212102327,ok,ok,1.0,0.0,False,insufficient_intervals,0,0,,14,12,True
chb02,chb02_05.edf,4.0,centered,43,-5.305876666671717,0.8619201811912605,ok,ok,1.0,0.0,False,insufficient_intervals,0,0,,15,13,True
chb02,chb02_05.edf,4.0,centered,44,-14.552665310578599,0.9582545980435712,ok,ok,1.0,0.0,True,ok,6,5,0.750639443538928,11,9,True
chb02,chb02_05.edf,1800.0,centered,42,-10.293710513591174,0.8867435039767271,ok,ok,1.0,0.0,False,insufficient_intervals,0,0,,13,10,True
chb02,chb02_05.edf,1800.0,centered,43,-6.99246998997141,0.8955824739288749,ok,ok,1.0,0.0,False,insufficient_intervals,0,0,,15,14,True
chb02,chb02_05.edf,1800.0,centered,44,-13.448580763798685,0.5848473317658375,ok,ok,1.0,0.0,True,ok,6,5,0.7530769286844332,11,10,True
chb02,chb02_05.edf,3592.0,centered,42,-12.895292808436498,0.9688460960588401,ok,ok,1.1,0.0,False,insufficient_intervals,0,0,,12,10,True
chb02,chb02_05.edf,3592.0,centered,43,-6.0094359386044625,0.8615274151332328,ok,ok,1.1,0.0,False,insufficient_intervals,0,0,,14,13,True
chb02,chb02_05.edf,3592.0,centered,44,-13.250499276869082,0.5905685842667504,ok,ok,1.1,0.0,True,ok,6,5,0.7566157887477064,11,10,True
chb02,chb02_05.edf,8.0,trailing,42,-7.941774245523996,0.9345659351916152,ok,ok,1.0,0.0,False,insufficient_intervals,0,0,,13,11,True
chb02,chb02_05.edf,8.0,trailing,43,-5.527820445601443,0.7229099305097563,ok,ok,1.0,0.0,False,insufficient_intervals,2,1,,13,11,True
chb02,chb02_05.edf,8.0,trailing,44,-14.334099844107005,0.5214525148879743,ok,ok,1.0,0.0,True,ok,6,5,0.7641203776124884,10,8,True
chb02,chb02_05.edf,1804.0,trailing,42,-10.662213223050554,0.9701760823717316,ok,ok,1.1,0.0,False,insufficient_intervals,0,0,,14,11,True
chb02,chb02_05.edf,1804.0,trailing,43,-2.89767800276202,0.848507729518189,ok,ok,1.1,0.0,False,insufficient_intervals,0,0,,16,14,True
chb02,chb02_05.edf,1804.0,trailing,44,-10.283155288853596,0.5817771800451791,ok,ok,1.1,0.0,True,ok,6,5,0.7527470996441814,11,10,True
chb02,chb02_05.edf,3596.0,trailing,42,-11.789022141716375,0.9804515056132969,ok,ok,1.1,0.0,False,insufficient_intervals,0,0,,13,12,True
chb02,chb02_05.edf,3596.0,trailing,43,-5.320792640100759,0.7927189995908239,ok,ok,1.1,0.0,False,insufficient_intervals,0,0,,14,12,True
chb02,chb02_05.edf,3596.0,trailing,44,-12.724210053813641,0.17374146993238881,ok,ok,1.1,0.0,True,ok,6,5,0.9377285036690904,10,8,True
chb02,chb02_10.edf,4.0,centered,42,-15.156259228314877,0.9455946428090657,ok,ok,1.7000000000000002,0.0,False,insufficient_intervals,0,0,,13,11,True
chb02,chb02_10.edf,4.0,centered,43,-18.53944490302323,0.8832150942899882,ok,ok,1.7000000000000002,0.0,False,insufficient_intervals,0,0,,16,14,True
chb02,chb02_10.edf,4.0,centered,44,-20.24803400934051,0.5697623334788614,ok,ok,1.7000000000000002,0.0,True,ok,6,5,0.756769590998055,11,9,True
chb02,chb02_10.edf,1800.0,centered,42,-7.08545799941314,0.9589743574261135,ok,ok,1.0,0.0,False,insufficient_intervals,0,0,,14,11,True
chb02,chb02_10.edf,1800.0,centered,43,-5.126916057832235,0.9014104718292671,ok,ok,1.0,0.0,False,insufficient_intervals,2,1,,14,12,True
chb02,chb02_10.edf,1800.0,centered,44,-13.544452459206287,0.5817771800451791,ok,ok,1.0,0.0,True,ok,6,5,0.7580721719481965,11,10,True
chb02,chb02_10.edf,3592.0,centered,42,-5.738758741498836,0.96334599071266,ok,ok,1.0,0.0,False,insufficient_intervals,0,0,,13,11,True
chb02,chb02_10.edf,3592.0,centered,43,-3.408129901673427,1.0784757656942134,ok,ok,1.0,0.0,False,insufficient_intervals,0,0,,13,11,True
chb02,chb02_10.edf,3592.0,centered,44,-13.07804076266127,0.1663547915996955,ok,ok,1.0,0.0,True,ok,6,5,0.7763272808763484,10,8,True
chb02,chb02_10.edf,8.0,trailing,42,-12.117570278589051,0.9394745874762352,ok,ok,1.7000000000000002,0.0,False,insufficient_intervals,0,0,,13,11,True
chb02,chb02_10.edf,8.0,trailing,43,-14.576290619265581,0.7557926957263537,ok,ok,1.7000000000000002,0.0,False,insufficient_intervals,0,0,,14,11,True
chb02,chb02_10.edf,8.0,trailing,44,-17.315925627826374,0.5832620601751652,ok,ok,1.7000000000000002,0.0,True,ok,6,5,0.7608158014525248,11,10,True
chb02,chb02_10.edf,1804.0,trailing,42,-10.12687628871794,0.9008267128821237,ok,ok,1.0,0.0,False,insufficient_intervals,0,0,,13,11,True
chb02,chb02_10.edf,1804.0,trailing,43,-7.9301978446533266,0.8619201811912605,ok,ok,1.0,0.0,False,insufficient_intervals,0,0,,15,13,True
chb02,chb02_10.edf,1804.0,trailing,44,-17.17838560320466,0.9180433126724825,ok,ok,1.0,0.0,True,ok,6,5,0.7549545804356166,12,10,True
chb02,chb02_10.edf,3596.0,trailing,42,-6.364510235403893,1.12257642188775,ok,ok,1.1,0.0,False,insufficient_intervals,0,0,,14,12,True
chb02,chb02_10.edf,3596.0,trailing,43,-0.6402762792523689,0.7261906407273955,ok,ok,1.1,0.0,False,insufficient_intervals,0,0,,12,11,True
chb02,chb02_10.edf,3596.0,trailing,44,-7.381937931996817,1.0734509146690363,ok,ok,1.1,0.0,True,ok,6,5,0.7538757327817212,12,11,True
chb02,chb02_16+.edf,4.0,centered,42,-8.563406733822443,0.9666120485594429,ok,ok,1.4000000000000001,0.0,False,insufficient_intervals,0,0,,13,11,True
chb02,chb02_16+.edf,4.0,centered,43,-13.140008687757105,0.8190856436926941,ok,ok,1.4000000000000001,0.0,False,insufficient_intervals,0,0,,15,13,True
chb02,chb02_16+.edf,4.0,centered,44,-14.495954127623829,1.0723783421387758,ok,ok,1.4000000000000001,0.0,True,ok,6,5,0.7605367759754136,12,11,True
chb02,chb02_16+.edf,1800.0,centered,42,-22.802320022467832,0.9605984988978551,ok,ok,16.0,0.0,False,insufficient_intervals,0,0,,14,12,True
chb02,chb02_16+.edf,1800.0,centered,43,-20.518371605119427,0.7927189995908239,ok,ok,16.0,0.0,False,insufficient_intervals,0,0,,14,12,True
chb02,chb02_16+.edf,1800.0,centered,44,-20.20824615453491,0.5714021890757132,ok,ok,16.0,0.0,True,ok,6,5,0.755827867973932,11,9,True
chb02,chb02_16+.edf,3592.0,centered,42,-9.194726512058956,0.9664242192178318,ok,ok,1.0,0.0,False,insufficient_intervals,0,0,,12,10,True
chb02,chb02_16+.edf,3592.0,centered,43,-6.769995849190824,0.8024622443693074,ok,ok,1.0,0.0,False,insufficient_intervals,0,0,,14,13,True
chb02,chb02_16+.edf,3592.0,centered,44,-14.701349887561221,1.0740708824196032,ok,ok,1.0,0.0,True,ok,6,5,0.7645758686566329,12,11,True
chb02,chb02_16+.edf,8.0,trailing,42,-20.797726653255157,0.9605984988978551,ok,ok,8.0,0.0,False,insufficient_intervals,0,0,,14,12,True
chb02,chb02_16+.edf,8.0,trailing,43,-25.8690937484776,0.8619201811912605,ok,ok,8.0,0.0,False,insufficient_intervals,0,0,,15,13,True
chb02,chb02_16+.edf,8.0,trailing,44,-17.446056574780506,0.5905685842667504,ok,ok,8.0,0.0,True,ok,6,5,0.755827867973932,11,10,True
chb02,chb02_16+.edf,1804.0,trailing,42,-26.618988666688804,0.9345659351916152,ok,ok,16.0,0.0,False,insufficient_intervals,0,0,,13,11,True
chb02,chb02_16+.edf,1804.0,trailing,43,-24.809673082437655,0.7927189995908239,ok,ok,16.0,0.0,False,insufficient_intervals,0,0,,14,12,True
chb02,chb02_16+.edf,1804.0,trailing,44,-24.079085359086058,0.5714021890757132,ok,ok,16.0,0.0,True,ok,6,5,0.755827867973932,11,9,True
chb02,chb02_16+.edf,3596.0,trailing,42,-6.595131265476882,0.8500734023639607,ok,ok,1.0,0.0,False,insufficient_intervals,0,0,,12,10,True
chb02,chb02_16+.edf,3596.0,trailing,43,-4.070420304519535,0.865302413904194,ok,ok,1.0,0.0,False,insufficient_intervals,0,0,,15,14,True
chb02,chb02_16+.edf,3596.0,trailing,44,-13.254210738597177,0.25003628710375453,ok,ok,1.0,0.0,True,ok,6,5,0.7586687937650162,11,10,True
chb02,chb02_16.edf,4.0,centered,42,-4.949732065478982,0.9455946428090657,ok,ok,1.3,0.0,False,insufficient_intervals,0,0,,13,11,True
chb02,chb02_16.edf,4.0,centered,43,-6.631351788397388,0.8210858044271492,ok,ok,1.3,0.0,False,insufficient_intervals,0,0,,15,13,True
chb02,chb02_16.edf,4.0,centered,44,-10.933240860443348,0.5697623334788614,ok,ok,1.3,0.0,True,ok,6,5,0.7566157887477064,11,9,True
chb02,chb02_16.edf,480.0,centered,42,-19.800976058032166,0.9605984988978551,ok,ok,2.0,0.0,False,insufficient_intervals,0,0,,14,12,True
chb02,chb02_16.edf,480.0,centered,43,-23.787149109538802,0.7621831500946153,ok,ok,2.0,0.0,False,insufficient_intervals,0,0,,14,11,True
chb02,chb02_16.edf,480.0,centered,44,-28.62419439741531,0.5848473317658375,ok,ok,2.0,0.0,True,ok,6,5,0.75530224525198,11,10,True
chb02,chb02_16.edf,952.0,centered,42,-12.921057052250712,0.9098936057367173,ok,ok,1.3,0.0,False,insufficient_intervals,0,0,,13,10,True
chb02,chb02_16.edf,952.0,centered,43,-14.899784468301975,0.862175938895508,ok,ok,1.3,0.0,False,insufficient_intervals,0,0,,14,13,True
chb02,chb02_16.edf,952.0,centered,44,-18.2713658899444,0.5848473317658375,ok,ok,1.3,0.0,True,ok,6,5,0.7653047377900415,11,10,True
chb02,chb02_16.edf,8.0,trailing,42,-7.899968864301905,0.886269566876671,ok,ok,1.3,0.0,False,insufficient_intervals,0,0,,13,11,True
chb02,chb02_16.edf,8.0,trailing,43,-8.02320908207509,0.8516950302797208,ok,ok,1.3,0.0,False,insufficient_intervals,0,0,,15,14,True
chb02,chb02_16.edf,8.0,trailing,44,-11.76804539153671,1.0032388909667613,ok,ok,1.3,0.0,True,ok,6,5,0.7512081926506309,10,8,True
chb02,chb02_16.edf,480.0,trailing,42,-12.42040815378415,0.9455946428090657,ok,ok,1.1,0.0,False,insufficient_intervals,0,0,,13,11,True
chb02,chb02_16.edf,480.0,trailing,43,-5.487605578715362,0.8368511232625144,ok,ok,1.1,0.0,False,insufficient_intervals,0,0,,14,13,True
chb02,chb02_16.edf,480.0,trailing,44,-11.53424029543561,0.5817771800451791,ok,ok,1.1,0.0,True,ok,6,5,0.7531388137071303,11,10,True
chb02,chb02_16.edf,952.0,trailing,42,-9.826681877381494,1.0123722281616863,ok,ok,1.5,0.0,False,insufficient_intervals,0,0,,14,12,True
chb02,chb02_16.edf,952.0,trailing,43,-16.217505632207644,0.792341414140958,ok,ok,1.5,0.0,False,insufficient_intervals,0,0,,13,12,True
chb02,chb02_16.edf,952.0,trailing,44,-16.967911142596044,0.5875283299301702,ok,ok,1.5,0.0,True,ok,6,5,0.7566646925956515,11,10,True
chb02,chb02_19.edf,4.0,centered,42,-15.244587476519179,0.9649347908740861,ok,ok,2.7,0.0,False,insufficient_intervals,0,0,,14,11,True
chb02,chb02_19.edf,4.0,centered,43,-14.146010645156199,0.8482895051706254,ok,ok,2.7,0.0,False,insufficient_intervals,0,0,,15,13,True
chb02,chb02_19.edf,4.0,centered,44,-12.282971057987945,0.5848473317658375,ok,ok,2.7,0.0,True,ok,6,5,0.755827867973932,11,10,True
chb02,chb02_19.edf,1800.0,centered,42,-17.181994757879753,0.7779293333633208,ok,ok,1.1,0.0,False,insufficient_intervals,0,0,,11,9,True
chb02,chb02_19.edf,1800.0,centered,43,-12.726899425018232,0.711620003894941,ok,ok,1.1,0.0,False,insufficient_intervals,0,0,,13,11,True
chb02,chb02_19.edf,1800.0,centered,44,-21.29138018615827,0.22388657751985705,ok,ok,1.1,0.0,True,ok,6,5,0.762870378512425,10,9,True
chb02,chb02_19.edf,3592.0,centered,42,-8.101487868097387,0.9100775854725536,ok,ok,1.2000000000000002,0.0,False,insufficient_intervals,0,0,,13,11,True
chb02,chb02_19.edf,3592.0,centered,43,-8.37649124470149,0.7927189995908239,ok,ok,1.2000000000000002,0.0,False,insufficient_intervals,0,0,,14,12,True
chb02,chb02_19.edf,3592.0,centered,44,-12.959544385881962,0.27227921667611643,ok,ok,1.2000000000000002,0.0,True,ok,6,5,0.7559836106932202,9,7,True
chb02,chb02_19.edf,8.0,trailing,42,-17.364840650194232,1.007403713078456,ok,ok,2.7,0.0,False,insufficient_intervals,0,0,,14,12,True
chb02,chb02_19.edf,8.0,trailing,43,-15.048237903830211,0.8619201811912605,ok,ok,2.7,0.0,False,insufficient_intervals,0,0,,15,13,True
chb02,chb02_19.edf,8.0,trailing,44,-14.026948073991644,0.5738531861237478,ok,ok,2.7,0.0,True,ok,6,5,0.75530224525198,11,9,True
chb02,chb02_19.edf,1804.0,trailing,42,-16.389110982769203,0.9345659351916152,ok,ok,1.1,0.0,False,insufficient_intervals,0,0,,13,11,True
chb02,chb02_19.edf,1804.0,trailing,43,-12.694165118707351,0.8619201811912605,ok,ok,1.1,0.0,False,insufficient_intervals,0,0,,15,13,True
chb02,chb02_19.edf,1804.0,trailing,44,-20.660715208032904,0.9566068439143726,ok,ok,1.1,0.0,True,ok,6,5,0.76072477310809,11,9,True
chb02,chb02_19.edf,3596.0,trailing,42,-11.163474945285154,0.9168986518918317,ok,ok,1.5,0.0,False,insufficient_intervals,0,0,,13,11,True
chb02,chb02_19.edf,3596.0,trailing,43,-16.22141454059848,0.8210858044271492,ok,ok,1.5,0.0,False,insufficient_intervals,0,0,,15,13,True
chb02,chb02_19.edf,3596.0,trailing,44,-17.82966659989247,0.637709335508499,ok,ok,1.5,0.0,True,ok,6,5,0.7616167766724943,12,11,True
chb03,chb03_01.edf,4.0,centered,42,-10.886827156481191,0.8780276365299415,ok,ok,1.1,0.0,False,insufficient_intervals,0,0,,11,9,True
chb03,chb03_01.edf,4.0,centered,43,-5.304763530956375,0.8210858044271492,ok,ok,1.1,0.0,False,insufficient_intervals,2,1,,15,13,True
chb03,chb03_01.edf,4.0,centered,44,-12.944183481379147,0.5905685842667504,ok,ok,1.1,0.0,True,ok,6,5,0.7527470996441814,11,10,True
chb03,chb03_01.edf,1800.0,centered,42,-6.953344288347084,1.0000552006544206,ok,ok,1.0,0.0,False,insufficient_intervals,0,0,,13,10,True
chb03,chb03_01.edf,1800.0,centered,43,-7.203181045192695,0.8210858044271492,ok,ok,1.0,0.0,False,insufficient_intervals,0,0,,15,13,True
chb03,chb03_01.edf,1800.0,centered,44,-14.207548398784418,0.5848473317658375,ok,ok,1.0,0.0,True,ok,6,5,0.7601303401649327,11,10,True
chb03,chb03_01.edf,3592.0,centered,42,-11.344656882282552,1.077450577654478,ok,ok,1.2000000000000002,0.0,False,insufficient_intervals,0,0,,14,12,True
chb03,chb03_01.edf,3592.0,centered,43,-13.545065775080118,0.862175938895508,ok,ok,1.2000000000000002,0.0,False,insufficient_intervals,0,0,,14,13,True
chb03,chb03_01.edf,3592.0,centered,44,-17.359176430950875,0.2539604999786908,ok,ok,1.2000000000000002,0.0,True,ok,6,5,0.7610963220763738,10,9,True
chb03,chb03_01.edf,8.0,trailing,42,-11.537702113356826,0.8937540732103981,ok,ok,1.1,0.0,False,insufficient_intervals,0,0,,11,9,True
chb03,chb03_01.edf,8.0,trailing,43,-5.346531468045492,0.7927189995908239,ok,ok,1.1,0.0,False,insufficient_intervals,0,0,,14,12,True
chb03,chb03_01.edf,8.0,trailing,44,-13.768498021331208,0.5214525148879743,ok,ok,1.1,0.0,True,ok,6,5,0.7566052180629484,10,8,True
chb03,chb03_01.edf,1804.0,trailing,42,-7.501843599877192,0.9726350606017338,ok,ok,1.0,0.0,False,insufficient_intervals,0,0,,13,10,True
chb03,chb03_01.edf,1804.0,trailing,43,-7.428048657797108,0.8210858044271492,ok,ok,1.0,0.0,False,insufficient_intervals,0,0,,15,13,True
chb03,chb03_01.edf,1804.0,trailing,44,-15.119560218015426,0.5775528038221884,ok,ok,1.0,0.0,True,ok,6,5,0.7621399081291255,11,10,True
chb03,chb03_01.edf,3596.0,trailing,42,-15.829081813405477,0.9098936057367173,ok,ok,1.1,0.0,False,insufficient_intervals,0,0,,13,10,True
chb03,chb03_01.edf,3596.0,trailing,43,-12.325359660983949,0.7927189995908239,ok,ok,1.1,0.0,False,insufficient_intervals,0,0,,14,12,True
chb03,chb03_01.edf,3596.0,trailing,44,-19.464018531008904,1.0518996032797028,ok,ok,1.1,0.0,True,ok,6,5,0.7675956220189714,11,10,True
chb03,chb03_02.edf,4.0,centered,42,-11.838652261221357,0.9345659351916152,ok,ok,2.9000000000000004,0.0,False,insufficient_intervals,0,0,,13,11,True
chb03,chb03_02.edf,4.0,centered,43,-19.501785711089905,0.8705017205826545,ok,ok,2.9000000000000004,0.0,False,insufficient_intervals,0,0,,16,14,True
chb03,chb03_02.edf,4.0,centered,44,-17.071726825135432,0.5718760065088937,ok,ok,2.9000000000000004,0.0,True,ok,6,5,0.7566157887477064,11,9,True
chb03,chb03_02.edf,1800.0,centered,42,-13.804811358681592,0.8846135701161248,ok,ok,1.2000000000000002,0.0,False,insufficient_intervals,0,0,,12,10,True
chb03,chb03_02.edf,1800.0,centered,43,-11.601047218127007,0.8521988250646004,ok,ok,1.2000000000000002,0.0,False,insufficient_intervals,2,1,,14,12,True
chb03,chb03_02.edf,1800.0,centered,44,-14.947837023415364,1.0717766548928715,ok,ok,1.2000000000000002,0.0,True,ok,6,5,0.7519553330333518,12,11,True
chb03,chb03_02.edf,3592.0,centered,42,-5.880786992464724,0.8500734023639607,ok,ok,1.0,0.0,False,insufficient_intervals,0,0,,12,10,True
chb03,chb03_02.edf,3592.0,centered,43,-5.586170062353286,0.8619201811912605,ok,ok,1.0,0.0,False,insufficient_intervals,0,0,,15,13,True
chb03,chb03_02.edf,3592.0,centered,44,-14.712717383993505,0.22388657751985705,ok,ok,1.0,0.0,True,ok,6,5,0.7623037200493464,10,9,True
chb03,chb03_02.edf,8.0,trailing,42,-13.753499447374498,0.9168986518918317,ok,ok,2.9000000000000004,0.0,False,insufficient_intervals,0,0,,13,11,True
chb03,chb03_02.edf,8.0,trailing,43,-21.901073983429697,0.8619201811912605,ok,ok,2.9000000000000004,0.0,False,insufficient_intervals,0,0,,15,13,True
chb03,chb03_02.edf,8.0,trailing,44,-18.272025165492575,0.5832620601751652,ok,ok,2.9000000000000004,0.0,True,ok,6,5,0.7572960273799565,11,10,True
chb03,chb03_02.edf,1804.0,trailing,42,-14.058344504784198,0.9345659351916152,ok,ok,1.2000000000000002,0.0,False,insufficient_intervals,0,0,,13,11,True
chb03,chb03_02.edf,1804.0,trailing,43,-12.289428110575706,0.7900204822856967,ok,ok,1.2000000000000002,0.0,False,insufficient_intervals,0,0,,15,12,True
chb03,chb03_02.edf,1804.0,trailing,44,-15.816298798892017,0.5817771800451791,ok,ok,1.2000000000000002,0.0,True,ok,6,5,0.7573514085450318,11,10,True
chb03,chb03_02.edf,3596.0,trailing,42,-5.80377196009296,1.0331967347937476,ok,ok,1.0,0.0,False,insufficient_intervals,0,0,,15,13,True
chb03,chb03_02.edf,3596.0,trailing,43,-5.740802366476139,0.8619201811912605,ok,ok,1.0,0.0,False,insufficient_intervals,0,0,,15,13,True
chb03,chb03_02.edf,3596.0,trailing,44,-13.702850340735043,1.0717766548928715,ok,ok,1.0,0.0,True,ok,6,5,0.7755176278137242,12,11,True
chb03,chb03_03.edf,4.0,centered,42,-6.972744083210836,0.8872714503711113,ok,ok,1.3,0.0,False,insufficient_intervals,0,0,,12,10,True
chb03,chb03_03.edf,4.0,centered,43,-9.644096700973062,0.8304861720795974,ok,ok,1.3,0.0,False,insufficient_intervals,0,0,,14,12,True
chb03,chb03_03.edf,4.0,centered,44,-14.059401432895728,0.5832620601751652,ok,ok,1.3,0.0,True,ok,6,5,0.7601303401649327,11,10,True
chb03,chb03_03.edf,1800.0,centered,42,-17.244517630817835,0.9436301402414807,ok,ok,1.4000000000000001,0.0,False,insufficient_intervals,0,0,,13,11,True
chb03,chb03_03.edf,1800.0,centered,43,-23.417227373182225,0.8210858044271492,ok,ok,1.4000000000000001,0.0,False,insufficient_intervals,0,0,,15,13,True
chb03,chb03_03.edf,1800.0,centered,44,-23.99840783706072,0.22388657751985705,ok,ok,1.4000000000000001,0.0,True,ok,6,5,0.736054784642861,10,9,True
chb03,chb03_03.edf,3592.0,centered,42,-7.970391861169606,0.9589743574261135,ok,ok,1.3,0.0,False,insufficient_intervals,0,0,,14,11,True
chb03,chb03_03.edf,3592.0,centered,43,-10.309093623027138,0.7927189995908239,ok,ok,1.3,0.0,False,insufficient_intervals,0,0,,14,12,True
chb03,chb03_03.edf,3592.0,centered,44,-13.0217421982723,0.5817771800451791,ok,ok,1.3,0.0,True,ok,6,5,0.7653047377900415,11,10,True
chb03,chb03_03.edf,8.0,trailing,42,-9.29108724483476,0.896964841746811,ok,ok,1.3,0.0,False,insufficient_intervals,0,0,,11,9,True
chb03,chb03_03.edf,8.0,trailing,43,-10.538849310715815,0.8210858044271492,ok,ok,1.3,0.0,False,insufficient_intervals,0,0,,15,13,True
chb03,chb03_03.edf,8.0,trailing,44,-14.150009804799973,0.5214525148879743,ok,ok,1.3,0.0,True,ok,6,5,0.7644294068001275,10,8,True
chb03,chb03_03.edf,1804.0,trailing,42,-18.63213454591558,0.8809953131673368,ok,ok,1.4000000000000001,0.0,False,insufficient_intervals,0,0,,12,10,True
chb03,chb03_03.edf,1804.0,trailing,43,-22.34383926876528,0.7927189995908239,ok,ok,1.4000000000000001,0.0,False,insufficient_intervals,0,0,,14,12,True
chb03,chb03_03.edf,1804.0,trailing,44,-23.696136213854114,0.6453962439929484,ok,ok,1.4000000000000001,0.0,True,ok,6,5,0.7612924719352987,12,11,True
chb03,chb03_03.edf,3596.0,trailing,42,-7.481063352308308,0.9605984988978551,ok,ok,1.3,0.0,False,insufficient_intervals,0,0,,14,12,True
chb03,chb03_03.edf,3596.0,trailing,43,-9.598604142824176,0.8577440046665656,ok,ok,1.3,0.0,False,insufficient_intervals,0,0,,15,14,True
chb03,chb03_03.edf,3596.0,trailing,44,-12.617410091073374,0.5801835197482597,ok,ok,1.3,0.0,True,ok,6,5,0.7659876120868265,11,10,True
chb03,chb03_04.edf,4.0,centered,42,-9.995723204101711,0.9605984988978551,ok,ok,1.4000000000000001,0.0,False,insufficient_intervals,0,0,,14,12,True
chb03,chb03_04.edf,4.0,centered,43,-14.726361211957443,0.8190856436926941,ok,ok,1.4000000000000001,0.0,False,insufficient_intervals,0,0,,15,13,True
chb03,chb03_04.edf,4.0,centered,44,-16.093373957782788,0.5801835197482597,ok,ok,1.4000000000000001,0.0,True,ok,6,5,0.7559836106932202,11,10,True
chb03,chb03_04.edf,1800.0,centered,42,-13.20441649478457,0.9605984988978551,ok,ok,1.8,0.0,False,insufficient_intervals,0,0,,14,12,True
chb03,chb03_04.edf,1800.0,centered,43,-17.336177683956393,0.8171069449944549,ok,ok,1.8,0.0,False,insufficient_intervals,0,0,,15,13,True
chb03,chb03_04.edf,1800.0,centered,44,-19.539152013378747,0.5848473317658375,ok,ok,1.8,0.0,True,ok,6,5,0.7601303401649327,11,10,True
chb03,chb03_04.edf,3592.0,centered,42,-10.435968439916742,0.9605984988978551,ok,ok,1.2000000000000002,0.0,False,insufficient_intervals,0,0,,14,12,True
chb03,chb03_04.edf,3592.0,centered,43,-13.101273061166346,0.862175938895508,ok,ok,1.2000000000000002,0.0,False,insufficient_intervals,0,0,,14,13,True
chb03,chb03_04.edf,3592.0,centered,44,-16.049678926493794,0.7838230104199025,ok,ok,1.2000000000000002,0.0,True,ok,6,5,0.7651069718617985,11,10,True
chb03,chb03_04.edf,8.0,trailing,42,-10.663891424905877,0.9037170373429898,ok,ok,1.4000000000000001,0.0,False,insufficient_intervals,0,0,,13,11,True
chb03,chb03_04.edf,8.0,trailing,43,-14.969020322335147,0.7803242937337722,ok,ok,1.4000000000000001,0.0,False,insufficient_intervals,0,0,,13,12,True
chb03,chb03_04.edf,8.0,trailing,44,-15.460940399868148,0.5848473317658375,ok,ok,1.4000000000000001,0.0,True,ok,6,5,0.7559392424501804,11,10,True
chb03,chb03_04.edf,1804.0,trailing,42,-6.322978656367973,1.0782762389770337,ok,ok,1.0,0.0,False,insufficient_intervals,0,0,,14,11,True
chb03,chb03_04.edf,1804.0,trailing,43,-4.446067356063274,0.8765769883898336,ok,ok,1.0,0.0,False,insufficient_intervals,0,0,,13,11,True
chb03,chb03_04.edf,1804.0,trailing,44,-12.640310524189603,0.5817771800451791,ok,ok,1.0,0.0,True,ok,6,5,0.7609989843682482,11,10,True
chb03,chb03_04.edf,3596.0,trailing,42,-17.468358539322512,0.9168986518918317,ok,ok,1.1,0.0,False,insufficient_intervals,0,0,,13,11,True
chb03,chb03_04.edf,3596.0,trailing,43,-11.391656593940223,0.8619201811912605,ok,ok,1.1,0.0,False,insufficient_intervals,0,0,,15,13,True
chb03,chb03_04.edf,3596.0,trailing,44,-18.82840293146679,0.5234424491170963,ok,ok,1.1,0.0,True,ok,6,5,0.7578725220801705,10,8,True
chb03,chb03_05.edf,4.0,centered,42,-16.685232024461502,0.8846135701161248,ok,ok,2.4000000000000004,0.0,False,insufficient_intervals,0,0,,12,10,True
chb03,chb03_05.edf,4.0,centered,43,-13.40267622442861,0.8482895051706254,ok,ok,2.4000000000000004,0.0,False,insufficient_intervals,0,0,,15,13,True
chb03,chb03_05.edf,4.0,centered,44,-17.266180445467572,0.5482307845372576,ok,ok,2.4000000000000004,0.0,True,ok,6,5,0.7572960273799565,10,9,True
chb03,chb03_05.edf,1800.0,centered,42,-6.990457674797495,0.8929248603629026,ok,ok,1.5,0.0,False,insufficient_intervals,0,0,,12,10,True
chb03,chb03_05.edf,1800.0,centered,43,-12.9616751333152,0.8171069449944549,ok,ok,1.5,0.0,False,insufficient_intervals,0,0,,15,13,True
chb03,chb03_05.edf,1800.0,centered,44,-14.598123904851313,0.5848473317658375,ok,ok,1.5,0.0,True,ok,6,5,0.7590109644896735,11,10,True
chb03,chb03_05.edf,3592.0,centered,42,-17.263268624545304,0.886269566876671,ok,ok,1.8,0.0,False,insufficient_intervals,0,0,,13,11,True
chb03,chb03_05.edf,3592.0,centered,43,-19.306992911988004,0.8159668753880298,ok,ok,1.8,0.0,False,insufficient_intervals,0,0,,15,13,True
chb03,chb03_05.edf,3592.0,centered,44,-23.8369294249377,0.5832620601751652,ok,ok,1.8,0.0,True,ok,6,5,0.7624449836085877,11,10,True
chb03,chb03_05.edf,8.0,trailing,42,-19.55140277680629,1.0036339976325919,ok,ok,2.4000000000000004,0.0,False,insufficient_intervals,0,0,,13,11,True
chb03,chb03_05.edf,8.0,trailing,43,-15.486072997009378,0.8210858044271492,ok,ok,2.4000000000000004,0.0,False,insufficient_intervals,0,0,,15,13,True
chb03,chb03_05.edf,8.0,trailing,44,-19.721632689038863,0.5848473317658375,ok,ok,2.4000000000000004,0.0,True,ok,6,5,0.7572960273799565,11,10,True
chb03,chb03_05.edf,1804.0,trailing,42,-12.300198922333923,0.9455946428090657,ok,ok,1.8,0.0,False,insufficient_intervals,0,0,,13,11,True
chb03,chb03_05.edf,1804.0,trailing,43,-16.75600996370583,0.7927189995908239,ok,ok,1.8,0.0,False,insufficient_intervals,0,0,,14,12,True
chb03,chb03_05.edf,1804.0,trailing,44,-18.753555297524372,0.5452829084862902,ok,ok,1.8,0.0,True,ok,6,5,0.7629716130729306,10,9,True
chb03,chb03_05.edf,3596.0,trailing,42,-15.447608920994877,0.9589015277715501,ok,ok,1.8,0.0,False,insufficient_intervals,0,0,,15,12,True
chb03,chb03_05.edf,3596.0,trailing,43,-19.418879074080397,0.7927189995908239,ok,ok,1.8,0.0,False,insufficient_intervals,0,0,,14,12,True
chb03,chb03_05.edf,3596.0,trailing,44,-21.73945671529928,0.5697623334788614,ok,ok,1.8,0.0,True,ok,6,5,0.7609209406661214,11,9,True
chb03,chb03_06.edf,4.0,centered,42,-10.85115162779425,0.9345659351916152,ok,ok,1.0,0.0,False,insufficient_intervals,0,0,,13,11,True
chb03,chb03_06.edf,4.0,centered,43,-8.827953465709722,0.8540998977217725,ok,ok,1.0,0.0,False,insufficient_intervals,0,0,,15,14,True
chb03,chb03_06.edf,4.0,centered,44,-18.259204366204585,0.5214525148879743,ok,ok,1.0,0.0,True,ok,6,5,0.7574151719278793,10,8,True
chb03,chb03_06.edf,1800.0,centered,42,-10.753688756981491,0.9605984988978551,ok,ok,1.4000000000000001,0.0,False,insufficient_intervals,0,0,,14,12,True
chb03,chb03_06.edf,1800.0,centered,43,-18.668644620104626,0.8243638652300748,ok,ok,1.4000000000000001,0.0,False,insufficient_intervals,0,0,,14,12,True
chb03,chb03_06.edf,1800.0,centered,44,-19.024359976096136,0.2100566216375997,ok,ok,1.4000000000000001,0.0,True,ok,6,5,0.7608158014525248,10,9,True
chb03,chb03_06.edf,3592.0,centered,42,-10.471136340486552,0.9394745874762352,ok,ok,1.0,0.0,False,insufficient_intervals,0,0,,13,11,True
chb03,chb03_06.edf,3592.0,centered,43,-10.120359376658648,0.8555077538341642,ok,ok,1.0,0.0,False,insufficient_intervals,0,0,,14,12,True
chb03,chb03_06.edf,3592.0,centered,44,-17.98425143826845,0.5775528038221884,ok,ok,1.0,0.0,True,ok,6,5,0.7699192772265452,11,10,True
chb03,chb03_06.edf,8.0,trailing,42,-11.510124377859324,0.8673877279860198,ok,ok,1.0,0.0,False,insufficient_intervals,0,0,,12,10,True
chb03,chb03_06.edf,8.0,trailing,43,-9.139786817547986,0.7971375479513516,ok,ok,1.0,0.0,False,insufficient_intervals,0,0,,13,12,True
chb03,chb03_06.edf,8.0,trailing,44,-18.28883705524307,1.0730854946783586,ok,ok,1.0,0.0,True,ok,6,5,0.7640185500733627,12,11,True
chb03,chb03_06.edf,1804.0,trailing,42,-14.688868019794105,0.9098936057367173,ok,ok,1.4000000000000001,0.0,False,insufficient_intervals,0,0,,13,10,True
chb03,chb03_06.edf,1804.0,trailing,43,-17.931513630272946,0.8812515537519372,ok,ok,1.4000000000000001,0.0,False,insufficient_intervals,0,0,,16,14,True
chb03,chb03_06.edf,1804.0,trailing,44,-19.318845198646983,0.5801835197482597,ok,ok,1.4000000000000001,0.0,True,ok,6,5,0.7702225222863945,11,10,True
chb03,chb03_06.edf,3596.0,trailing,42,-13.858152606607991,0.896964841746811,ok,ok,1.1,0.0,False,insufficient_intervals,0,0,,11,9,True
chb03,chb03_06.edf,3596.0,trailing,43,-8.468246241703712,1.131865269483964,ok,ok,1.1,0.0,False,insufficient_intervals,0,0,,12,11,True
chb03,chb03_06.edf,3596.0,trailing,44,-14.762666442039878,0.5875283299301702,ok,ok,1.1,0.0,True,ok,6,5,0.7578725220801705,11,10,True
chb03,chb03_07.edf,4.0,centered,42,-15.735190542471834,0.963959852090742,ok,ok,1.1,0.0,False,insufficient_intervals,0,0,,14,11,True
chb03,chb03_07.edf,4.0,centered,43,-8.973800660220679,0.8397199471864115,ok,ok,1.1,0.0,False,insufficient_intervals,0,0,,15,13,True
chb03,chb03_07.edf,4.0,centered,44,-15.055679231711899,0.5817771800451791,ok,ok,1.1,0.0,True,ok,6,5,0.7609766231436249,11,10,True
chb03,chb03_07.edf,1800.0,centered,42,-11.300700244246272,0.9605984988978551,ok,ok,1.5,0.0,False,insufficient_intervals,0,0,,14,12,True
chb03,chb03_07.edf,1800.0,centered,43,-15.899087159761613,1.2048505927237145,ok,ok,1.5,0.0,False,insufficient_intervals,0,0,,13,12,True
chb03,chb03_07.edf,1800.0,centered,44,-17.74233919733788,0.5817771800451791,ok,ok,1.5,0.0,True,ok,6,5,0.7566157887477064,11,10,True
chb03,chb03_07.edf,3592.0,centered,42,-13.98484641711628,0.8737311171571935,ok,ok,1.1,0.0,False,insufficient_intervals,0,0,,11,9,True
chb03,chb03_07.edf,3592.0,centered,43,-8.790840767569039,0.9092403974937642,ok,ok,1.1,0.0,False,insufficient_intervals,2,1,,16,15,True
chb03,chb03_07.edf,3592.0,centered,44,-15.856966809611915,0.5212006143191013,ok,ok,1.1,0.0,True,ok,6,5,0.7323672163069714,10,8,True
chb03,chb03_07.edf,8.0,trailing,42,-14.193956639093766,1.0363890354306244,ok,ok,1.1,0.0,False,insufficient_intervals,0,0,,14,11,True
chb03,chb03_07.edf,8.0,trailing,43,-7.636797725386632,0.7847959997570797,ok,ok,1.1,0.0,False,insufficient_intervals,0,0,,12,11,True
chb03,chb03_07.edf,8.0,trailing,44,-14.134873402250772,0.5905685842667504,ok,ok,1.1,0.0,True,ok,6,5,0.7379832120940453,11,10,True
chb03,chb03_07.edf,1804.0,trailing,42,-13.825424341722611,0.9605984988978551,ok,ok,1.6,0.0,False,insufficient_intervals,0,0,,14,12,True
chb03,chb03_07.edf,1804.0,trailing,43,-20.20969211853977,0.792341414140958,ok,ok,1.6,0.0,False,insufficient_intervals,0,0,,13,12,True
chb03,chb03_07.edf,1804.0,trailing,44,-21.12922842565668,0.5807627041740515,ok,ok,1.6,0.0,True,ok,6,5,0.7562218866351007,11,9,True
chb03,chb03_07.edf,3596.0,trailing,42,-12.8726668315106,0.9394745874762352,ok,ok,1.3,0.0,False,insufficient_intervals,0,0,,13,11,True
chb03,chb03_07.edf,3596.0,trailing,43,-14.396414870498297,0.8210858044271492,ok,ok,1.3,0.0,False,insufficient_intervals,0,0,,15,13,True
chb03,chb03_07.edf,3596.0,trailing,44,-18.325139792019684,0.6438162502321447,ok,ok,1.3,0.0,True,ok,6,5,0.7566157887477064,12,11,True
chb03,chb03_10.edf,4.0,centered,42,-11.841857057285548,0.9671271878788834,ok,ok,3.1,0.0,False,insufficient_intervals,0,0,,14,12,True
chb03,chb03_10.edf,4.0,centered,43,-19.349320768552936,0.8241713827544077,ok,ok,3.1,0.0,False,insufficient_intervals,0,0,,14,12,True
chb03,chb03_10.edf,4.0,centered,44,-17.07700426199577,0.5848473317658375,ok,ok,3.1,0.0,True,ok,6,5,0.7572960273799565,11,10,True
chb03,chb03_10.edf,1800.0,centered,42,-10.621941751171958,0.8809953131673368,ok,ok,1.4000000000000001,0.0,False,insufficient_intervals,0,0,,12,10,True
chb03,chb03_10.edf,1800.0,centered,43,-15.367150837666358,0.7927189995908239,ok,ok,1.4000000000000001,0.0,False,insufficient_intervals,0,0,,14,12,True
chb03,chb03_10.edf,1800.0,centered,44,-16.47304962589488,0.5775528038221884,ok,ok,1.4000000000000001,0.0,True,ok,6,5,0.7640107896433852,11,10,True
chb03,chb03_10.edf,3592.0,centered,42,-14.586407890932696,0.9605984988978551,ok,ok,3.5,0.0,False,insufficient_intervals,0,0,,14,12,True
chb03,chb03_10.edf,3592.0,centered,43,-18.343091376436117,0.7919243853827285,ok,ok,3.5,0.0,False,insufficient_intervals,0,0,,14,12,True
chb03,chb03_10.edf,3592.0,centered,44,-9.560902759708034,0.5848473317658375,ok,ok,3.5,0.0,True,ok,6,5,0.7566157887477064,11,10,True
chb03,chb03_10.edf,8.0,trailing,42,-9.358667421096806,0.8500734023639607,ok,ok,1.2000000000000002,0.0,False,insufficient_intervals,0,0,,12,10,True
chb03,chb03_10.edf,8.0,trailing,43,-11.145211179883056,0.7927189995908239,ok,ok,1.2000000000000002,0.0,False,insufficient_intervals,0,0,,14,12,True
chb03,chb03_10.edf,8.0,trailing,44,-14.674206247747298,1.0734509146690363,ok,ok,1.2000000000000002,0.0,True,ok,6,5,0.7687612333722028,12,11,True
chb03,chb03_10.edf,1804.0,trailing,42,-11.255361687080875,0.9671271878788834,ok,ok,1.4000000000000001,0.0,False,insufficient_intervals,0,0,,14,12,True
chb03,chb03_10.edf,1804.0,trailing,43,-16.125472680539836,0.8812515537519372,ok,ok,1.4000000000000001,0.0,False,insufficient_intervals,0,0,,16,14,True
chb03,chb03_10.edf,1804.0,trailing,44,-17.00605336865721,0.5817771800451791,ok,ok,1.4000000000000001,0.0,True,ok,6,5,0.7572960273799565,11,10,True
chb03,chb03_10.edf,3596.0,trailing,42,-14.819709220717783,0.8809953131673368,ok,ok,3.4000000000000004,0.0,False,insufficient_intervals,0,0,,12,10,True
chb03,chb03_10.edf,3596.0,trailing,43,-15.724030667804463,0.8371240077198778,ok,ok,3.4000000000000004,0.0,False,insufficient_intervals,0,0,,14,12,True
chb03,chb03_10.edf,3596.0,trailing,44,-9.622910524512244,0.5714021890757132,ok,ok,3.4000000000000004,0.0,True,ok,6,5,0.7601303401649327,11,9,True
chb03,chb03_34.edf,4.0,centered,42,-1.3516716993499072,1.0813417807249717,ok,ok,1.0,0.0,False,insufficient_intervals,0,0,,15,13,True
chb03,chb03_34.edf,4.0,centered,43,0.672654031367979,0.840634553911285,ok,ok,1.0,0.0,False,insufficient_intervals,0,0,,15,13,True
chb03,chb03_34.edf,4.0,centered,44,-7.370230760234214,1.0734509146690363,ok,ok,1.0,0.0,True,ok,6,5,0.7501761208297144,12,11,True
chb03,chb03_34.edf,1800.0,centered,42,-15.024534507507706,0.9394745874762352,ok,ok,1.7000000000000002,0.0,False,insufficient_intervals,0,0,,13,11,True
chb03,chb03_34.edf,1800.0,centered,43,-18.078622383891926,0.7927189995908239,ok,ok,1.7000000000000002,0.0,False,insufficient_intervals,0,0,,14,12,True
chb03,chb03_34.edf,1800.0,centered,44,-19.970378496671444,0.5848473317658375,ok,ok,1.7000000000000002,0.0,True,ok,6,5,0.7555394635227161,11,10,True
chb03,chb03_34.edf,3592.0,centered,42,-15.868910078529659,1.007403713078456,ok,ok,2.0,0.0,False,insufficient_intervals,0,0,,14,12,True
chb03,chb03_34.edf,3592.0,centered,43,-22.68804855843176,0.8619201811912605,ok,ok,2.0,0.0,False,insufficient_intervals,0,0,,15,13,True
chb03,chb03_34.edf,3592.0,centered,44,-25.547173404422246,0.5817771800451791,ok,ok,2.0,0.0,True,ok,6,5,0.7616047940247052,11,10,True
chb03,chb03_34.edf,8.0,trailing,42,-7.76578837943992,1.0230610014887158,ok,ok,1.0,0.0,False,insufficient_intervals,0,0,,15,13,True
chb03,chb03_34.edf,8.0,trailing,43,-5.836249645909238,0.7585442635062513,ok,ok,1.0,0.0,False,insufficient_intervals,0,0,,13,10,True
chb03,chb03_34.edf,8.0,trailing,44,-13.490438455285563,0.5848473317658375,ok,ok,1.0,0.0,True,ok,6,5,0.7561999686218253,11,10,True
chb03,chb03_34.edf,1804.0,trailing,42,-8.443892061189619,0.99283653348199,ok,ok,1.0,0.0,False,insufficient_intervals,0,0,,13,10,True
chb03,chb03_34.edf,1804.0,trailing,43,-6.6729262747203375,0.8545246064861679,ok,ok,1.0,0.0,False,insufficient_intervals,0,0,,15,13,True
chb03,chb03_34.edf,1804.0,trailing,44,-13.730893928038947,0.5848473317658375,ok,ok,1.0,0.0,True,ok,6,5,0.7589827724759562,11,10,True
chb03,chb03_34.edf,3596.0,trailing,42,-14.711089911469202,0.9915833841580555,ok,ok,2.0,0.0,False,insufficient_intervals,0,0,,15,12,True
chb03,chb03_34.edf,3596.0,trailing,43,-21.735651722024556,0.8265955213091016,ok,ok,2.0,0.0,False,insufficient_intervals,0,0,,14,12,True
chb03,chb03_34.edf,3596.0,trailing,44,-23.36156227440373,0.5214525148879743,ok,ok,2.0,0.0,True,ok,6,5,0.7566157887477064,10,8,True
chb03,chb03_35.edf,4.0,centered,42,-9.341966183539261,0.963959852090742,ok,ok,1.1,0.0,False,insufficient_intervals,0,0,,14,11,True
chb03,chb03_35.edf,4.0,centered,43,-4.496025049097704,0.81405296460978,ok,ok,1.1,0.0,False,insufficient_intervals,0,0,,13,12,True
chb03,chb03_35.edf,4.0,centered,44,-11.446570499761657,0.5801835197482597,ok,ok,1.1,0.0,True,ok,6,5,0.7623546509567237,11,10,True
chb03,chb03_35.edf,1800.0,centered,42,-14.210354617363382,1.0492458795645574,ok,ok,1.1,0.0,False,insufficient_intervals,0,0,,13,11,True
chb03,chb03_35.edf,1800.0,centered,43,-7.24067278906135,1.1590522674329071,ok,ok,1.1,0.0,False,insufficient_intervals,0,0,,15,13,True
chb03,chb03_35.edf,1800.0,centered,44,-13.494207478903215,0.5905685842667504,ok,ok,1.1,0.0,True,ok,6,5,0.7561452925732451,11,10,True
chb03,chb03_35.edf,3592.0,centered,42,-11.06248614632832,0.9197192734047296,ok,ok,1.1,0.0,False,insufficient_intervals,0,0,,13,11,True
chb03,chb03_35.edf,3592.0,centered,43,-2.744332940068261,0.7971375479513516,ok,ok,1.1,0.0,False,insufficient_intervals,0,0,,13,12,True
chb03,chb03_35.edf,3592.0,centered,44,-10.628917204445159,0.1663547915996955,ok,ok,1.1,0.0,True,ok,6,5,0.9133762452294402,10,8,True
chb03,chb03_35.edf,8.0,trailing,42,-12.346149223363465,0.9541174970427988,ok,ok,1.1,0.0,False,insufficient_intervals,0,0,,13,11,True
chb03,chb03_35.edf,8.0,trailing,43,-6.08873395489743,0.8146994592123922,ok,ok,1.1,0.0,False,insufficient_intervals,0,0,,14,13,True
chb03,chb03_35.edf,8.0,trailing,44,-13.465634565041713,0.5817771800451791,ok,ok,1.1,0.0,True,ok,6,5,0.7608158014525248,11,10,True
chb03,chb03_35.edf,1804.0,trailing,42,-15.809982873593512,0.8737311171571935,ok,ok,1.2000000000000002,0.0,False,insufficient_intervals,0,0,,11,9,True
chb03,chb03_35.edf,1804.0,trailing,43,-15.384915004958213,0.7830237424759069,ok,ok,1.2000000000000002,0.0,False,insufficient_intervals,0,0,,15,12,True
chb03,chb03_35.edf,1804.0,trailing,44,-19.09031555503541,0.5905685842667504,ok,ok,1.2000000000000002,0.0,True,ok,6,5,0.7344413999145736,11,10,True
chb03,chb03_35.edf,3596.0,trailing,42,-10.66610002613713,0.9345659351916152,ok,ok,1.1,0.0,False,insufficient_intervals,0,0,,13,11,True
chb03,chb03_35.edf,3596.0,trailing,43,-4.215670163491469,0.7197262997103361,ok,ok,1.1,0.0,False,insufficient_intervals,0,0,,13,11,True
chb03,chb03_35.edf,3596.0,trailing,44,-11.07852903445665,0.5409175237783544,ok,ok,1.1,0.0,True,ok,6,5,0.7689282930577241,11,8,True
chb03,chb03_36.edf,4.0,centered,42,-1.3590017399404655,0.9368196907033639,ok,ok,1.0,0.0,False,insufficient_intervals,0,0,,14,12,True
chb03,chb03_36.edf,4.0,centered,43,0.5924559870761983,1.127546918901361,ok,ok,1.0,0.0,False,insufficient_intervals,0,0,,12,11,True
chb03,chb03_36.edf,4.0,centered,44,-8.07944426976706,0.5832620601751652,ok,ok,1.0,0.0,True,ok,6,5,0.7581282885858767,11,10,True
chb03,chb03_36.edf,1800.0,centered,42,-12.244364957920645,0.9666120485594429,ok,ok,1.2000000000000002,0.0,False,insufficient_intervals,0,0,,13,11,True
chb03,chb03_36.edf,1800.0,centered,43,-13.437878810541287,0.9112638206028626,ok,ok,1.2000000000000002,0.0,False,insufficient_intervals,0,0,,15,13,True
chb03,chb03_36.edf,1800.0,centered,44,-16.989536977109136,0.5801835197482597,ok,ok,1.2000000000000002,0.0,True,ok,6,5,0.7589451369307825,11,10,True
chb03,chb03_36.edf,3592.0,centered,42,-9.39719980878765,0.9605984988978551,ok,ok,1.4000000000000001,0.0,False,insufficient_intervals,0,0,,14,12,True
chb03,chb03_36.edf,3592.0,centered,43,-14.387019095675553,0.792341414140958,ok,ok,1.4000000000000001,0.0,False,insufficient_intervals,0,0,,13,12,True
chb03,chb03_36.edf,3592.0,centered,44,-15.184058984082155,0.6425993263221377,ok,ok,1.4000000000000001,0.0,True,ok,6,5,0.7566712824199374,12,10,True
chb03,chb03_36.edf,8.0,trailing,42,-12.625342188782538,1.1478111572573073,ok,ok,1.1,0.0,False,insufficient_intervals,0,0,,15,13,True
chb03,chb03_36.edf,8.0,trailing,43,-6.958845976071974,0.8579769323670925,ok,ok,1.1,0.0,False,insufficient_intervals,2,1,,15,13,True
chb03,chb03_36.edf,8.0,trailing,44,-14.09495968609501,1.1115191903507995,ok,ok,1.1,0.0,True,ok,6,5,0.750639443538928,11,10,True
chb03,chb03_36.edf,1804.0,trailing,42,-13.905162688802776,0.9168986518918317,ok,ok,1.3,0.0,False,insufficient_intervals,0,0,,13,11,True
chb03,chb03_36.edf,1804.0,trailing,43,-14.103824483729515,0.8619201811912606,ok,ok,1.3,0.0,False,insufficient_intervals,0,0,,15,13,True
chb03,chb03_36.edf,1804.0,trailing,44,-16.686752341330134,1.071068638217255,ok,ok,1.3,0.0,True,ok,6,5,0.763442354877719,12,11,True
chb03,chb03_36.edf,3596.0,trailing,42,-13.279099394976079,0.9280703862792736,ok,ok,1.1,0.0,False,insufficient_intervals,0,0,,12,10,True
chb03,chb03_36.edf,3596.0,trailing,43,-6.69067166899317,0.7886835919486747,ok,ok,1.1,0.0,False,insufficient_intervals,0,0,,14,12,True
chb03,chb03_36.edf,3596.0,trailing,44,-13.95839797601423,0.5214525148879743,ok,ok,1.1,0.0,True,ok,6,5,0.7334113501282344,10,8,True
chb05,chb05_01.edf,4.0,centered,42,-19.486240861678137,0.9394745874762352,ok,ok,1.9000000000000001,0.0,False,insufficient_intervals,0,0,,13,11,True
chb05,chb05_01.edf,4.0,centered,43,-23.030669387203652,0.8619201811912605,ok,ok,1.9000000000000001,0.0,False,insufficient_intervals,0,0,,15,13,True
chb05,chb05_01.edf,4.0,centered,44,-26.176188090116824,0.5621924281366941,ok,ok,1.9000000000000001,0.0,True,ok,6,5,0.755827867973932,11,9,True
chb05,chb05_01.edf,1804.0,centered,42,-10.71086751447531,0.984947496190048,ok,ok,1.6,0.0,False,insufficient_intervals,0,0,,15,12,True
chb05,chb05_01.edf,1804.0,centered,43,-16.102784845511454,0.7819655764580706,ok,ok,1.6,0.0,False,insufficient_intervals,0,0,,13,11,True
chb05,chb05_01.edf,1804.0,centered,44,-18.48326815934118,0.5832620601751652,ok,ok,1.6,0.0,True,ok,6,5,0.7601303401649327,11,10,True
chb05,chb05_01.edf,3600.0,centered,42,-9.481359452227448,0.9996620386501139,ok,ok,1.6,0.0,False,insufficient_intervals,0,0,,13,10,True
chb05,chb05_01.edf,3600.0,centered,43,-16.735827766396607,0.8619201811912606,ok,ok,1.6,0.0,False,insufficient_intervals,0,0,,15,13,True
chb05,chb05_01.edf,3600.0,centered,44,-16.721254796161617,0.5234424491170963,ok,ok,1.6,0.0,True,ok,6,5,0.7566157887477064,10,8,True
chb05,chb05_01.edf,8.0,trailing,42,-19.986345152813595,0.8053691836694759,ok,ok,1.9000000000000001,0.0,False,insufficient_intervals,0,0,,11,9,True
chb05,chb05_01.edf,8.0,trailing,43,-23.25809663747799,0.7920325996356417,ok,ok,1.9000000000000001,0.0,False,insufficient_intervals,0,0,,14,12,True
chb05,chb05_01.edf,8.0,trailing,44,-27.17280830671559,0.5742606685832546,ok,ok,1.9000000000000001,0.0,True,ok,6,5,0.7555394635227161,11,9,True
chb05,chb05_01.edf,1808.0,trailing,42,-18.524860077647883,0.9098936057367173,ok,ok,1.7000000000000002,0.0,False,insufficient_intervals,0,0,,13,10,True
chb05,chb05_01.edf,1808.0,trailing,43,-21.751990801354896,0.8619201811912606,ok,ok,1.7000000000000002,0.0,False,insufficient_intervals,0,0,,15,13,True
chb05,chb05_01.edf,1808.0,trailing,44,-23.321968969128008,0.5848473317658375,ok,ok,1.7000000000000002,0.0,True,ok,6,5,0.7560898230640315,11,10,True
chb05,chb05_01.edf,3604.0,trailing,42,-15.6400682391101,0.9394745874762352,ok,ok,2.1,0.0,False,insufficient_intervals,0,0,,13,11,True
chb05,chb05_01.edf,3604.0,trailing,43,-18.38991106857407,0.8159668753880298,ok,ok,2.1,0.0,False,insufficient_intervals,0,0,,15,13,True
chb05,chb05_01.edf,3604.0,trailing,44,-23.97267668120926,0.5832620601751652,ok,ok,2.1,0.0,True,ok,6,5,0.7555394635227161,11,10,True
chb05,chb05_02.edf,4.0,centered,42,-11.351559842410035,0.9904543037261029,ok,ok,1.5,0.0,False,insufficient_intervals,0,0,,12,10,True
chb05,chb05_02.edf,4.0,centered,43,-15.53305592828385,0.7878754258007417,ok,ok,1.5,0.0,False,insufficient_intervals,0,0,,14,12,True
chb05,chb05_02.edf,4.0,centered,44,-17.237212624638843,0.5817771800451791,ok,ok,1.5,0.0,True,ok,6,5,0.7598945790373981,11,10,True
chb05,chb05_02.edf,1800.0,centered,42,-10.732743294680072,0.9589743574261135,ok,ok,1.0,0.0,False,insufficient_intervals,0,0,,14,11,True
chb05,chb05_02.edf,1800.0,centered,43,-7.8278896113104,0.7927189995908239,ok,ok,1.0,0.0,False,insufficient_intervals,0,0,,14,12,True
chb05,chb05_02.edf,1800.0,centered,44,-15.865965668881532,1.1303575957152228,ok,ok,1.0,0.0,True,ok,6,5,0.7582430778110462,13,11,True
chb05,chb05_02.edf,3592.0,centered,42,-17.68682526933658,0.9605984988978551,ok,ok,1.7000000000000002,0.0,False,insufficient_intervals,0,0,,14,12,True
chb05,chb05_02.edf,3592.0,centered,43,-19.072099997183216,0.8210858044271492,ok,ok,1.7000000000000002,0.0,False,insufficient_intervals,0,0,,15,13,True
chb05,chb05_02.edf,3592.0,centered,44,-22.833340307451724,0.51409728914656,ok,ok,1.7000000000000002,0.0,True,ok,6,5,0.7558913550897459,10,8,True
chb05,chb05_02.edf,8.0,trailing,42,-13.63719585212677,0.9410327482226797,ok,ok,1.1,0.0,False,insufficient_intervals,0,0,,14,11,True
chb05,chb05_02.edf,8.0,trailing,43,-7.6189406220776,0.8839923177751691,ok,ok,1.1,0.0,False,insufficient_intervals,0,0,,16,14,True
chb05,chb05_02.edf,8.0,trailing,44,-14.194681717938508,0.5848473317658375,ok,ok,1.1,0.0,True,ok,6,5,0.759514269360076,11,10,True
chb05,chb05_02.edf,1804.0,trailing,42,-9.618839629546134,1.0782762389770337,ok,ok,1.0,0.0,False,insufficient_intervals,0,0,,14,11,True
chb05,chb05_02.edf,1804.0,trailing,43,-7.290206701839801,0.7299892257406878,ok,ok,1.0,0.0,False,insufficient_intervals,0,0,,13,11,True
chb05,chb05_02.edf,1804.0,trailing,44,-15.220157807392313,0.9184733786882092,ok,ok,1.0,0.0,True,ok,6,5,0.7580721719481965,12,10,True
chb05,chb05_02.edf,3596.0,trailing,42,-15.847120759747355,0.9420314153062733,ok,ok,1.7000000000000002,0.0,False,insufficient_intervals,0,0,,14,11,True
chb05,chb05_02.edf,3596.0,trailing,43,-18.117739660684876,0.7983438561246213,ok,ok,1.7000000000000002,0.0,False,insufficient_intervals,0,0,,14,12,True
chb05,chb05_02.edf,3596.0,trailing,44,-20.73406561241626,0.5848473317658375,ok,ok,1.7000000000000002,0.0,True,ok,6,5,0.7622883520285549,11,10,True
chb05,chb05_03.edf,4.0,centered,42,-17.13602568372781,0.9407179254251196,ok,ok,2.5,0.0,False,insufficient_intervals,0,0,,13,11,True
chb05,chb05_03.edf,4.0,centered,43,-13.718596379781975,0.8705017205826545,ok,ok,2.5,0.0,False,insufficient_intervals,0,0,,16,14,True
chb05,chb05_03.edf,4.0,centered,44,-17.058652042344114,0.5848473317658375,ok,ok,2.5,0.0,True,ok,6,5,0.7608158014525248,11,10,True
chb05,chb05_03.edf,1800.0,centered,42,-11.706275345851687,0.9605984988978551,ok,ok,3.2,0.0,False,insufficient_intervals,0,0,,14,12,True
chb05,chb05_03.edf,1800.0,centered,43,-16.81745503083886,0.7927189995908239,ok,ok,3.2,0.0,False,insufficient_intervals,0,0,,14,12,True
chb05,chb05_03.edf,1800.0,centered,44,-10.917006675869601,0.5832620601751652,ok,ok,3.2,0.0,True,ok,6,5,0.7563250410841427,11,10,True
chb05,chb05_03.edf,3592.0,centered,42,-15.58808109459577,0.8846135701161248,ok,ok,3.3000000000000003,0.0,False,insufficient_intervals,0,0,,12,10,True
chb05,chb05_03.edf,3592.0,centered,43,-15.619816751525965,0.7927189995908239,ok,ok,3.3000000000000003,0.0,False,insufficient_intervals,0,0,,14,12,True
chb05,chb05_03.edf,3592.0,centered,44,-9.425445620207242,0.5848473317658375,ok,ok,3.3000000000000003,0.0,True,ok,6,5,0.7565097053092892,11,10,True
chb05,chb05_03.edf,8.0,trailing,42,-18.43375815660517,0.9407179254251196,ok,ok,2.5,0.0,False,insufficient_intervals,0,0,,13,11,True
chb05,chb05_03.edf,8.0,trailing,43,-14.245632178929387,0.7927189995908239,ok,ok,2.5,0.0,False,insufficient_intervals,0,0,,14,12,True
chb05,chb05_03.edf,8.0,trailing,44,-19.868736143509246,0.5697623334788614,ok,ok,2.5,0.0,True,ok,6,5,0.7572960273799565,11,9,True
chb05,chb05_03.edf,1804.0,trailing,42,-14.720378103273415,0.9345659351916152,ok,ok,3.2,0.0,False,insufficient_intervals,0,0,,13,11,True
chb05,chb05_03.edf,1804.0,trailing,43,-17.077919294270984,0.7927189995908239,ok,ok,3.2,0.0,False,insufficient_intervals,0,0,,14,12,True
chb05,chb05_03.edf,1804.0,trailing,44,-14.478126109413791,0.6439827479133707,ok,ok,3.2,0.0,True,ok,6,5,0.7555394635227161,12,11,True
chb05,chb05_03.edf,3596.0,trailing,42,-12.699710393247496,0.9828370295862067,ok,ok,3.4000000000000004,0.0,False,insufficient_intervals,0,0,,14,12,True
chb05,chb05_03.edf,3596.0,trailing,43,-16.35743266000709,0.7927189995908239,ok,ok,3.4000000000000004,0.0,False,insufficient_intervals,0,0,,14,12,True
chb05,chb05_03.edf,3596.0,trailing,44,-7.126082013657157,0.5744436673430846,ok,ok,3.4000000000000004,0.0,True,ok,6,5,0.7566157887477064,11,10,True
chb05,chb05_06.edf,4.0,centered,42,-11.727008375987936,0.9096060179244341,ok,ok,1.2000000000000002,0.0,False,insufficient_intervals,0,0,,13,11,True
chb05,chb05_06.edf,4.0,centered,43,-13.353064068944011,0.8619201811912605,ok,ok,1.2000000000000002,0.0,False,insufficient_intervals,0,0,,15,13,True
chb05,chb05_06.edf,4.0,centered,44,-16.026601703214123,0.5234424491170963,ok,ok,1.2000000000000002,0.0,True,ok,6,5,0.7572576810788496,10,8,True
chb05,chb05_06.edf,1800.0,centered,42,-15.094761347209142,0.9048678373129969,ok,ok,1.0,0.0,False,insufficient_intervals,0,0,,12,9,True
chb05,chb05_06.edf,1800.0,centered,43,-11.715494414715439,0.9101721060493904,ok,ok,1.0,0.0,False,insufficient_intervals,0,0,,17,15,True
chb05,chb05_06.edf,1800.0,centered,44,-19.308346400694646,0.5905685842667504,ok,ok,1.0,0.0,True,ok,6,5,0.7574925972349185,11,10,True
chb05,chb05_06.edf,3592.0,centered,42,-4.313663055161136,1.007403713078456,ok,ok,1.0,0.0,False,insufficient_intervals,0,0,,14,12,True
chb05,chb05_06.edf,3592.0,centered,43,-2.195537764049437,0.8047734452923356,ok,ok,1.0,0.0,False,insufficient_intervals,0,0,,14,12,True
chb05,chb05_06.edf,3592.0,centered,44,-10.963427357136137,0.9593657047323448,ok,ok,1.0,0.0,True,ok,6,5,0.763864219439724,11,9,True
chb05,chb05_06.edf,8.0,trailing,42,-12.03277380338911,0.9649347908740861,ok,ok,1.2000000000000002,0.0,False,insufficient_intervals,0,0,,14,11,True
chb05,chb05_06.edf,8.0,trailing,43,-11.316710031935154,0.8943012260446905,ok,ok,1.2000000000000002,0.0,False,insufficient_intervals,0,0,,17,15,True
chb05,chb05_06.edf,8.0,trailing,44,-14.319926506463418,0.5801835197482597,ok,ok,1.2000000000000002,0.0,True,ok,6,5,0.7560898230640315,11,10,True
chb05,chb05_06.edf,1804.0,trailing,42,-15.553518777383093,0.861760499542456,ok,ok,1.0,0.0,False,insufficient_intervals,0,0,,12,10,True
chb05,chb05_06.edf,1804.0,trailing,43,-12.714445470070189,0.7927189995908239,ok,ok,1.0,0.0,False,insufficient_intervals,2,1,,14,12,True
chb05,chb05_06.edf,1804.0,trailing,44,-20.185118709011554,0.5214525148879743,ok,ok,1.0,0.0,True,ok,6,5,0.7465059572025305,10,8,True
chb05,chb05_06.edf,3596.0,trailing,42,-7.482684056666644,0.983905512019438,ok,ok,1.4000000000000001,0.0,False,insufficient_intervals,0,0,,15,12,True
chb05,chb05_06.edf,3596.0,trailing,43,-12.536921946894324,0.7559256423185046,ok,ok,1.4000000000000001,0.0,False,insufficient_intervals,0,0,,14,12,True
chb05,chb05_06.edf,3596.0,trailing,44,-13.310093465760515,0.5832620601751652,ok,ok,1.4000000000000001,0.0,True,ok,6,5,0.7609209406661214,11,10,True
chb05,chb05_10.edf,4.0,centered,42,-11.232511293544649,0.9394745874762352,ok,ok,1.3,0.0,False,insufficient_intervals,0,0,,13,11,True
chb05,chb05_10.edf,4.0,centered,43,-11.70573533900879,0.7927189995908239,ok,ok,1.3,0.0,False,insufficient_intervals,0,0,,14,12,True
chb05,chb05_10.edf,4.0,centered,44,-14.57887304655273,0.5832620601751652,ok,ok,1.3,0.0,True,ok,6,5,0.7561452925732451,11,10,True
chb05,chb05_10.edf,1800.0,centered,42,-9.856234169162562,0.9394745874762352,ok,ok,1.3,0.0,False,insufficient_intervals,0,0,,13,11,True
chb05,chb05_10.edf,1800.0,centered,43,-12.29312984583811,0.8831116441420463,ok,ok,1.3,0.0,False,insufficient_intervals,0,0,,15,13,True
chb05,chb05_10.edf,1800.0,centered,44,-15.699883084867277,0.6438162502321447,ok,ok,1.3,0.0,True,ok,6,5,0.756769590998055,12,11,True
chb05,chb05_10.edf,3592.0,centered,42,-9.622447180014435,0.983905512019438,ok,ok,1.3,0.0,False,insufficient_intervals,0,0,,15,12,True
chb05,chb05_10.edf,3592.0,centered,43,-11.694931100214808,0.8839923177751691,ok,ok,1.3,0.0,False,insufficient_intervals,0,0,,16,14,True
chb05,chb05_10.edf,3592.0,centered,44,-14.7844150610565,0.5214525148879743,ok,ok,1.3,0.0,True,ok,6,5,0.7598197117199459,10,8,True
chb05,chb05_10.edf,8.0,trailing,42,-10.48282688935723,0.8568946371721161,ok,ok,1.3,0.0,False,insufficient_intervals,0,0,,12,10,True
chb05,chb05_10.edf,8.0,trailing,43,-13.02652648397782,0.8619201811912605,ok,ok,1.3,0.0,False,insufficient_intervals,0,0,,15,13,True
chb05,chb05_10.edf,8.0,trailing,44,-16.32155179197905,0.5801835197482597,ok,ok,1.3,0.0,True,ok,6,5,0.7545043857244967,11,10,True
chb05,chb05_10.edf,1804.0,trailing,42,-11.951438888663155,1.0123722281616863,ok,ok,1.3,0.0,False,insufficient_intervals,0,0,,14,12,True
chb05,chb05_10.edf,1804.0,trailing,43,-12.741590437031562,0.7886835919486747,ok,ok,1.3,0.0,False,insufficient_intervals,0,0,,14,12,True
chb05,chb05_10.edf,1804.0,trailing,44,-15.836104419595468,0.5214525148879743,ok,ok,1.3,0.0,True,ok,6,5,0.7568249480843213,10,8,True
chb05,chb05_10.edf,3596.0,trailing,42,-11.971556906799956,0.9605984988978551,ok,ok,1.3,0.0,False,insufficient_intervals,0,0,,14,12,True
chb05,chb05_10.edf,3596.0,trailing,43,-14.833704672576781,0.8444763228721186,ok,ok,1.3,0.0,False,insufficient_intervals,0,0,,14,12,True
chb05,chb05_10.edf,3596.0,trailing,44,-17.83028882786939,1.0734509146690363,ok,ok,1.3,0.0,True,ok,6,5,0.7568533506061166,12,11,True
chb05,chb05_13.edf,4.0,centered,42,-9.635910387414853,0.9345659351916152,ok,ok,1.4000000000000001,0.0,False,insufficient_intervals,0,0,,13,11,True
chb05,chb05_13.edf,4.0,centered,43,-17.58176222499739,0.8839923177751691,ok,ok,1.4000000000000001,0.0,False,insufficient_intervals,0,0,,16,14,True
chb05,chb05_13.edf,4.0,centered,44,-17.235881910398938,0.5234424491170963,ok,ok,1.4000000000000001,0.0,True,ok,6,5,0.7601303401649327,10,8,True
chb05,chb05_13.edf,1800.0,centered,42,-23.298371874111076,0.9605984988978551,ok,ok,2.2,0.0,False,insufficient_intervals,0,0,,14,12,True
chb05,chb05_13.edf,1800.0,centered,43,-24.842924156947785,0.8219112817554249,ok,ok,2.2,0.0,False,insufficient_intervals,0,0,,14,13,True
chb05,chb05_13.edf,1800.0,centered,44,-26.923761899455272,0.5807627041740515,ok,ok,2.2,0.0,True,ok,6,5,0.755827867973932,11,9,True
chb05,chb05_13.edf,3592.0,centered,42,-12.135948053465157,0.9287083662466323,ok,ok,1.8,0.0,False,insufficient_intervals,0,0,,14,12,True
chb05,chb05_13.edf,3592.0,centered,43,-16.06942372363528,0.7629587257872755,ok,ok,1.8,0.0,False,insufficient_intervals,0,0,,13,11,True
chb05,chb05_13.edf,3592.0,centered,44,-18.68003811617274,0.5452829084862902,ok,ok,1.8,0.0,True,ok,6,5,0.7609209406661214,10,9,True
chb05,chb05_13.edf,8.0,trailing,42,-11.83869401735598,0.9168986518918317,ok,ok,1.4000000000000001,0.0,False,insufficient_intervals,0,0,,13,11,True
chb05,chb05_13.edf,8.0,trailing,43,-15.837905556133185,0.7977717408741013,ok,ok,1.4000000000000001,0.0,False,insufficient_intervals,0,0,,14,12,True
chb05,chb05_13.edf,8.0,trailing,44,-17.115637710244346,0.5832620601751652,ok,ok,1.4000000000000001,0.0,True,ok,6,5,0.762650480081727,11,10,True
chb05,chb05_13.edf,1804.0,trailing,42,-16.95593663111766,0.9168986518918317,ok,ok,1.7000000000000002,0.0,False,insufficient_intervals,0,0,,13,11,True
chb05,chb05_13.edf,1804.0,trailing,43,-19.710777295605496,0.7999902517900124,ok,ok,1.7000000000000002,0.0,False,insufficient_intervals,0,0,,14,12,True
chb05,chb05_13.edf,1804.0,trailing,44,-22.40211650337766,0.5214525148879743,ok,ok,1.7000000000000002,0.0,True,ok,6,5,0.7560898230640315,10,8,True
chb05,chb05_13.edf,3596.0,trailing,42,-14.061207672026688,1.0036339976325919,ok,ok,1.9000000000000001,0.0,False,insufficient_intervals,0,0,,13,11,True
chb05,chb05_13.edf,3596.0,trailing,43,-19.959197592412565,0.8839923177751691,ok,ok,1.9000000000000001,0.0,False,insufficient_intervals,0,0,,16,14,True
chb05,chb05_13.edf,3596.0,trailing,44,-21.589209044517773,0.5802675057245464,ok,ok,1.9000000000000001,0.0,True,ok,6,5,0.7601303401649327,11,10,True
chb05,chb05_16.edf,4.0,centered,42,-7.74143333271894,0.9782620196767386,ok,ok,1.1,0.0,False,insufficient_intervals,0,0,,14,12,True
chb05,chb05_16.edf,4.0,centered,43,-2.6285614527577703,0.832977061926827,ok,ok,1.1,0.0,False,insufficient_intervals,0,0,,15,13,True
chb05,chb05_16.edf,4.0,centered,44,-9.732997866450887,0.20808665698110085,ok,ok,1.1,0.0,True,ok,6,5,0.7810568443592716,10,9,True
chb05,chb05_16.edf,1800.0,centered,42,-14.767320232852047,0.9098936057367173,ok,ok,1.2000000000000002,0.0,False,insufficient_intervals,0,0,,13,10,True
chb05,chb05_16.edf,1800.0,centered,43,-15.575983050882442,0.7927189995908239,ok,ok,1.2000000000000002,0.0,False,insufficient_intervals,0,0,,14,12,True
chb05,chb05_16.edf,1800.0,centered,44,-18.39072666948279,0.5828441668046792,ok,ok,1.2000000000000002,0.0,True,ok,6,5,0.7677143073973475,11,10,True
chb05,chb05_16.edf,3592.0,centered,42,-16.041223556188406,0.9605984988978551,ok,ok,3.4000000000000004,0.0,False,insufficient_intervals,0,0,,14,12,True
chb05,chb05_16.edf,3592.0,centered,43,-18.77495413868133,0.8210858044271492,ok,ok,3.4000000000000004,0.0,False,insufficient_intervals,0,0,,15,13,True
chb05,chb05_16.edf,3592.0,centered,44,-11.671498839732173,0.5848473317658375,ok,ok,3.4000000000000004,0.0,True,ok,6,5,0.755827867973932,11,10,True
chb05,chb05_16.edf,8.0,trailing,42,-8.52267088214479,0.9605984988978551,ok,ok,1.2000000000000002,0.0,False,insufficient_intervals,0,0,,14,12,True
chb05,chb05_16.edf,8.0,trailing,43,-8.1694024928351,0.862175938895508,ok,ok,1.2000000000000002,0.0,False,insufficient_intervals,0,0,,14,13,True
chb05,chb05_16.edf,8.0,trailing,44,-10.102899275572245,1.073104730411704,ok,ok,1.2000000000000002,0.0,True,ok,6,5,0.7609089651595717,12,11,True
chb05,chb05_16.edf,1804.0,trailing,42,-13.800773247079231,0.9605984988978551,ok,ok,1.2000000000000002,0.0,False,insufficient_intervals,0,0,,14,12,True
chb05,chb05_16.edf,1804.0,trailing,43,-13.23428550188721,0.8190856436926941,ok,ok,1.2000000000000002,0.0,False,insufficient_intervals,0,0,,15,13,True
chb05,chb05_16.edf,1804.0,trailing,44,-16.490131097979315,0.5214525148879743,ok,ok,1.2000000000000002,0.0,True,ok,6,5,0.7615009626626968,10,8,True
chb05,chb05_16.edf,3596.0,trailing,42,-15.675218734609386,0.9441295971918034,ok,ok,3.4000000000000004,0.0,False,insufficient_intervals,0,0,,13,11,True
chb05,chb05_16.edf,3596.0,trailing,43,-17.93272271730431,0.7927189995908239,ok,ok,3.4000000000000004,0.0,False,insufficient_intervals,0,0,,14,12,True
chb05,chb05_16.edf,3596.0,trailing,44,-9.488842341872692,0.5848473317658375,ok,ok,3.4000000000000004,0.0,True,ok,6,5,0.755827867973932,11,10,True
chb05,chb05_17.edf,4.0,centered,42,-17.96973690523132,0.9284795890578182,ok,ok,2.1,0.0,False,insufficient_intervals,0,0,,14,11,True
chb05,chb05_17.edf,4.0,centered,43,-22.444208527572172,0.8839923177751691,ok,ok,2.1,0.0,False,insufficient_intervals,0,0,,16,14,True
chb05,chb05_17.edf,4.0,centered,44,-28.20405739503219,0.5667508492138688,ok,ok,2.1,0.0,True,ok,6,5,0.755827867973932,11,9,True
chb05,chb05_17.edf,1800.0,centered,42,-8.762696211300115,0.8780276365299415,ok,ok,1.2000000000000002,0.0,False,insufficient_intervals,0,0,,11,9,True
chb05,chb05_17.edf,1800.0,centered,43,-9.081955298190731,0.8210858044271492,ok,ok,1.2000000000000002,0.0,False,insufficient_intervals,0,0,,15,13,True
chb05,chb05_17.edf,1800.0,centered,44,-13.615025658296819,0.5214525148879743,ok,ok,1.2000000000000002,0.0,True,ok,6,5,0.7366105444863961,10,8,True
chb05,chb05_17.edf,3592.0,centered,42,-12.008835793790103,0.9098936057367173,ok,ok,1.0,0.0,False,insufficient_intervals,0,0,,13,10,True
chb05,chb05_17.edf,3592.0,centered,43,-11.405293960377708,0.8333120056319393,ok,ok,1.0,0.0,False,insufficient_intervals,0,0,,16,14,True
chb05,chb05_17.edf,3592.0,centered,44,-19.82559802476911,0.5801835197482597,ok,ok,1.0,0.0,True,ok,6,5,0.7644294068001275,11,10,True
chb05,chb05_17.edf,8.0,trailing,42,-13.495208322494783,0.9905483804789798,ok,ok,2.0,0.0,False,insufficient_intervals,0,0,,15,12,True
chb05,chb05_17.edf,8.0,trailing,43,-19.621394097142353,0.7927189995908239,ok,ok,2.0,0.0,False,insufficient_intervals,0,0,,14,12,True
chb05,chb05_17.edf,8.0,trailing,44,-24.53390488082139,0.5742606685832546,ok,ok,2.0,0.0,True,ok,6,5,0.7572960273799565,11,9,True
chb05,chb05_17.edf,1804.0,trailing,42,-8.889379293795326,0.9376083722701001,ok,ok,1.2000000000000002,0.0,False,insufficient_intervals,0,0,,13,11,True
chb05,chb05_17.edf,1804.0,trailing,43,-9.749814922003603,0.7919330569415418,ok,ok,1.2000000000000002,0.0,False,insufficient_intervals,0,0,,13,11,True
chb05,chb05_17.edf,1804.0,trailing,44,-13.475222966923766,0.5214525148879743,ok,ok,1.2000000000000002,0.0,True,ok,6,5,0.7593529611165156,10,8,True
chb05,chb05_17.edf,3596.0,trailing,42,-12.646674817071164,0.9062277067811949,ok,ok,1.0,0.0,False,insufficient_intervals,0,0,,13,10,True
chb05,chb05_17.edf,3596.0,trailing,43,-12.114940205556188,0.7927189995908239,ok,ok,1.0,0.0,False,insufficient_intervals,0,0,,14,12,True
chb05,chb05_17.edf,3596.0,trailing,44,-20.557338483094213,0.5744436673430846,ok,ok,1.0,0.0,True,ok,6,5,0.7694423664548565,11,10,True
chb05,chb05_22.edf,4.0,centered,42,-21.300510865409414,0.9671271878788834,ok,ok,2.6,0.0,False,insufficient_intervals,0,0,,14,12,True
chb05,chb05_22.edf,4.0,centered,43,-18.610821537494665,0.7919743322598782,ok,ok,2.6,0.0,False,insufficient_intervals,0,0,,14,12,True
chb05,chb05_22.edf,4.0,centered,44,-18.44091102922685,0.5817771800451791,ok,ok,2.6,0.0,True,ok,6,5,0.7566157887477064,11,10,True
chb05,chb05_22.edf,1800.0,centered,42,-12.645923002029118,0.9394745874762352,ok,ok,1.1,0.0,False,insufficient_intervals,0,0,,13,11,True
chb05,chb05_22.edf,1800.0,centered,43,-5.754335222200998,0.8406996131575822,ok,ok,1.1,0.0,False,insufficient_intervals,0,0,,14,12,True
chb05,chb05_22.edf,1800.0,centered,44,-11.908376906025042,1.0734509146690363,ok,ok,1.1,0.0,True,ok,6,5,0.7565255453594025,12,11,True
chb05,chb05_22.edf,3592.0,centered,42,-12.040675787148762,0.9037170373429898,ok,ok,1.4000000000000001,0.0,False,insufficient_intervals,0,0,,13,11,True
chb05,chb05_22.edf,3592.0,centered,43,-17.199842714417507,0.7847277650936122,ok,ok,1.4000000000000001,0.0,False,insufficient_intervals,0,0,,13,12,True
chb05,chb05_22.edf,3592.0,centered,44,-17.522080792576176,1.129563226353179,ok,ok,1.4000000000000001,0.0,True,ok,6,5,0.7598945790373981,13,11,True
chb05,chb05_22.edf,8.0,trailing,42,-17.538198610649246,0.9345659351916152,ok,ok,2.6,0.0,False,insufficient_intervals,0,0,,13,11,True
chb05,chb05_22.edf,8.0,trailing,43,-15.204283981872813,0.8371240077198778,ok,ok,2.6,0.0,False,insufficient_intervals,0,0,,14,12,True
chb05,chb05_22.edf,8.0,trailing,44,-18.332009206118492,0.5780641854706564,ok,ok,2.6,0.0,True,ok,6,5,0.7601303401649327,11,9,True
chb05,chb05_22.edf,1804.0,trailing,42,-8.387385268284895,1.074565052622041,ok,ok,1.1,0.0,False,insufficient_intervals,0,0,,14,11,True
chb05,chb05_22.edf,1804.0,trailing,43,-1.3839947693574353,1.1765996860035626,ok,ok,1.1,0.0,False,insufficient_intervals,0,0,,13,12,True
chb05,chb05_22.edf,1804.0,trailing,44,-7.608184469058863,0.5848473317658375,ok,ok,1.1,0.0,True,ok,6,5,0.7511918631836252,11,10,True
chb05,chb05_22.edf,3596.0,trailing,42,-7.54579585558909,0.9345659351916152,ok,ok,1.4000000000000001,0.0,False,insufficient_intervals,0,0,,13,11,True
chb05,chb05_22.edf,3596.0,trailing,43,-13.824191079079498,0.771614596736541,ok,ok,1.4000000000000001,0.0,False,insufficient_intervals,0,0,,14,12,True
chb05,chb05_22.edf,3596.0,trailing,44,-14.40808869382569,0.5214525148879743,ok,ok,1.4000000000000001,0.0,True,ok,6,5,0.7601303401649327,10,8,True
chb08,chb08_02.edf,4.0,centered,42,-8.125755732599409,0.8926377355864653,ok,ok,1.4000000000000001,0.0,False,insufficient_intervals,0,0,,13,11,True
chb08,chb08_02.edf,4.0,centered,43,-13.884272951920405,0.7927189995908239,ok,ok,1.4000000000000001,0.0,False,insufficient_intervals,0,0,,14,12,True
chb08,chb08_02.edf,4.0,centered,44,-13.944387533749232,0.23071188120571898,ok,ok,1.4000000000000001,0.0,True,ok,6,5,0.7573092137389845,10,9,True
chb08,chb08_02.edf,1800.0,centered,42,-14.284250682742034,0.9895343468618608,ok,ok,1.1,0.0,False,insufficient_intervals,0,0,,14,12,True
chb08,chb08_02.edf,1800.0,centered,43,-8.732584185998487,0.8416245845316441,ok,ok,1.1,0.0,False,insufficient_intervals,0,0,,16,14,True
chb08,chb08_02.edf,1800.0,centered,44,-15.85444247878271,0.5801835197482597,ok,ok,1.1,0.0,True,ok,6,5,0.7639000286153749,11,10,True
chb08,chb08_02.edf,3592.0,centered,42,-11.740054075801153,0.9778220772824413,ok,ok,1.0,0.0,False,insufficient_intervals,0,0,,13,10,True
chb08,chb08_02.edf,3592.0,centered,43,-8.025422113654734,0.8416245845316441,ok,ok,1.0,0.0,False,insufficient_intervals,0,0,,16,14,True
chb08,chb08_02.edf,3592.0,centered,44,-17.038639236927743,0.6506077170562242,ok,ok,1.0,0.0,True,ok,6,5,0.7579878732280245,12,11,True
chb08,chb08_02.edf,8.0,trailing,42,-7.122855521257321,0.9345659351916152,ok,ok,1.4000000000000001,0.0,False,insufficient_intervals,0,0,,13,11,True
chb08,chb08_02.edf,8.0,trailing,43,-12.646496797772503,0.7927189995908239,ok,ok,1.4000000000000001,0.0,False,insufficient_intervals,0,0,,14,12,True
chb08,chb08_02.edf,8.0,trailing,44,-13.243821665335005,0.637709335508499,ok,ok,1.4000000000000001,0.0,True,ok,6,5,0.7562852689579034,12,11,True
chb08,chb08_02.edf,1804.0,trailing,42,-17.03193010271632,1.0291464631086753,ok,ok,2.1,0.0,False,insufficient_intervals,0,0,,14,11,True
chb08,chb08_02.edf,1804.0,trailing,43,-20.082665841720335,0.8839923177751691,ok,ok,2.1,0.0,False,insufficient_intervals,0,0,,16,14,True
chb08,chb08_02.edf,1804.0,trailing,44,-24.922519960686834,0.5817771800451791,ok,ok,2.1,0.0,True,ok,6,5,0.7566157887477064,11,10,True
chb08,chb08_02.edf,3596.0,trailing,42,-7.875554137285485,0.9394745874762352,ok,ok,1.0,0.0,False,insufficient_intervals,0,0,,13,11,True
chb08,chb08_02.edf,3596.0,trailing,43,-5.536184319629407,0.8839405798300467,ok,ok,1.0,0.0,False,insufficient_intervals,0,0,,14,12,True
chb08,chb08_02.edf,3596.0,trailing,44,-13.55139845592397,0.5234424491170963,ok,ok,1.0,0.0,True,ok,6,5,0.7604568221470703,10,8,True
chb08,chb08_03.edf,4.0,centered,42,-8.194495355037704,0.8846135701161248,ok,ok,1.0,0.0,False,insufficient_intervals,0,0,,12,10,True
chb08,chb08_03.edf,4.0,centered,43,-7.112207410052049,0.8930337779060793,ok,ok,1.0,0.0,False,insufficient_intervals,0,0,,16,14,True
chb08,chb08_03.edf,4.0,centered,44,-14.084820889867267,0.5482307845372576,ok,ok,1.0,0.0,True,ok,6,5,0.7581282885858767,10,9,True
chb08,chb08_03.edf,1800.0,centered,42,-3.8771719141711296,1.046213651061579,ok,ok,1.0,0.0,False,insufficient_intervals,0,0,,13,10,True
chb08,chb08_03.edf,1800.0,centered,43,-1.2696225593296093,0.7927189995908239,ok,ok,1.0,0.0,False,insufficient_intervals,2,1,,14,12,True
chb08,chb08_03.edf,1800.0,centered,44,-9.095492492068908,1.0734509146690363,ok,ok,1.0,0.0,True,ok,6,5,0.7654734522808052,12,11,True
chb08,chb08_03.edf,3592.0,centered,42,-12.559751047523292,0.983905512019438,ok,ok,1.3,0.0,False,insufficient_intervals,0,0,,15,12,True
chb08,chb08_03.edf,3592.0,centered,43,-14.14703643419958,0.7927189995908239,ok,ok,1.3,0.0,False,insufficient_intervals,0,0,,14,12,True
chb08,chb08_03.edf,3592.0,centered,44,-17.179026553105142,0.5234424491170963,ok,ok,1.3,0.0,True,ok,6,5,0.7603002028817737,10,8,True
chb08,chb08_03.edf,8.0,trailing,42,-6.311873027205385,0.9783342122126096,ok,ok,1.0,0.0,False,insufficient_intervals,0,0,,11,10,True
chb08,chb08_03.edf,8.0,trailing,43,-5.131340852246198,0.8210858044271492,ok,ok,1.0,0.0,False,insufficient_intervals,0,0,,15,13,True
chb08,chb08_03.edf,8.0,trailing,44,-12.94030720330721,0.1663547915996955,ok,ok,1.0,0.0,True,ok,6,5,0.925926214114766,10,8,True
chb08,chb08_03.edf,1804.0,trailing,42,-5.470146703308517,0.9436301402414807,ok,ok,1.0,0.0,False,insufficient_intervals,0,0,,13,11,True
chb08,chb08_03.edf,1804.0,trailing,43,-3.047626511436908,0.8360736427027353,ok,ok,1.0,0.0,False,insufficient_intervals,0,0,,15,13,True
chb08,chb08_03.edf,1804.0,trailing,44,-10.56854857276463,0.5214525148879743,ok,ok,1.0,0.0,True,ok,6,5,0.757428667065189,10,8,True
chb08,chb08_03.edf,3596.0,trailing,42,-12.469383505634108,0.9394745874762352,ok,ok,1.4000000000000001,0.0,False,insufficient_intervals,0,0,,13,11,True
chb08,chb08_03.edf,3596.0,trailing,43,-19.351007354829285,0.8831116441420463,ok,ok,1.4000000000000001,0.0,False,insufficient_intervals,0,0,,15,13,True
chb08,chb08_03.edf,3596.0,trailing,44,-20.22783919399911,0.5801835197482597,ok,ok,1.4000000000000001,0.0,True,ok,6,5,0.7559392424501804,11,10,True
chb08,chb08_05.edf,4.0,centered,42,-18.42474292226631,1.0036339976325919,ok,ok,1.8,0.0,False,insufficient_intervals,0,0,,13,11,True
chb08,chb08_05.edf,4.0,centered,43,-21.47443693983531,0.8839923177751691,ok,ok,1.8,0.0,False,insufficient_intervals,0,0,,16,14,True
chb08,chb08_05.edf,4.0,centered,44,-23.531248307710563,0.5214525148879743,ok,ok,1.8,0.0,True,ok,6,5,0.755698556951713,10,8,True
chb08,chb08_05.edf,1800.0,centered,42,-11.784341550652204,0.9096060179244341,ok,ok,1.4000000000000001,0.0,False,insufficient_intervals,0,0,,13,11,True
chb08,chb08_05.edf,1800.0,centered,43,-17.45738806183663,0.8416245845316441,ok,ok,1.4000000000000001,0.0,False,insufficient_intervals,0,0,,16,14,True
chb08,chb08_05.edf,1800.0,centered,44,-18.954920902672498,0.5190966891919759,ok,ok,1.4000000000000001,0.0,True,ok,6,5,0.755827867973932,10,8,True
chb08,chb08_05.edf,3592.0,centered,42,-28.5538223618114,1.013630979486107,ok,ok,3.6,0.0,False,insufficient_intervals,0,0,,14,12,True
chb08,chb08_05.edf,3592.0,centered,43,-32.1565671980535,0.8459879323383507,ok,ok,3.6,0.0,False,insufficient_intervals,0,0,,15,13,True
chb08,chb08_05.edf,3592.0,centered,44,-27.685051944070945,0.5848473317658375,ok,ok,3.6,0.0,True,ok,6,5,0.755827867973932,11,10,True
chb08,chb08_05.edf,8.0,trailing,42,-19.445607347404284,0.9394745874762352,ok,ok,1.8,0.0,False,insufficient_intervals,0,0,,13,11,True
chb08,chb08_05.edf,8.0,trailing,43,-21.432843386680165,0.7977717408741013,ok,ok,1.8,0.0,False,insufficient_intervals,0,0,,14,12,True
chb08,chb08_05.edf,8.0,trailing,44,-24.94233152975837,0.5848473317658375,ok,ok,1.8,0.0,True,ok,6,5,0.7550800950389052,11,10,True
chb08,chb08_05.edf,1804.0,trailing,42,-13.88243492534455,0.8846135701161248,ok,ok,1.4000000000000001,0.0,False,insufficient_intervals,0,0,,12,10,True
chb08,chb08_05.edf,1804.0,trailing,43,-17.154095135313725,0.8210858044271492,ok,ok,1.4000000000000001,0.0,False,insufficient_intervals,0,0,,15,13,True
chb08,chb08_05.edf,1804.0,trailing,44,-18.509327189265125,0.5848473317658375,ok,ok,1.4000000000000001,0.0,True,ok,6,5,0.7625235640954785,11,10,True
chb08,chb08_05.edf,3596.0,trailing,42,-30.818724226760093,0.9605984988978551,ok,ok,3.6,0.0,False,insufficient_intervals,0,0,,14,12,True
chb08,chb08_05.edf,3596.0,trailing,43,-35.87293038047005,0.8371240077198778,ok,ok,3.6,0.0,False,insufficient_intervals,0,0,,14,12,True
chb08,chb08_05.edf,3596.0,trailing,44,-30.90431882552144,0.5214525148879743,ok,ok,3.6,0.0,True,ok,6,5,0.7566157887477064,10,8,True
chb08,chb08_10.edf,4.0,centered,42,-11.39492088218161,1.0014128025369022,ok,ok,1.4000000000000001,0.0,False,insufficient_intervals,0,0,,14,12,True
chb08,chb08_10.edf,4.0,centered,43,-17.19798863420699,0.792341414140958,ok,ok,1.4000000000000001,0.0,False,insufficient_intervals,0,0,,13,12,True
chb08,chb08_10.edf,4.0,centered,44,-17.80728877292523,0.6511018723167221,ok,ok,1.4000000000000001,0.0,True,ok,6,5,0.7636545755681319,12,11,True
chb08,chb08_10.edf,1800.0,centered,42,-8.371242706949431,0.9599543595386388,ok,ok,1.6,0.0,False,insufficient_intervals,0,0,,14,11,True
chb08,chb08_10.edf,1800.0,centered,43,-12.736872672725802,0.7927189995908239,ok,ok,1.6,0.0,False,insufficient_intervals,0,0,,14,12,True
chb08,chb08_10.edf,1800.0,centered,44,-15.481873822082505,0.5817771800451791,ok,ok,1.6,0.0,True,ok,6,5,0.7609209406661214,11,10,True
chb08,chb08_10.edf,3592.0,centered,42,-9.310794648898568,0.8780276365299415,ok,ok,1.0,0.0,False,insufficient_intervals,0,0,,11,9,True
chb08,chb08_10.edf,3592.0,centered,43,-6.9424722330014355,0.9196979174000831,ok,ok,1.0,0.0,False,insufficient_intervals,0,0,,14,12,True
chb08,chb08_10.edf,3592.0,centered,44,-14.673577489621332,0.5848473317658375,ok,ok,1.0,0.0,True,ok,6,5,0.7540625185535959,11,10,True
chb08,chb08_10.edf,8.0,trailing,42,-10.319937898157896,0.9514620792882313,ok,ok,1.4000000000000001,0.0,False,insufficient_intervals,0,0,,15,12,True
chb08,chb08_10.edf,8.0,trailing,43,-16.767494424472897,0.8619201811912605,ok,ok,1.4000000000000001,0.0,False,insufficient_intervals,0,0,,15,13,True
chb08,chb08_10.edf,8.0,trailing,44,-17.05348122993371,0.5214525148879743,ok,ok,1.4000000000000001,0.0,True,ok,6,5,0.7601303401649327,10,8,True
chb08,chb08_10.edf,1804.0,trailing,42,-7.9931860464628866,1.0363890354306244,ok,ok,1.6,0.0,False,insufficient_intervals,0,0,,14,11,True
chb08,chb08_10.edf,1804.0,trailing,43,-14.06474344101334,0.7927189995908239,ok,ok,1.6,0.0,False,insufficient_intervals,0,0,,14,12,True
chb08,chb08_10.edf,1804.0,trailing,44,-14.970694965971985,0.5214525148879743,ok,ok,1.6,0.0,True,ok,6,5,0.7572960273799565,10,8,True
chb08,chb08_10.edf,3596.0,trailing,42,-9.104240465842402,0.9671271878788834,ok,ok,1.5,0.0,False,insufficient_intervals,0,0,,14,12,True
chb08,chb08_10.edf,3596.0,trailing,43,-16.034604149347334,0.7927189995908239,ok,ok,1.5,0.0,False,insufficient_intervals,0,0,,14,12,True
chb08,chb08_10.edf,3596.0,trailing,44,-16.819762216977576,0.5758877151936187,ok,ok,1.5,0.0,True,ok,6,5,0.7566157887477064,11,9,True
chb08,chb08_11.edf,4.0,centered,42,-10.171240015125655,0.8846135701161248,ok,ok,1.4000000000000001,0.0,False,insufficient_intervals,0,0,,12,10,True
chb08,chb08_11.edf,4.0,centered,43,-16.01938453718165,0.8444763228721186,ok,ok,1.4000000000000001,0.0,False,insufficient_intervals,0,0,,14,12,True
chb08,chb08_11.edf,4.0,centered,44,-16.348371591908432,0.5214525148879743,ok,ok,1.4000000000000001,0.0,True,ok,6,5,0.7603865425314212,10,8,True
chb08,chb08_11.edf,1800.0,centered,42,-10.616382060810118,0.8809953131673368,ok,ok,1.6,0.0,False,insufficient_intervals,0,0,,12,10,True
chb08,chb08_11.edf,1800.0,centered,43,-16.332788904604254,0.8210858044271492,ok,ok,1.6,0.0,False,insufficient_intervals,0,0,,15,13,True
chb08,chb08_11.edf,1800.0,centered,44,-18.57207722063307,0.6361102490114945,ok,ok,1.6,0.0,True,ok,6,5,0.762870378512425,12,11,True
chb08,chb08_11.edf,3592.0,centered,42,-14.449706843804037,0.924021699675738,ok,ok,1.1,0.0,False,insufficient_intervals,0,0,,12,9,True
chb08,chb08_11.edf,3592.0,centered,43,-8.515649337149949,0.8339244768530796,ok,ok,1.1,0.0,False,insufficient_intervals,2,1,,14,12,True
chb08,chb08_11.edf,3592.0,centered,44,-14.883044162044325,0.9896528962337129,ok,ok,1.1,0.0,True,ok,8,7,0.7418449192202344,11,9,True
chb08,chb08_11.edf,8.0,trailing,42,-13.285618822629152,0.9701760823717316,ok,ok,1.1,0.0,False,insufficient_intervals,0,0,,14,11,True
chb08,chb08_11.edf,8.0,trailing,43,-5.941344336634486,0.9055099847374729,ok,ok,1.1,0.0,False,insufficient_intervals,0,0,,16,14,True
chb08,chb08_11.edf,8.0,trailing,44,-12.969319744125947,0.5817771800451791,ok,ok,1.1,0.0,True,ok,6,5,0.7386718741464026,11,10,True
chb08,chb08_11.edf,1804.0,trailing,42,-13.685650754424293,0.9455946428090657,ok,ok,1.6,0.0,False,insufficient_intervals,0,0,,13,11,True
chb08,chb08_11.edf,1804.0,trailing,43,-18.660019192499696,0.8210858044271492,ok,ok,1.6,0.0,False,insufficient_intervals,0,0,,15,13,True
chb08,chb08_11.edf,1804.0,trailing,44,-19.84399550908902,0.5234424491170963,ok,ok,1.6,0.0,True,ok,6,5,0.7563250410841427,10,8,True
chb08,chb08_11.edf,3596.0,trailing,42,-11.554355514104564,1.067304932266654,ok,ok,1.1,0.0,False,insufficient_intervals,0,0,,14,13,True
chb08,chb08_11.edf,3596.0,trailing,43,-5.200443715723781,0.7927189995908239,ok,ok,1.1,0.0,False,insufficient_intervals,0,0,,14,12,True
chb08,chb08_11.edf,3596.0,trailing,44,-12.108533876603953,0.18172949352866066,ok,ok,1.1,0.0,True,ok,6,5,0.9267030116312308,11,9,True
chb08,chb08_13.edf,4.0,centered,42,-8.992480719391718,0.9605984988978551,ok,ok,1.6,0.0,False,insufficient_intervals,0,0,,14,12,True
chb08,chb08_13.edf,4.0,centered,43,-15.67336289386457,0.8210858044271492,ok,ok,1.6,0.0,False,insufficient_intervals,0,0,,15,13,True
chb08,chb08_13.edf,4.0,centered,44,-16.50806205449124,0.5758877151936187,ok,ok,1.6,0.0,True,ok,6,5,0.7555394635227161,11,9,True
chb08,chb08_13.edf,1800.0,centered,42,-18.704405229044596,0.9605984988978551,ok,ok,2.1,0.0,False,insufficient_intervals,0,0,,14,12,True
chb08,chb08_13.edf,1800.0,centered,43,-25.059824682493264,0.8619201811912605,ok,ok,2.1,0.0,False,insufficient_intervals,0,0,,15,13,True
chb08,chb08_13.edf,1800.0,centered,44,-27.931345342734843,0.6806424684296691,ok,ok,2.1,0.0,True,ok,6,5,0.755827867973932,12,10,True
chb08,chb08_13.edf,3592.0,centered,42,-13.631405615331792,0.946507448929672,ok,ok,1.2000000000000002,0.0,False,insufficient_intervals,0,0,,12,10,True
chb08,chb08_13.edf,3592.0,centered,43,-15.060580340119941,0.8619201811912605,ok,ok,1.2000000000000002,0.0,False,insufficient_intervals,0,0,,15,13,True
chb08,chb08_13.edf,3592.0,centered,44,-18.803105064828095,0.5214525148879743,ok,ok,1.2000000000000002,0.0,True,ok,6,5,0.7596068974958187,10,8,True
chb08,chb08_13.edf,8.0,trailing,42,-14.914297790649213,0.9294917436391709,ok,ok,2.0,0.0,False,insufficient_intervals,0,0,,14,11,True
chb08,chb08_13.edf,8.0,trailing,43,-21.22090293143409,0.8482895051706254,ok,ok,2.0,0.0,False,insufficient_intervals,0,0,,15,13,True
chb08,chb08_13.edf,8.0,trailing,44,-24.050444092774697,0.5801835197482597,ok,ok,2.0,0.0,True,ok,6,5,0.7567208787149138,11,10,True
chb08,chb08_13.edf,1804.0,trailing,42,-19.153908662529815,0.984947496190048,ok,ok,2.1,0.0,False,insufficient_intervals,0,0,,15,12,True
chb08,chb08_13.edf,1804.0,trailing,43,-23.95263140157501,0.8449403650523396,ok,ok,2.1,0.0,False,insufficient_intervals,0,0,,13,12,True
chb08,chb08_13.edf,1804.0,trailing,44,-28.011298617564982,0.5214525148879743,ok,ok,2.1,0.0,True,ok,6,5,0.7601303401649327,10,8,True
chb08,chb08_13.edf,3596.0,trailing,42,-14.34892966946094,0.9376083722701001,ok,ok,1.2000000000000002,0.0,False,insufficient_intervals,0,0,,13,11,True
chb08,chb08_13.edf,3596.0,trailing,43,-15.947801768400417,0.832977061926827,ok,ok,1.2000000000000002,0.0,False,insufficient_intervals,0,0,,15,13,True
chb08,chb08_13.edf,3596.0,trailing,44,-19.374268133771103,0.5190966891919759,ok,ok,1.2000000000000002,0.0,True,ok,6,5,0.7618946932700736,10,8,True
chb08,chb08_21.edf,4.0,centered,42,-18.244095809553944,0.8568946371721161,ok,ok,1.8,0.0,False,insufficient_intervals,0,0,,12,10,True
chb08,chb08_21.edf,4.0,centered,43,-23.32386306574666,0.8619201811912605,ok,ok,1.8,0.0,False,insufficient_intervals,0,0,,15,13,True
chb08,chb08_21.edf,4.0,centered,44,-24.63899429720917,0.5817771800451791,ok,ok,1.8,0.0,True,ok,6,5,0.7566157887477064,11,10,True
chb08,chb08_21.edf,1800.0,centered,42,-11.0514618188249,0.9394745874762352,ok,ok,1.7000000000000002,0.0,False,insufficient_intervals,0,0,,13,11,True
chb08,chb08_21.edf,1800.0,centered,43,-13.609305898791547,0.7927189995908239,ok,ok,1.7000000000000002,0.0,False,insufficient_intervals,0,0,,14,12,True
chb08,chb08_21.edf,1800.0,centered,44,-16.27681157897822,0.5848473317658375,ok,ok,1.7000000000000002,0.0,True,ok,6,5,0.7565097053092892,11,10,True
chb08,chb08_21.edf,3592.0,centered,42,-12.31857546549683,0.9455946428090657,ok,ok,1.0,0.0,False,insufficient_intervals,0,0,,13,11,True
chb08,chb08_21.edf,3592.0,centered,43,-9.506576184605896,0.8416245845316441,ok,ok,1.0,0.0,False,insufficient_intervals,0,0,,16,14,True
chb08,chb08_21.edf,3592.0,centered,44,-17.28830033832207,0.5234424491170963,ok,ok,1.0,0.0,True,ok,6,5,0.7609209406661214,10,8,True
chb08,chb08_21.edf,8.0,trailing,42,-16.894786276842613,0.9394745874762352,ok,ok,1.7000000000000002,0.0,False,insufficient_intervals,0,0,,13,11,True
chb08,chb08_21.edf,8.0,trailing,43,-20.1580535879185,0.791894098968946,ok,ok,1.7000000000000002,0.0,False,insufficient_intervals,0,0,,14,12,True
chb08,chb08_21.edf,8.0,trailing,44,-21.970973999382913,0.642336692150368,ok,ok,1.7000000000000002,0.0,True,ok,6,5,0.75530224525198,12,11,True
chb08,chb08_21.edf,1804.0,trailing,42,-14.720218217768867,0.9605984988978551,ok,ok,1.7000000000000002,0.0,False,insufficient_intervals,0,0,,14,12,True
chb08,chb08_21.edf,1804.0,trailing,43,-16.15212566996326,0.7927189995908239,ok,ok,1.7000000000000002,0.0,False,insufficient_intervals,0,0,,14,12,True
chb08,chb08_21.edf,1804.0,trailing,44,-19.732051752553296,0.5214525148879743,ok,ok,1.7000000000000002,0.0,True,ok,6,5,0.7601303401649327,10,8,True
chb08,chb08_21.edf,3596.0,trailing,42,-11.1742891614659,0.9168986518918317,ok,ok,1.0,0.0,False,insufficient_intervals,0,0,,13,11,True
chb08,chb08_21.edf,3596.0,trailing,43,-9.564408301655636,0.7197262997103361,ok,ok,1.0,0.0,False,insufficient_intervals,0,0,,13,11,True
chb08,chb08_21.edf,3596.0,trailing,44,-17.66634184898631,0.5578837028589976,ok,ok,1.0,0.0,True,ok,6,5,0.7609209406661214,11,9,True
